JvmtiExport can_access_local_variables 0
JvmtiExport can_hotswap_or_post_breakpoint 0
JvmtiExport can_post_on_exceptions 0
# 157 ciObject found
instanceKlass ro/amiq/vlogdt/ui/editor/VlogDocumentSetupParticipantCommon
instanceKlass org/eclipse/lsp4j/Diagnostic
instanceKlass ro/amiq/dvt/model/reflection/util/RfSearchUtils
instanceKlass org/eclipse/jface/text/rules/Token
instanceKlass org/eclipse/jface/text/DocumentPartitioningChangedEvent
instanceKlass org/eclipse/jface/text/TextUtilities
instanceKlass org/eclipse/jface/text/rules/IToken
instanceKlass org/eclipse/jface/text/rules/RuleBasedScanner
instanceKlass org/eclipse/jface/text/rules/ICharacterScanner
instanceKlass org/osgi/service/log/LogListener
instanceKlass java/util/EventListener
instanceKlass org/eclipse/equinox/log/LogFilter
instanceKlass org/eclipse/core/runtime/ILog
instanceKlass org/eclipse/core/runtime/IAdapterManager
instanceKlass org/eclipse/core/internal/runtime/InternalPlatform
instanceKlass org/eclipse/jface/text/rules/FastPartitioner
instanceKlass org/eclipse/jface/text/IDocumentPartitionerExtension3
instanceKlass org/eclipse/jface/text/IDocumentPartitionerExtension2
instanceKlass org/eclipse/jface/text/IDocumentPartitionerExtension
instanceKlass org/eclipse/jface/text/IDocumentPartitioner
instanceKlass org/eclipse/jface/text/rules/IPartitionTokenScanner
instanceKlass org/eclipse/jface/text/rules/ITokenScanner
instanceKlass ro/amiq/vhdldt/ui/editor/VhdlDocumentSetupParticipantCommon
instanceKlass ro/amiq/dvt/ui/editor/IDVTDocumentSetupParticipant
instanceKlass org/eclipse/core/filebuffers/IDocumentSetupParticipant
instanceKlass org/eclipse/core/internal/filebuffers/ResourceTextFileBuffer
instanceKlass org/eclipse/core/filebuffers/ITextFileBuffer
instanceKlass org/eclipse/core/filebuffers/IFileBuffer
instanceKlass org/eclipse/jface/text/d
instanceKlass org/eclipse/jface/text/DefaultPositionUpdater
instanceKlass org/eclipse/jface/text/AbstractLineTracker$DelimiterInfo
instanceKlass org/eclipse/jface/text/e
instanceKlass org/eclipse/jface/text/AbstractLineTracker
instanceKlass org/eclipse/jface/text/ILineTrackerExtension
instanceKlass org/eclipse/jface/text/CopyOnWriteTextStore$a
instanceKlass org/eclipse/jface/text/GapTextStore
instanceKlass org/eclipse/jface/text/CopyOnWriteTextStore
instanceKlass org/eclipse/jface/text/ILineTracker
instanceKlass org/eclipse/jface/text/ITextStore
instanceKlass org/eclipse/jface/text/ITypedRegion
instanceKlass org/eclipse/core/runtime/ISafeRunnable
instanceKlass org/eclipse/jface/text/IPositionUpdater
instanceKlass org/eclipse/jface/text/AbstractDocument
instanceKlass org/eclipse/jface/text/IRepairableDocumentExtension
instanceKlass org/eclipse/jface/text/IRepairableDocument
instanceKlass org/eclipse/jface/text/IDocumentExtension4
instanceKlass org/eclipse/jface/text/IDocumentExtension3
instanceKlass org/eclipse/jface/text/IDocumentExtension2
instanceKlass org/eclipse/jface/text/IDocumentExtension
instanceKlass org/eclipse/jface/text/ISynchronizable
instanceKlass ro/amiq/dvt/utils/TextFileBufferInfo
instanceKlass org/eclipse/core/filebuffers/LocationKind
instanceKlass org/eclipse/core/internal/filebuffers/TextFileBufferManager
instanceKlass org/eclipse/core/filebuffers/ITextFileBufferManager
instanceKlass org/eclipse/core/filebuffers/FileBuffers
instanceKlass ro/amiq/dvt/ui/search/DocumentManager
instanceKlass ro/amiq/dvt/ui/guifilters/GUIFilterPatternCache
instanceKlass ro/amiq/dvt/ls/build/DVTProblemFilterMatcher$$Lambda$338
instanceKlass ro/amiq/dvt/ui/guifilters/DVTGUIFilterMatcher$$Lambda$337
instanceKlass ro/amiq/dvt/ui/guifilters/DVTGUIFilterMatcher$ITextProvider
instanceKlass ro/amiq/dvt/ui/guifilters/DVTGUIFilterMatcher$$Lambda$336
instanceKlass ro/amiq/dvt/ui/guifilters/DVTGUIFilterMatcher$ITypeProvider
instanceKlass ro/amiq/dvt/ui/guifilters/DVTGUIFilterMatcher
instanceKlass ro/amiq/vhdldt/utils/VhdlCompiledFilesContributorCommon$$Lambda$335
instanceKlass ro/amiq/vhdldt/utils/VhdlCompiledFilesContributorCommon$$Lambda$334
instanceKlass ro/amiq/vhdldt/model/reflection/RfProject$$Lambda$333
instanceKlass ro/amiq/vhdldt/model/reflection/RfProject$$Lambda$332
instanceKlass ro/amiq/vhdldt/utils/VhdlCompiledFilesContributorCommon
instanceKlass ro/amiq/dvt/ui/views/IDVTViewContributor
instanceKlass ro/amiq/dvt/ls/build/FileDecorationsManager$$Lambda$331
instanceKlass java/util/concurrent/ForkJoinPool$DefaultForkJoinWorkerThreadFactory$1
instanceKlass org/eclipse/lsp4j/Position
instanceKlass ro/amiq/dvt/ui/views/DVTViewManager$$Lambda$330
instanceKlass ro/amiq/dvt/ui/views/DVTViewManager$$Lambda$329
instanceKlass ro/amiq/dvt/ui/views/DVTViewManager$$Lambda$328
instanceKlass ro/amiq/dvt/ls/build/DiagnosticsUpdateInfo
instanceKlass ro/amiq/dvt/ui/guifilters/DVTGUIFiltersTopFilePatternExpander
instanceKlass ro/amiq/dvt/utils/GCCUtils
instanceKlass ro/amiq/dvt/ui/guifilters/ElementTextSet
instanceKlass ro/amiq/dvt/ui/guifilters/ElementType
instanceKlass ro/amiq/dvt/ui/guifilters/ElementTypeSet
instanceKlass ro/amiq/dvt/ui/guifilters/PathSet
instanceKlass ro/amiq/dvt/ui/guifilters/GUIFilter
instanceKlass ro/amiq/dvt/ui/guifilters/ViewSet
instanceKlass ro/amiq/dvt/ui/guifilters/DVTPredefinedGUIFilters
instanceKlass java/util/stream/ReduceOps$5ReducingSink
instanceKlass java/util/stream/IntPipeline$$Lambda$327
instanceKlass ro/amiq/dvt/builders/DVTBuildConsole$$Lambda$326
instanceKlass ro/amiq/dvt/utils/CompositeComparator
instanceKlass ro/amiq/dvt/model/problems/DVTProblemComparator$$Lambda$325
instanceKlass ro/amiq/dvt/model/problems/DVTProblemComparator
instanceKlass ro/amiq/dvt/model/problems/DVTProblemMatcher
instanceKlass ro/amiq/dvt/ui/UtilsCommon
instanceKlass ro/amiq/dvt/r2lparser/strategies/DVTR2LCache$$Lambda$324
instanceKlass ro/amiq/dvt/r2lparser/strategies/DVTR2LCache
instanceKlass ro/amiq/dvt/model/reflection/util/DesignUtils$4
instanceKlass ro/amiq/vlogdt/model/reflection/RfInstanceHolder$SignalReadWriteVisitor$$Lambda$323
instanceKlass ro/amiq/vlogdt/model/reflection/RfInstanceHolder$SignalReadWriteVisitor$$Lambda$322
instanceKlass ro/amiq/vlogdt/model/reflection/RfInstanceHolder$SignalReadWriteVisitor$$Lambda$321
instanceKlass ro/amiq/vlogdt/model/reflection/RfInstanceHolder$SignalReadVisitor$$Lambda$320
instanceKlass ro/amiq/vlogdt/model/reflection/RfInstanceHolder$SignalReadVisitor
instanceKlass ro/amiq/vlogdt/model/reflection/RfInstanceHolder$UnusedCheck
instanceKlass ro/amiq/vlogdt/model/reflection/RfInstanceHolder$SignalReadWriteVisitor
instanceKlass ro/amiq/dvt/ui/search/SearchHit
instanceKlass ro/amiq/dvt/ui/refactor/rename/DVTRenameRefactorInfo
instanceKlass ro/amiq/dvt/ui/search/LineElement
instanceKlass ro/amiq/dvt/ui/search/text/ILineElement
instanceKlass ro/amiq/vlogdt/model/reflection/SearchDependencyContainer
instanceKlass ro/amiq/dvt/model/reflection/RfElementFilterAndList
instanceKlass ro/amiq/vlogdt/r2lparser/R2LFilters$2
instanceKlass ro/amiq/vlogdt/r2lparser/R2LFilters$1
instanceKlass java/lang/invoke/LambdaForm$MH
instanceKlass java/lang/invoke/LambdaForm$DMH
instanceKlass java/lang/invoke/LambdaForm$DMH
instanceKlass ro/amiq/vlogdt/r2lparser/R2LFilters$$Lambda$319
instanceKlass java/lang/invoke/LambdaForm$DMH
instanceKlass ro/amiq/vlogdt/r2lparser/R2LFilters$3
instanceKlass java/lang/invoke/LambdaForm$MH
instanceKlass ro/amiq/vlogdt/r2lparser/R2LFilters$$Lambda$318
instanceKlass java/lang/invoke/LambdaForm$DMH
instanceKlass ro/amiq/vlogdt/r2lparser/R2LFilters
instanceKlass ro/amiq/vlogdt/model/reflection/RfProject$23
instanceKlass ro/amiq/dvt/model/reflection/views/DVTQuickViewersUtil
instanceKlass ro/amiq/dvt/ui/problems/DVTProblemsUiUpdater
instanceKlass ro/amiq/dvt/ui/problems/DVTProblemsUiUpdaterRegistry
instanceKlass ro/amiq/dvt/ui/namechecker/Convention
instanceKlass com/sun/org/apache/xerces/internal/dom/ParentNode$UserDataRecord
instanceKlass com/sun/org/apache/xerces/internal/impl/dtd/XMLContentSpec
instanceKlass com/sun/org/apache/xerces/internal/impl/dtd/models/ContentModelValidator
instanceKlass com/sun/org/apache/xerces/internal/impl/dtd/DTDGrammar
instanceKlass com/sun/org/apache/xerces/internal/xni/grammars/Grammar
instanceKlass com/sun/org/apache/xerces/internal/impl/validation/EntityState
instanceKlass com/sun/org/apache/xerces/internal/parsers/AbstractSAXParser$LocatorProxy
instanceKlass com/sun/org/apache/xerces/internal/util/ErrorHandlerWrapper
instanceKlass com/sun/org/apache/xerces/internal/xni/parser/XMLErrorHandler
instanceKlass com/sun/org/apache/xerces/internal/impl/ExternalSubsetResolver
instanceKlass com/sun/org/apache/xerces/internal/util/EntityResolverWrapper
instanceKlass org/xml/sax/ext/EntityResolver2
instanceKlass com/sun/org/apache/xerces/internal/parsers/AbstractSAXParser$AttributesProxy
instanceKlass org/xml/sax/ext/Attributes2
instanceKlass org/xml/sax/AttributeList
instanceKlass org/xml/sax/Parser
instanceKlass javax/xml/parsers/SAXParser
instanceKlass com/sun/org/apache/xerces/internal/xs/PSVIProvider
instanceKlass org/xml/sax/helpers/DefaultHandler
instanceKlass org/xml/sax/EntityResolver
instanceKlass ro/amiq/dvt/utils/PositionalXMLReader
instanceKlass ro/amiq/dvt/ui/namechecker/ConventionReaderWriter
instanceKlass ro/amiq/dvt/ui/namechecker/ConventionStoreUtil
instanceKlass ro/amiq/dvt/test/ObjectionManager
instanceKlass ro/amiq/vhdldt/ui/preferences/PrefConst
instanceKlass ro/amiq/dvt/model/persistence/PersistenceBase$1
instanceKlass ro/amiq/dvt/model/persistence/PersistenceBase$3
instanceKlass ro/amiq/vhdldt/ui/namechecker/NameCheckerWarningsManagerCommon
instanceKlass ro/amiq/dvt/utils/benchmark/Counter
instanceKlass ro/amiq/dvt/model/reflection/semantic/extension/HidVisitor
instanceKlass ro/amiq/vhdldt/model/reflection/RfProject$2
instanceKlass ro/amiq/dvt/diagrams/netlist/DMemoryAccessor
instanceKlass ro/amiq/dvt/model/reflection/util/DesignUtils$5
instanceKlass ro/amiq/dvt/ui/trace/connections/model/TCConnSignal
instanceKlass ro/amiq/dvt/ui/trace/connections/model/TCStatement
instanceKlass ro/amiq/dvt/model/reflection/GoToInfo$GoToInfoSupplier
instanceKlass ro/amiq/dvt/model/reflection/GoToInfo
instanceKlass ro/amiq/dvt/model/reflection/util/PortConnectionOperatorVisitor
instanceKlass ro/amiq/vhdldt/model/reflection/RfArchitecture$SignalReadVisitor$$Lambda$317
instanceKlass ro/amiq/vhdldt/model/reflection/RfArchitecture$SignalReadVisitor
instanceKlass ro/amiq/vhdldt/model/reflection/RfArchitecture$UnusedCheck
instanceKlass ro/amiq/vhdldt/model/reflection/RfArchitecture$SignalReadWriteVisitor
instanceKlass ro/amiq/vhdldt/model/reflection/RfProject$6
instanceKlass ro/amiq/vlogdt/model/problems/Bridge
instanceKlass ro/amiq/dvt/elaboration/core/ELGraph$Edge
instanceKlass ro/amiq/dvt/elaboration/core/ELGraph$$Lambda$316
instanceKlass ro/amiq/dvt/utils/DVTStringBuilder
instanceKlass ro/amiq/dvt/elaboration/core/ELResolver$$Lambda$315
instanceKlass ro/amiq/dvt/elaboration/core/ELResolver$$Lambda$314
instanceKlass ro/amiq/dvt/elaboration/core/ELGraph
instanceKlass java/lang/invoke/LambdaForm$MH
instanceKlass java/lang/invoke/LambdaForm$MH
instanceKlass java/lang/invoke/LambdaForm$DMH
instanceKlass java/lang/invoke/LambdaForm$DMH
instanceKlass java/lang/invoke/LambdaForm$DMH
instanceKlass ro/amiq/vlogdt/model/reflection/RfProject$$Lambda$313
instanceKlass ro/amiq/vlogdt/model/reflection/RfProject$$Lambda$312
instanceKlass java/lang/invoke/LambdaForm$DMH
instanceKlass java/lang/invoke/LambdaForm$DMH
instanceKlass ro/amiq/vlogdt/model/reflection/RfProject$LibraryWorker$$Lambda$311
instanceKlass java/lang/invoke/LambdaForm$DMH
instanceKlass ro/amiq/dvt/elaboration/core/ELManager$$Lambda$310
instanceKlass ro/amiq/dvt/elaboration/core/ELManager$3
instanceKlass ro/amiq/vlogdt/model/reflection/semantic/extension2/SMethodCallInfo
instanceKlass ro/amiq/vlogdt/model/reflection/DataType$$Lambda$309
instanceKlass ro/amiq/dvt/utils/BitVectorContext$$Lambda$308
instanceKlass ro/amiq/dvt/model/reflection/IRfVHBreadcrumbElement
instanceKlass ro/amiq/vlogdt/model/reflection/xvm/RfXvmBase
instanceKlass ro/amiq/vlogdt/model/reflection/xvm/RfXvmFactory
instanceKlass ro/amiq/vlogdt/model/reflection/DataType$$Lambda$307
instanceKlass ro/amiq/vlogdt/model/reflection/semantic/extension2/STransformer$$Lambda$306
instanceKlass ro/amiq/vlogdt/model/reflection/semantic/extension2/SEvaluator$VlogSemanticOperatorVisitor$$Lambda$305
instanceKlass ro/amiq/dvt/elaboration/core/ELManager$$Lambda$304
instanceKlass ro/amiq/vlogdt/model/reflection/RfProject$SemanticErrorsTable$ErrorsAndWarnings$$Lambda$303
instanceKlass ro/amiq/vlogdt/model/reflection/RfProject$SemanticErrorsTable$ErrorsAndWarnings
instanceKlass ro/amiq/dvt/model/reflection/util/DesignUtils$$Lambda$302
instanceKlass ro/amiq/dvt/model/reflection/util/DesignUtils$$Lambda$301
instanceKlass ro/amiq/vlogdt/model/reflection/RfActionBlock$2
instanceKlass ro/amiq/vlogdt/model/reflection/RfActionBlock$$Lambda$300
instanceKlass ro/amiq/vlogdt/model/reflection/RfActionBlock$$Lambda$299
instanceKlass ro/amiq/vlogdt/model/reflection/semantic/extension/FormatStringInfo
instanceKlass ro/amiq/vlogdt/model/reflection/semantic/extension/FormatSpecifierInfo
instanceKlass org/eclipse/jface/text/Region
instanceKlass ro/amiq/vlogdt/ui/search/new_engine/IReferenceHidOperatorVisitor
instanceKlass ro/amiq/dvt/model/reflection/RTLChecksUtil
instanceKlass ro/amiq/vlogdt/model/reflection/semantic/extension/FormatSpecifiersUtils
instanceKlass ro/amiq/vlogdt/model/reflection/RfActionBlock$BlockingNonBlockingBaseVisitor
instanceKlass ro/amiq/dvt/elaboration/core/ELManager$$Lambda$298
instanceKlass ro/amiq/dvt/elaboration/core/ELManager$$Lambda$297
instanceKlass ro/amiq/vhdldt/model/reflection/RfProject$SemanticErrorsTable$LastProblemEntry
instanceKlass ro/amiq/vhdldt/model/reflection/ConstraintErrorInfo
instanceKlass ro/amiq/vhdldt/model/reflection/RfAssociatedType$$Lambda$296
instanceKlass ro/amiq/dvt/interpreter/XThread
instanceKlass java/lang/invoke/LambdaForm$MH
instanceKlass java/lang/invoke/LambdaForm$DMH
instanceKlass java/lang/invoke/LambdaForm$DMH
instanceKlass ro/amiq/dvt/elaboration/core/ELManager$$Lambda$295
instanceKlass java/lang/invoke/LambdaForm$DMH
instanceKlass ro/amiq/dvt/interpreter/XSelectProxy
instanceKlass ro/amiq/dvt/interpreter/XComputedSelect
instanceKlass ro/amiq/dvt/model/reflection/IRfNamedElement$ITypeNameCache
instanceKlass ro/amiq/dvt/interpreter/sim/IXSimEvent
instanceKlass ro/amiq/dvt/interpreter/XValueHolderFactory
instanceKlass ro/amiq/dvt/model/reflection/semantic/extension/HidEvalConverter$HidEvalElementConverter$$Lambda$294
instanceKlass ro/amiq/dvt/model/reflection/semantic/extension/HidEvalConverter$ActionBlockHeader
instanceKlass ro/amiq/dvt/model/reflection/semantic/extension/HidEvalConverter$HidEvalElementConverter$$Lambda$293
instanceKlass ro/amiq/dvt/model/reflection/semantic/extension/HidEvalConverter$HidEvalHidObjectFilterVisitor
instanceKlass ro/amiq/dvt/model/reflection/semantic/extension/HidEvalConverter$HidEvalElementConverter
instanceKlass ro/amiq/dvt/elaboration/core/ELManager$$Lambda$292
instanceKlass ro/amiq/dvt/elaboration/core/ELManager$MethodWithArguments
instanceKlass ro/amiq/dvt/model/reflection/semantic/extension/HidEvalCenter$MethodCallStatement$ArgumentInfo
instanceKlass ro/amiq/dvt/interpreter/XArrayValueHolder$$Lambda$291
instanceKlass ro/amiq/dvt/interpreter/IXInternalForeachLoopAction
instanceKlass ro/amiq/dvt/interpreter/IXArrayValues
instanceKlass ro/amiq/dvt/model/reflection/semantic/extension/HidEvalCenter$IHotSwapElement
instanceKlass ro/amiq/dvt/model/reflection/util/MethodCall
instanceKlass ro/amiq/vhdldt/model/reflection/RfBlock$$Lambda$290
instanceKlass ro/amiq/dvt/elaboration/core/ELResolver$$Lambda$289
instanceKlass ro/amiq/dvt/elaboration/core/ELVHDLCore
instanceKlass ro/amiq/vhdldt/model/reflection/semantic/extension2/SAggregateOperation$AssociationsAggregateTransformer
instanceKlass ro/amiq/vlogdt/model/reflection/semantic/extension2/SEvaluator$VlogSemanticOperatorVisitor$$Lambda$288
instanceKlass java/util/IdentityHashMap$IdentityHashMapIterator
instanceKlass ro/amiq/vlogdt/model/reflection/semantic/extension2/SOperation$PortConnection$$Lambda$287
instanceKlass ro/amiq/dvt/ui/views/designhierarchy/IDHNodeFactory
instanceKlass ro/amiq/dvt/ui/trace/connections/utils/TCUtils
instanceKlass ro/amiq/dvt/model/reflection/util/DesignUtils$DesignRequest
instanceKlass ro/amiq/vlogdt/model/reflection/semantic/extension2/STransformer$3
instanceKlass java/lang/invoke/LambdaForm$MH
instanceKlass java/lang/invoke/LambdaForm$DMH
instanceKlass ro/amiq/vlogdt/model/reflection/RfNamedElement$$Lambda$286
instanceKlass java/lang/invoke/LambdaForm$DMH
instanceKlass java/util/ArrayDeque$$Lambda$285
instanceKlass ro/amiq/vlogdt/model/reflection/RfPackage$$Lambda$284
instanceKlass ro/amiq/dvt/interpreter/XValueHolder
instanceKlass ro/amiq/vlogdt/model/reflection/RfPackage$$Lambda$283
instanceKlass ro/amiq/dvt/model/reflection/util/HidOperatorVisitorWithScopes$$Lambda$282
instanceKlass ro/amiq/vhdldt/model/reflection/semantic/extension2/SEvaluator$VhdlSemanticOperatorVisitor$$Lambda$281
instanceKlass java/util/concurrent/ArrayBlockingQueue$Itrs
instanceKlass java/util/concurrent/ArrayBlockingQueue$Itr
instanceKlass ro/amiq/vlogdt/model/reflection/DataType$$Lambda$280
instanceKlass ro/amiq/vlogdt/model/reflection/RfInstanceHolder$$Lambda$279
instanceKlass ro/amiq/vhdldt/model/reflection/RfScalarType$$Lambda$278
instanceKlass ro/amiq/dvt/utils/XGlobalCache$$Lambda$277
instanceKlass ro/amiq/vlogdt/model/reflection/RfInstance$$Lambda$276
instanceKlass ro/amiq/vlogdt/model/reflection/RfInstance$$Lambda$275
instanceKlass ro/amiq/vhdldt/model/reflection/semantic/extension2/STransformer$$Lambda$274
instanceKlass java/util/LinkedList$LLSpliterator
instanceKlass ro/amiq/dvt/model/reflection/util/DesignUtils$$Lambda$273
instanceKlass ro/amiq/dvt/model/reflection/util/DesignUtils$$Lambda$272
instanceKlass ro/amiq/dvt/model/reflection/util/DesignUtils$$Lambda$271
instanceKlass ro/amiq/dvt/model/reflection/util/AssociationUtils$$Lambda$270
instanceKlass ro/amiq/vhdldt/model/reflection/semantic/extension/RfHidUtils
instanceKlass ro/amiq/vhdldt/model/reflection/RfProcess$1
instanceKlass ro/amiq/vhdldt/model/reflection/RfProcess$$Lambda$269
instanceKlass ro/amiq/dvt/ui/trace/connections/model/TCLogic$$Lambda$268
instanceKlass ro/amiq/dvt/ui/trace/connections/model/TCLogic
instanceKlass ro/amiq/dvt/model/reflection/HierarchicalElement
instanceKlass ro/amiq/vhdldt/model/reflection/RfAssociatedType$$Lambda$267
instanceKlass ro/amiq/dvt/utils/DVTUnpackedStruct$$Lambda$266
instanceKlass ro/amiq/vhdldt/model/reflection/RfAssociatedType$$Lambda$265
instanceKlass ro/amiq/dvt/utils/StructMemberContextInfo
instanceKlass java/util/EnumMap$EntryIterator$Entry
instanceKlass ro/amiq/vhdldt/model/reflection/RfAssociatedType$$Lambda$264
instanceKlass ro/amiq/vhdldt/model/reflection/RfAssociatedType$$Lambda$263
instanceKlass ro/amiq/vhdldt/model/reflection/RfScalarType$$Lambda$262
instanceKlass ro/amiq/dvt/utils/DVTHashSet$Enumerator
instanceKlass ro/amiq/dvt/elaboration/model/ELParamValues$ParamValueNumber$ParamKeyValueNumberCompact
instanceKlass ro/amiq/vhdldt/model/reflection/RfAssociatedType$$Lambda$261
instanceKlass java/lang/invoke/LambdaForm$MH
instanceKlass ro/amiq/vhdldt/model/reflection/RfBlock$$Lambda$260
instanceKlass java/lang/invoke/LambdaForm$DMH
instanceKlass ro/amiq/vhdldt/model/reflection/RfAssociatedType$$Lambda$259
instanceKlass ro/amiq/vhdldt/model/reflection/RfAssociatedType$$Lambda$258
instanceKlass ro/amiq/vhdldt/model/reflection/RfAssociatedType$$Lambda$257
instanceKlass ro/amiq/vhdldt/model/reflection/RfScalarType$$Lambda$256
instanceKlass java/lang/StrictMath
instanceKlass ro/amiq/vhdldt/model/reflection/IRfNamedElementVisitor2
instanceKlass ro/amiq/vhdldt/model/reflection/RfNamedElement$$Lambda$255
instanceKlass ro/amiq/vlogdt/model/reflection/semantic/extension/RfHidHolder$HidContextInfo
instanceKlass ro/amiq/dvt/interpreter/XUtils
instanceKlass ro/amiq/dvt/elaboration/model/ELParamValueScope
instanceKlass ro/amiq/dvt/elaboration/model/IELParamValue$UndefinedXValue
instanceKlass ro/amiq/dvt/interpreter/IXIterator
instanceKlass ro/amiq/dvt/elaboration/model/ELParamValues$ParamValueNumber
instanceKlass ro/amiq/vlogdt/model/reflection/DataType$$Lambda$254
instanceKlass ro/amiq/dvt/utils/BitVectorContext
instanceKlass ro/amiq/vlogdt/model/reflection/semantic/extension2/SEvaluator$VlogSemanticOperatorVisitor$$Lambda$253
instanceKlass ro/amiq/vlogdt/model/reflection/semantic/extension2/STransformer$2
instanceKlass ro/amiq/dvt/elaboration/core/ELResolver$$Lambda$252
instanceKlass ro/amiq/dvt/elaboration/core/ELResolver$$Lambda$251
instanceKlass ro/amiq/dvt/model/reflection/BindingRuleWrapper
instanceKlass ro/amiq/dvt/elaboration/core/ELCore
instanceKlass ro/amiq/dvt/model/reflection/IRfPredefinedGate
instanceKlass ro/amiq/dvt/elaboration/core/ELResolver$$Lambda$250
instanceKlass ro/amiq/dvt/elaboration/core/IELBindingFinder
instanceKlass java/lang/invoke/LambdaForm$DMH
instanceKlass ro/amiq/dvt/elaboration/core/ELVLOGCore
instanceKlass ro/amiq/vlogdt/model/reflection/ParameterValueEvaluator
instanceKlass ro/amiq/dvt/elaboration/model/IELDescription$$Lambda$249
instanceKlass ro/amiq/dvt/elaboration/model/IELDesign$$Lambda$248
instanceKlass ro/amiq/dvt/elaboration/core/ELSpecializationWrapper
instanceKlass ro/amiq/dvt/model/reflection/ArrayOfInstancesBlockElement
instanceKlass ro/amiq/vlogdt/model/reflection/RfNamedElement$$Lambda$247
instanceKlass java/lang/invoke/LambdaForm$MH
instanceKlass java/lang/invoke/LambdaForm$DMH
instanceKlass ro/amiq/vlogdt/model/reflection/semantic/extension2/STransformer$$Lambda$246
instanceKlass java/lang/invoke/LambdaForm$DMH
instanceKlass ro/amiq/vlogdt/model/reflection/semantic/extension2/SContext$$Lambda$245
instanceKlass ro/amiq/vlogdt/model/reflection/semantic/extension2/SContext
instanceKlass ro/amiq/vlogdt/model/reflection/semantic/extension2/SEvaluator$VlogSemanticOperatorVisitor$$Lambda$244
instanceKlass ro/amiq/vlogdt/model/reflection/semantic/extension2/SEvaluator$VlogSemanticOperatorVisitor$PartialOperator
instanceKlass ro/amiq/vlogdt/model/reflection/semantic/extension2/SOperation
instanceKlass ro/amiq/dvt/model/reflection/util/HidOperatorVisitorWithPaths$$Lambda$243
instanceKlass ro/amiq/dvt/model/reflection/semantic/extension/HidEvaluationGuardianCacheImpl
instanceKlass ro/amiq/dvt/elaboration/model/ELInstanceInContext
instanceKlass ro/amiq/dvt/elaboration/model/IELGraphVertex
instanceKlass ro/amiq/dvt/elaboration/core/ELContext
instanceKlass ro/amiq/dvt/elaboration/core/ELSpecialization
instanceKlass ro/amiq/dvt/elaboration/core/ELInstance
instanceKlass ro/amiq/dvt/elaboration/model/ELLiblist
instanceKlass ro/amiq/dvt/model/reflection/DVTPackageConfiguration
instanceKlass ro/amiq/dvt/model/reflection/DVTImplicitConfiguration
instanceKlass ro/amiq/dvt/model/reflection/semantic/extension/IHidEvaluationGuardian
instanceKlass ro/amiq/dvt/elaboration/ELUtils
instanceKlass ro/amiq/dvt/elaboration/core/ELLogger
instanceKlass ro/amiq/dvt/elaboration/core/ELManagerState
instanceKlass ro/amiq/dvt/model/reflection/RootDesignElement
instanceKlass ro/amiq/dvt/elaboration/model/ELMemoryStandard
instanceKlass ro/amiq/dvt/elaboration/model/IELMemory
instanceKlass ro/amiq/dvt/elaboration/core/ELManager
instanceKlass ro/amiq/dvt/elaboration/core/ELManagerConfiguration
instanceKlass ro/amiq/dvt/model/floatingwidgets/IFNotificationDirtyReason
instanceKlass ro/amiq/dvt/ui/reportissue/DVTThreadDumpCollector$$Lambda$242
instanceKlass java/lang/StackTraceElement$HashedModules
instanceKlass ro/amiq/dvt/ui/reportissue/DVTThreadDumpCollector$RunnableThreadDumpGenerator
instanceKlass ro/amiq/dvt/ui/reportissue/ThreadDumpCollectorConstantsCommon
instanceKlass ro/amiq/dvt/ui/reportissue/DVTThreadDumpCollector$SettingsBuilder
instanceKlass ro/amiq/dvt/ui/reportissue/DVTThreadDumpCollector$$Lambda$241
instanceKlass java/util/concurrent/Executors$DelegatedExecutorService
instanceKlass ro/amiq/vhdldt/model/reflection/RfActionBlock$1
instanceKlass sun/nio/cs/StringUTF16
instanceKlass ro/amiq/dvt/model/reflection/semantic/extension/HidOperator$$Lambda$240
instanceKlass ro/amiq/dvt/model/reflection/semantic/extension/HidUtils$$Lambda$239
instanceKlass ro/amiq/dvt/model/reflection/semantic/extension2/OperatorInfo
instanceKlass ro/amiq/dvt/elaboration/model/ELParamValuesHidEvaluator
instanceKlass ro/amiq/dvt/elaboration/model/ELWidthCheckContext
instanceKlass ro/amiq/dvt/elaboration/model/IELParamKeyValueCompact
instanceKlass ro/amiq/dvt/elaboration/model/ELParamValues
instanceKlass ro/amiq/dvt/elaboration/model/IELGraphVertexValues
instanceKlass ro/amiq/dvt/model/reflection/semantic/extension/HidUtils$$Lambda$238
instanceKlass java/util/ArrayList$SubList$1
instanceKlass ro/amiq/vhdldt/model/reflection/RfPackageBody$$Lambda$237
instanceKlass ro/amiq/dvt/model/reflection/semantic/extension/HidOperatorVisitor
instanceKlass ro/amiq/dvt/model/reflection/DummyInstance
instanceKlass ro/amiq/dvt/model/reflection/DummyDesignElement
instanceKlass ro/amiq/dvt/model/reflection/ErrorDesignElement
instanceKlass ro/amiq/dvt/elaboration/ELConstants
instanceKlass ro/amiq/vhdldt/model/reflection/semantic/extension2/SEvaluator$VhdlSemanticOperatorVisitor$FuzzyFunction
instanceKlass ro/amiq/dvt/model/reflection/semantic/extension2/SDataUtils
instanceKlass ro/amiq/vhdldt/model/reflection/semantic/extension2/SAttributeOperation$$Lambda$236
instanceKlass ro/amiq/vhdldt/model/reflection/semantic/extension2/SContext
instanceKlass ro/amiq/vhdldt/model/reflection/semantic/extension2/SOperation
instanceKlass ro/amiq/dvt/model/reflection/semantic/extension2/SemanticOperatorVisitor
instanceKlass ro/amiq/vhdldt/model/reflection/semantic/extension2/STransformer$1
instanceKlass ro/amiq/dvt/utils/DVTJobsUtils
instanceKlass ro/amiq/vhdldt/model/reflection/RfLibrary$SemanticWorker
instanceKlass ro/amiq/dvt/model/problems/DVTProblem$5
instanceKlass ro/amiq/dvt/model/problems/DVTProblem$4
instanceKlass ro/amiq/dvt/model/problems/DVTProblem$3
instanceKlass ro/amiq/dvt/model/problems/DVTProblem$2
instanceKlass ro/amiq/dvt/model/problems/DVTProblem$1
instanceKlass ro/amiq/dvt/model/problems/DVTProblem
instanceKlass ro/amiq/vhdldt/model/problems/Bridge
instanceKlass ro/amiq/vlogdt/main/VlogBatchCompiler$$Lambda$235
instanceKlass ro/amiq/vlogdt/parser/TokenTextWrapper
instanceKlass ro/amiq/vlogdt/parser/VlogParser$40
instanceKlass ro/amiq/vlogdt/parser/VlogParser$93
instanceKlass ro/amiq/vlogdt/parser/VlogParser$59
instanceKlass ro/amiq/vlogdt/parser/VlogParser$56
instanceKlass ro/amiq/vlogdt/parser/VlogParser$58
instanceKlass ro/amiq/vlogdt/parser/VlogParser$2
instanceKlass ro/amiq/vlogdt/parser/VlogParser$61
instanceKlass ro/amiq/vlogdt/parser/VlogParser$52
instanceKlass ro/amiq/vlogdt/parser/MacroCallInfo
instanceKlass ro/amiq/vlogdt/parser/VlogParser$53
instanceKlass ro/amiq/vlogdt/parser/MacroCallListener
instanceKlass ro/amiq/vlogdt/parser/ReparseInfo
instanceKlass ro/amiq/vlogdt/parser/CodePreprocFileInfo
instanceKlass ro/amiq/vlogdt/parser/VlogParser$79
instanceKlass ro/amiq/vlogdt/parser/VlogParser$16
instanceKlass ro/amiq/vlogdt/parser/VlogParser$72
instanceKlass java/util/concurrent/ConcurrentLinkedDeque$Node
instanceKlass ro/amiq/dvt/interpreter/DVTRunLaunchCache
instanceKlass ro/amiq/vlogdt/parser/VlogParser$19
instanceKlass ro/amiq/vlogdt/parser/VlogParser$71
instanceKlass ro/amiq/vlogdt/parser/VlogParser$69
instanceKlass ro/amiq/vlogdt/parser/VlogParser$45
instanceKlass ro/amiq/vlogdt/parser/VlogParser$46
instanceKlass ro/amiq/vlogdt/parser/VlogParser$4
instanceKlass ro/amiq/dvt/optimized/collections/fast/LinkedHSet
instanceKlass ro/amiq/dvt/csp/solver/Model
instanceKlass ro/amiq/dvt/model/reflection/semantic/extension/HidObjectWrapper
instanceKlass ro/amiq/dvt/model/reflection/semantic/extension/HidUtils$2
instanceKlass ro/amiq/vlogdt/parser/VlogParser$50
instanceKlass ro/amiq/vlogdt/parser/VlogParser$$Lambda$234
instanceKlass ro/amiq/vlogdt/parser/VlogParser$$Lambda$233
instanceKlass ro/amiq/vlogdt/parser/VlogParser$83
instanceKlass ro/amiq/vlogdt/parser/VlogParser$42
instanceKlass ro/amiq/vlogdt/parser/VlogParser$30
instanceKlass ro/amiq/vlogdt/parser/VlogParser$HierarchicalMethodCallReturnInfo
instanceKlass ro/amiq/vlogdt/parser/VlogParser$74
instanceKlass ro/amiq/vlogdt/parser/VlogParser$73
instanceKlass ro/amiq/vlogdt/parser/VlogParser$70
instanceKlass ro/amiq/vlogdt/parser/VlogParser$StatementReturnInfo
instanceKlass ro/amiq/vlogdt/model/reflection/RfNamedElement$NamedElementWithImportInfo
instanceKlass java/lang/invoke/LambdaForm$MH
instanceKlass java/lang/invoke/LambdaForm$DMH
instanceKlass java/lang/invoke/LambdaForm$DMH
instanceKlass ro/amiq/vlogdt/model/reflection/RfNamedElement$$Lambda$232
instanceKlass java/lang/invoke/LambdaForm$DMH
instanceKlass ro/amiq/vlogdt/parser/VlogParser$24
instanceKlass ro/amiq/vlogdt/parser/VlogParser$43
instanceKlass ro/amiq/vlogdt/parser/VlogParser$64
instanceKlass ro/amiq/vlogdt/model/reflection/DataTypeDimensions
instanceKlass ro/amiq/vlogdt/parser/VlogParser$48
instanceKlass ro/amiq/vlogdt/parser/VlogParser$36
instanceKlass ro/amiq/dvt/model/reflection/semantic/extension/HidUtils$$Lambda$231
instanceKlass ro/amiq/vlogdt/model/reflection/RfInstance$1
instanceKlass ro/amiq/vlogdt/parser/VlogParser$94
instanceKlass ro/amiq/vlogdt/parser/VlogParser$85
instanceKlass ro/amiq/vlogdt/parser/VlogParser$29
instanceKlass ro/amiq/vlogdt/parser/VlogParser$89
instanceKlass ro/amiq/vlogdt/parser/VlogParser$90
instanceKlass ro/amiq/vlogdt/parser/VlogParser$91
instanceKlass ro/amiq/vlogdt/parser/VlogParser$92
instanceKlass ro/amiq/vlogdt/parser/VlogParser$76
instanceKlass ro/amiq/vlogdt/parser/VlogParser$21
instanceKlass ro/amiq/vlogdt/parser/VlogParser$1
instanceKlass ro/amiq/vlogdt/parser/VlogParser$FunctionCallReturnInfo
instanceKlass ro/amiq/vlogdt/model/reflection/DefNamedElementPair
instanceKlass ro/amiq/vlogdt/model/reflection/WrapperInfo
instanceKlass ro/amiq/vlogdt/parser/VlogParser$6
instanceKlass ro/amiq/vlogdt/parser/VlogParser$ExpressionReturnInfo
instanceKlass ro/amiq/vlogdt/parser/VlogParser$86
instanceKlass ro/amiq/vlogdt/parser/VlogParser$87
instanceKlass ro/amiq/vlogdt/parser/VlogParser$88
instanceKlass ro/amiq/vlogdt/parser/VlogParser$20
instanceKlass ro/amiq/vlogdt/parser/VlogLoadedInfo
instanceKlass ro/amiq/vlogdt/parser/VlogParserTokenTypes
instanceKlass ro/amiq/vlogdt/parser/RfMacroRefInfo
instanceKlass ro/amiq/vlogdt/parser/VlogMacroText
instanceKlass ro/amiq/dvt/model/reflection/IMacroText
instanceKlass ro/amiq/vlogdt/parser/VlogLexer$1
instanceKlass ro/amiq/vlogdt/parser/VlogConcurrentArray
instanceKlass ro/amiq/vlogdt/model/reflection/RfEncryptedCodeAutoManager
instanceKlass ro/amiq/vlogdt/model/reflection/util/EncryptedCodeAutoWrapper
instanceKlass ro/amiq/vlogdt/builders/VlogBuilderUtils$FileCompilationTime
instanceKlass ro/amiq/dvt/utils/DVTPair
instanceKlass ro/amiq/vlogdt/parser/VlogStartedInfo
instanceKlass ro/amiq/vlogdt/model/reflection/util/RfBatchUtils$RfElementCache
instanceKlass ro/amiq/vlogdt/model/reflection/util/RfBatchUtils
instanceKlass ro/amiq/vlogdt/parser/ReparseInfo$ReparseElement
instanceKlass ro/amiq/dvt/model/reflection/IReparseElement
instanceKlass ro/amiq/vlogdt/parser/VlogLexerTokenTypes
instanceKlass ro/amiq/vlogdt/builders/VlogPoolingCancelThread
instanceKlass ro/amiq/vlogdt/builders/VlogBuilderUtils$1
instanceKlass ro/amiq/vlogdt/utils/IncludedTopFilesInformation
instanceKlass ro/amiq/vlogdt/builders/VlogBuilderUtils$LineCountingStringBuilder
instanceKlass ro/amiq/vlogdt/model/reflection/RfNamedElement$ImportsExports
instanceKlass ro/amiq/vlogdt/ui/persistenttask/PersistentTaskManager
instanceKlass ro/amiq/vlogdt/builders/VlogBuilderUtils
instanceKlass ro/amiq/vlogdt/main/VlogBatchCompiler$$Lambda$230
instanceKlass ro/amiq/vlogdt/parser/IParsingInfo
instanceKlass ro/amiq/vlogdt/linter/SingleFileLintingBuilderCommon
instanceKlass ro/amiq/vlogdt/model/reflection/RfProject$18
instanceKlass ro/amiq/vlogdt/model/reflection/IRfNamedElementVisitor2
instanceKlass ro/amiq/vlogdt/model/reflection/RfProject$20
instanceKlass ro/amiq/dvt/model/reflection/IMacroInfo
instanceKlass ro/amiq/vlogdt/parser/CodePreprocLineInfo
instanceKlass ro/amiq/dvt/model/reflection/StringReplace
instanceKlass ro/amiq/vlogdt/parser/VlogUtil
instanceKlass ro/amiq/vlogdt/parser/IParsingListener
instanceKlass ro/amiq/dvt/utils/expr/IExprValueProvider
instanceKlass ro/amiq/vlogdt/parser/VlogSVlog
instanceKlass ro/amiq/vhdldt/model/reflection/RfProject$SemanticErrorsTable$ErrorsAndWarnings$$Lambda$229
instanceKlass ro/amiq/vhdldt/parser/VhdlProblem
instanceKlass ro/amiq/vhdldt/model/reflection/RfProject$SemanticErrorsTable$ErrorsAndWarnings
instanceKlass ro/amiq/dvt/utils/DVTHashSet$Entry
instanceKlass ro/amiq/dvt/utils/DVTHashSet
instanceKlass java/lang/invoke/LambdaForm$MH
instanceKlass java/lang/invoke/LambdaForm$DMH
instanceKlass java/lang/invoke/LambdaForm$DMH
instanceKlass ro/amiq/vhdldt/model/reflection/RfNamedElement$$Lambda$228
instanceKlass ro/amiq/dvt/model/reflection/IMembersProvider
instanceKlass java/lang/invoke/LambdaForm$DMH
instanceKlass ro/amiq/dvt/model/reflection/RfElementPath$Segment
instanceKlass ro/amiq/dvt/model/problems/LibraryPackageScope
instanceKlass com/google/gson/JsonParser
instanceKlass java/util/concurrent/ForkJoinPool$ManagedBlocker
instanceKlass org/eclipse/lsp4j/jsonrpc/RemoteEndpoint$PendingRequestInfo
instanceKlass ro/amiq/dvt/ls/LSConnectionManager$$Lambda$227
instanceKlass ro/amiq/vhdldt/parser/VhdlParser$18
instanceKlass ro/amiq/vhdldt/parser/VhdlParser$30
instanceKlass ro/amiq/vhdldt/parser/VhdlParser$29
instanceKlass ro/amiq/dvt/model/reflection/util/DesignUtils$1
instanceKlass ro/amiq/dvt/model/reflection/util/DesignUtils$$Lambda$226
instanceKlass ro/amiq/dvt/logic/form/model/LFFormula
instanceKlass ro/amiq/dvt/logic/form/model/ILFFormula
instanceKlass ro/amiq/dvt/model/reflection/util/DesignUtils$$Lambda$225
instanceKlass ro/amiq/dvt/logic/form/model/LFProgram
instanceKlass ro/amiq/dvt/logic/form/model/ILFProgram
instanceKlass ro/amiq/dvt/logic/form/model/ILFBase
instanceKlass ro/amiq/dvt/logic/form/model/ILFMarkerHolder
instanceKlass ro/amiq/dvt/model/reflection/util/DesignUtils$SupplierInDesign
instanceKlass ro/amiq/dvt/model/reflection/util/DesignUtils
instanceKlass ro/amiq/vhdldt/parser/VhdlParser$7
instanceKlass ro/amiq/vhdldt/parser/VhdlParser$5
instanceKlass ro/amiq/vhdldt/parser/VhdlParser$4
instanceKlass ro/amiq/vhdldt/parser/VhdlParser$21
instanceKlass ro/amiq/dvt/utils/BuildFilePathLine
instanceKlass ro/amiq/dvt/builders/TopStatsFileInfo
instanceKlass ro/amiq/dvt/model/customreport/CRFile
instanceKlass ro/amiq/vhdldt/parser/VhdlParser$15
instanceKlass ro/amiq/vhdldt/builders/VhdlPoolingCancelThread
instanceKlass ro/amiq/dvt/buildconfig/BuildConfigManagerCommon$$Lambda$224
instanceKlass ro/amiq/dvt/buildconfig/BuildConfigManagerCommon$$Lambda$223
instanceKlass ro/amiq/dvt/buildconfig/BuildConfigManagerCommon$$Lambda$222
instanceKlass ro/amiq/dvt/buildconfig/BuildConfigManagerCommon$$Lambda$221
instanceKlass java/util/Map$Entry$$Lambda$220
instanceKlass java/util/Comparator$$Lambda$219
instanceKlass ro/amiq/dvt/buildconfig/BuildConfigManagerCommon$$Lambda$218
instanceKlass ro/amiq/vhdldt/ui/persistenttask/PersistentTaskManager
instanceKlass ro/amiq/dvt/ui/custompragma/CustomPragmaStoreUtil
instanceKlass ro/amiq/vhdldt/main/VhdlBatchCompiler$$Lambda$217
instanceKlass ro/amiq/vhdldt/parser/IParsingListener
instanceKlass ro/amiq/dvt/ls/LServer$$Lambda$216
instanceKlass org/eclipse/lsp4j/FileEvent
instanceKlass ro/amiq/dvt/model/indexer/AbstractIdentifierIndexer
instanceKlass ro/amiq/dvt/model/indexer/IIdentifierIndexerExtension
instanceKlass ro/amiq/dvt/model/indexer/IdentifierIndexerManager
instanceKlass ro/amiq/dvt/ls/memorymonitor/LSMemoryMonitor$$Lambda$215
instanceKlass org/eclipse/core/internal/runtime/LocalizationUtils
instanceKlass org/eclipse/core/runtime/Status
instanceKlass org/eclipse/core/runtime/NullProgressMonitor
instanceKlass ro/amiq/dvt/memorymonitor/MemoryMonitorConstantsCommon
instanceKlass ro/amiq/dvt/memorymonitor/AMemoryMonitorCommon
instanceKlass ro/amiq/dvt/model/BuildStateProvider
instanceKlass ro/amiq/dvt/main/IMixedBatchCompilerConstants$CompileStatus
instanceKlass ro/amiq/dvt/model/compilewaivers/CompileWaiversManager$$Lambda$214
instanceKlass java/io/File$TempDirectory
instanceKlass ro/amiq/dvt/settings/DVTSConstants
instanceKlass ro/amiq/dvt/model/problems/DVTPredefinedWaivers
instanceKlass java/text/FieldPosition$Delegate
instanceKlass ro/amiq/vlogdt/linter/launch/VerissimoAfterCompilationLauncherCommon
instanceKlass ro/amiq/dvt/main/BatchProgressMonitor
instanceKlass ro/amiq/dvt/builders/ParserProfileManager
instanceKlass ro/amiq/dvt/resources/properties/LazyPersistentPropertiesManager$Property
instanceKlass ro/amiq/dvt/resources/properties/PropertyTypes
instanceKlass ro/amiq/dvt/resources/properties/PropertiesManager
instanceKlass ro/amiq/dvt/buildconfig/BuildConfigManager$$Lambda$213
instanceKlass ro/amiq/dvt/buildconfig/BuildConfigManager$$Lambda$212
instanceKlass org/apache/tools/ant/types/selectors/TokenizedPattern
instanceKlass org/apache/tools/ant/types/selectors/SelectorUtils
instanceKlass org/apache/tools/ant/types/selectors/TokenizedPath
instanceKlass ro/amiq/dvt/utils/TimeoutUtils$1
instanceKlass ro/amiq/dvt/buildconfig/BuildConfigParser$$Lambda$211
instanceKlass org/apache/tools/ant/util/SymbolicLinkUtils
instanceKlass org/apache/tools/ant/util/FileUtils
instanceKlass org/apache/tools/ant/taskdefs/condition/Os
instanceKlass org/apache/tools/ant/taskdefs/condition/Condition
instanceKlass org/apache/tools/ant/types/resources/Appendable
instanceKlass org/apache/tools/ant/types/resources/FileProvider
instanceKlass org/apache/tools/ant/types/resources/Touchable
instanceKlass org/apache/tools/ant/ProjectComponent
instanceKlass org/apache/tools/ant/types/ResourceCollection
instanceKlass org/apache/tools/ant/DirectoryScanner
instanceKlass org/apache/tools/ant/types/ResourceFactory
instanceKlass org/apache/tools/ant/types/selectors/SelectorScanner
instanceKlass org/apache/tools/ant/FileScanner
instanceKlass ro/amiq/dvt/ls/logger/LSLogger$$Lambda$210
instanceKlass ro/amiq/dvt/ls/logger/LSLogger$$Lambda$209
instanceKlass java/util/Formatter$DateTime
instanceKlass ro/amiq/dvt/buildconfig/BuildConfigParser$MinusWorkSpecification
instanceKlass ro/amiq/dvt/buildconfig/BuildConfigParser$1
instanceKlass ro/amiq/dvt/buildconfig/BuildConfigParser$CommandFileCall
instanceKlass ro/amiq/dvt/buildconfig/BuildConfigParser$SetEnvVarDirInfo
instanceKlass ro/amiq/dvt/buildconfig/MinusArgsCompatiblity
instanceKlass ro/amiq/dvt/buildconfig/PrecompilePragmaHandler
instanceKlass ro/amiq/dvt/buildconfig/CMPragmaHandler
instanceKlass ro/amiq/dvt/buildconfig/XLRMHandler
instanceKlass ro/amiq/dvt/buildconfig/IVarArgsHandler
instanceKlass ro/amiq/dvt/buildconfig/VarArgsCompatibilityUtils
instanceKlass ro/amiq/dvt/buildconfig/AutoConfigVhdl$$Lambda$208
instanceKlass ro/amiq/dvt/buildconfig/AutoConfigVhdl$$Lambda$207
instanceKlass ro/amiq/dvt/buildconfig/AutoConfigVhdl$$Lambda$206
instanceKlass ro/amiq/dvt/buildconfig/AutoConfigVhdl$$Lambda$205
instanceKlass ro/amiq/dvt/utils/DVTProfilingUtils
instanceKlass ro/amiq/dvt/buildconfig/AutoConfigVhdl$$Lambda$204
instanceKlass java/util/stream/SortedOps$RefSortingSink$$Lambda$203
instanceKlass java/util/stream/SortedOps
instanceKlass java/util/stream/DistinctOps
instanceKlass ro/amiq/dvt/buildconfig/AutoConfigVlog$$Lambda$202
instanceKlass ro/amiq/dvt/buildconfig/AutoconfigFileGraph$$Lambda$201
instanceKlass ro/amiq/dvt/buildconfig/Edge
instanceKlass ro/amiq/dvt/buildconfig/AutoconfigFileGraphNode$ProvideRequirePair
instanceKlass ro/amiq/dvt/buildconfig/AutoconfigFileGraphNode
instanceKlass ro/amiq/dvt/buildconfig/AutoConfigVlog$$Lambda$200
instanceKlass ro/amiq/dvt/buildconfig/AutoconfigFileGraph$ICanceler
instanceKlass ro/amiq/dvt/buildconfig/AutoconfigFileGraph
instanceKlass ro/amiq/dvt/buildconfig/AutoConfigVlog$$Lambda$199
instanceKlass ro/amiq/dvt/buildconfig/AutoConfigResult
instanceKlass java/util/regex/Pattern$2
instanceKlass ro/amiq/dvt/buildconfig/AutoConfigVlogLexerTokenTypes
instanceKlass java/util/TreeMap$NavigableSubMap$SubMapIterator
instanceKlass sun/nio/fs/WindowsLinkSupport
instanceKlass ro/amiq/dvt/buildconfig/AutoConfigFileScan$$Lambda$198
instanceKlass ro/amiq/dvt/buildconfig/AutoConfigFileScan$1
instanceKlass ro/amiq/dvt/buildconfig/AutoConfigFileScan$$Lambda$197
instanceKlass ro/amiq/dvt/buildconfig/AutoConfigFileScan
instanceKlass ro/amiq/dvt/buildconfig/XilinxConfigParser
instanceKlass java/nio/file/Files$3
instanceKlass java/nio/file/FileTreeWalker$Event
instanceKlass java/nio/file/FileTreeWalker$DirectoryNode
instanceKlass java/util/RegularEnumSet$EnumSetIterator
instanceKlass java/nio/file/FileTreeWalker
instanceKlass ro/amiq/dvt/buildconfig/AutoconfigCompilationRootInfo$1
instanceKlass ro/amiq/dvt/buildconfig/AutoconfigCompilationRootInfo
instanceKlass ro/amiq/dvt/buildconfig/BuildReportPrefs
instanceKlass ro/amiq/dvt/buildconfig/AutoConfig$3
instanceKlass ro/amiq/dvt/buildconfig/AutoConfig$2
instanceKlass ro/amiq/dvt/buildconfig/AutoConfig
instanceKlass org/apache/commons/lang/text/StrTokenizer
instanceKlass org/apache/commons/lang/text/StrBuilder
instanceKlass org/apache/commons/lang/text/StrLookup
instanceKlass java/util/DualPivotQuicksort
instanceKlass org/apache/commons/lang/text/StrMatcher
instanceKlass org/apache/commons/lang/text/StrSubstitutor
instanceKlass ro/amiq/dvt/buildconfig/BuildConfigParser$$Lambda$196
instanceKlass ro/amiq/dvt/buildconfig/BuildConfigManagerCommon$$Lambda$195
instanceKlass ro/amiq/dvt/buildconfig/BuildConfigParser$AutoConfigParameters
instanceKlass ro/amiq/dvt/buildconfig/BuildConfigParser$DvtInit
instanceKlass ro/amiq/dvt/buildconfig/DirTok
instanceKlass ro/amiq/dvt/buildconfig/BuildConfigLexerTokenTypes
instanceKlass ro/amiq/dvt/buildconfig/BuildConfigParser$ReparseArgs
instanceKlass ro/amiq/dvt/buildconfig/EncryptedCodeAutoDefineByNameFilter
instanceKlass ro/amiq/dvt/buildconfig/EncryptedCodeAutoFilter
instanceKlass ro/amiq/dvt/buildconfig/SkipCompileFilter
instanceKlass com/google/common/collect/Iterators$2
instanceKlass com/google/common/collect/PeekingIterator
instanceKlass com/google/common/collect/Iterators
instanceKlass ro/amiq/dvt/buildconfig/BuildConfigParser$Definition
instanceKlass ro/amiq/dvt/buildconfig/BuildConfigProperty
instanceKlass ro/amiq/dvt/buildconfig/IncrementalProfilingWrapper
instanceKlass ro/amiq/dvt/buildconfig/ShallowCompileFilter
instanceKlass ro/amiq/dvt/buildconfig/Cflags
instanceKlass ro/amiq/dvt/buildconfig/BuildConfigParser$InvocationState
instanceKlass ro/amiq/dvt/buildconfig/BuildConfigParser$PathLine
instanceKlass ro/amiq/dvt/buildconfig/MakelibHandler
instanceKlass ro/amiq/dvt/model/preproc/PreprocMappingsUtils
instanceKlass ro/amiq/vlogdt/model/preproc/PVlogCommentScanContributor
instanceKlass ro/amiq/dvt/model/preproc/PreprocUtils$InstanceHolder
instanceKlass ro/amiq/dvt/model/preproc/IPVlogCommentScanContributor
instanceKlass ro/amiq/dvt/model/preproc/PreprocUtilsCommon
instanceKlass ro/amiq/dvt/model/preproc/CursorPreprocMacroFinder$InstanceHolder
instanceKlass ro/amiq/dvt/model/preproc/CursorPreprocMacroFinder
instanceKlass ro/amiq/dvt/model/preproc/CompilationPreprocMacroFinder$InstanceHolder
instanceKlass ro/amiq/dvt/model/preproc/CompilationPreprocMacroFinder
instanceKlass ro/amiq/dvt/model/preproc/IPreprocFileChangeListener
instanceKlass ro/amiq/dvt/builders/DVTBuildConsoleCommon$Message
instanceKlass ro/amiq/dvt/model/compilewaivers/CompileWaiversConstants
instanceKlass ro/amiq/dvt/model/compilewaivers/CompileWaiversTreeNode
instanceKlass ro/amiq/dvt/model/compilewaivers/CompileWaiversUtil
instanceKlass ro/amiq/dvt/utils/benchmark/StopWatch$$Lambda$194
instanceKlass ro/amiq/dvt/utils/benchmark/StopWatch$$Lambda$193
instanceKlass ro/amiq/dvt/utils/benchmark/StopWatch$$Lambda$192
instanceKlass ro/amiq/dvt/utils/benchmark/StopWatch$$Lambda$191
instanceKlass java/lang/invoke/LambdaForm$DMH
instanceKlass ro/amiq/dvt/utils/benchmark/StopWatch$$Lambda$190
instanceKlass ro/amiq/dvt/utils/benchmark/StopWatch$$Lambda$189
instanceKlass com/sun/jmx/mbeanserver/Util
instanceKlass javax/management/ObjectName$Property
instanceKlass com/sun/jmx/mbeanserver/GetPropertyAction
instanceKlass javax/management/ObjectName
instanceKlass javax/management/QueryExp
instanceKlass com/sun/management/GarbageCollectorMXBean
instanceKlass java/lang/management/MemoryMXBean
instanceKlass java/lang/management/ManagementFactory$$Lambda$188
instanceKlass java/lang/management/ManagementFactory$PlatformMBeanFinder$$Lambda$187
instanceKlass java/lang/management/GarbageCollectorMXBean
instanceKlass java/lang/management/MemoryManagerMXBean
instanceKlass java/util/stream/Collectors$$Lambda$186
instanceKlass java/util/stream/Collectors$$Lambda$185
instanceKlass ro/amiq/dvt/utils/benchmark/StopWatch$$Lambda$184
instanceKlass ro/amiq/dvt/utils/benchmark/StopWatch
instanceKlass ro/amiq/dvt/resources/properties/LazyPersistentPropertiesManager$ProjectProperties
instanceKlass java/util/Timer$1
instanceKlass java/util/TaskQueue
instanceKlass java/util/Timer
instanceKlass ro/amiq/dvt/resources/properties/LazyPersistentPropertiesManager$IPropertyKind
instanceKlass ro/amiq/dvt/resources/properties/LazyPersistentPropertiesManager$IPropertyValue
instanceKlass ro/amiq/dvt/resources/properties/LazyPersistentPropertiesManager$IProperty
instanceKlass ro/amiq/dvt/main/BatchCompilerArgs
instanceKlass javax/management/MBeanServerConnection
instanceKlass ro/amiq/dvt/utils/MemUtils
instanceKlass ro/amiq/dvt/model/reflection/IReparseInfo
instanceKlass ro/amiq/vhdldt/model/reflection/semantic/extension2/OperatorScopeCache
instanceKlass ro/amiq/dvt/precompiled/PrecompiledDBUtilsCommon
instanceKlass ro/amiq/vlogdt/parser/VlogProblem
instanceKlass ro/amiq/dvt/model/problems/ISourceProblem
instanceKlass ro/amiq/vlogdt/model/reflection/semantic/SemanticErrorsManagerCommon
instanceKlass ro/amiq/vlogdt/utils/UtilsCommon
instanceKlass ro/amiq/dvt/utils/DVTArrayList$ValueIterator
instanceKlass ro/amiq/dvt/optimized/collections/fast/AbstractLHMap$LinkedHashIterator
instanceKlass ro/amiq/dvt/utils/DVTLinkedHashMap$ValueIterator
instanceKlass ro/amiq/dvt/utils/StringMatcher
instanceKlass ro/amiq/dvt/model/reflection/views/IRfFilterableTreeAccessor
instanceKlass ro/amiq/dvt/ui/views/IDVTJob
instanceKlass ro/amiq/dvt/ui/views/ViewsUtilsCommon
instanceKlass ro/amiq/vlogdt/main/VlogBatchCompiler$1
instanceKlass ro/amiq/vlogdt/builders/VlogBuilderUtils$IBuildStatusProvider
instanceKlass ro/amiq/vhdldt/main/VhdlBatchCompiler$1
instanceKlass ro/amiq/vhdldt/builders/VhdlBuilderUtils$IBuildStatusProvider
instanceKlass ro/amiq/dvt/main/AbstractLanguageCompiler
instanceKlass ro/amiq/dvt/main/MixedBatchCompiler
instanceKlass ro/amiq/dvt/main/IMixedBatchCompilerConstants
instanceKlass java/text/DontCareFieldPosition$1
instanceKlass java/text/Format$FieldDelegate
instanceKlass ro/amiq/dvt/ui/views/lazy/tree/utils/LazyTreeUtils$$Lambda$183
instanceKlass ro/amiq/dvt/ui/views/lazy/tree/utils/LazyTreeUtilsCommon
instanceKlass ro/amiq/dvt/main/Activator
instanceKlass ro/amiq/dvt/ls/LSExecutor$$Lambda$182
instanceKlass ro/amiq/dvt/DVTSplashInfo$$Lambda$181
instanceKlass ro/amiq/dvt/DVTSplashInfo$$Lambda$180
instanceKlass java/util/TreeMap$EntrySpliterator$$Lambda$179
instanceKlass ro/amiq/dvt/flclient/impl/c$$Lambda$178
instanceKlass java/lang/invoke/LambdaForm$DMH
instanceKlass java/util/stream/Sink$ChainedInt
instanceKlass java/io/WinNTFileSystem$$Lambda$177
instanceKlass java/io/WinNTFileSystem$$Lambda$176
instanceKlass java/io/WinNTFileSystem$$Lambda$175
instanceKlass java/util/BitSet$1BitSetSpliterator
instanceKlass ro/amiq/dvt/flclient/impl/t$$Lambda$174
instanceKlass ro/amiq/dvt/flclient/impl/p$$Lambda$173
instanceKlass ro/amiq/dvt/ls/LServer$$Lambda$172
instanceKlass ro/amiq/dvt/ls/LSExecutor$$Lambda$171
instanceKlass ro/amiq/dvt/ls/LServer$$Lambda$170
instanceKlass sun/text/normalizer/ReplaceableString
instanceKlass sun/text/normalizer/Replaceable
instanceKlass sun/text/normalizer/UCharacterIterator
instanceKlass sun/text/CollatorUtilities
instanceKlass java/text/CollationElementIterator
instanceKlass org/eclipse/lsp4j/jsonrpc/RemoteEndpoint$$Lambda$169
instanceKlass org/eclipse/lsp4j/jsonrpc/RemoteEndpoint$$Lambda$168
instanceKlass org/eclipse/lsp4j/SemanticTokensServerFull
instanceKlass org/eclipse/lsp4j/FileOperationPatternOptions
instanceKlass org/eclipse/lsp4j/FileOperationPattern
instanceKlass org/eclipse/lsp4j/FileOperationFilter
instanceKlass org/eclipse/lsp4j/FileOperationOptions
instanceKlass org/eclipse/lsp4j/FileOperationsServerCapabilities
instanceKlass org/eclipse/lsp4j/WorkspaceFoldersOptions
instanceKlass org/eclipse/lsp4j/CompletionItemOptions
instanceKlass org/eclipse/lsp4j/NotebookSelectorCell
instanceKlass org/eclipse/lsp4j/NotebookDocumentFilter
instanceKlass org/eclipse/lsp4j/NotebookSelector
instanceKlass org/eclipse/lsp4j/SaveOptions
instanceKlass org/eclipse/lsp4j/TextDocumentSyncOptions
instanceKlass org/eclipse/lsp4j/WorkspaceServerCapabilities
instanceKlass org/eclipse/lsp4j/NotebookDocumentSyncRegistrationOptions
instanceKlass org/eclipse/lsp4j/ServerInfo
instanceKlass org/eclipse/lsp4j/jsonrpc/RemoteEndpoint$$Lambda$167
instanceKlass org/eclipse/lsp4j/DocumentOnTypeFormattingOptions
instanceKlass ro/amiq/dvt/ui/editor/highlight/DVTSemanticHighlighter
instanceKlass org/eclipse/lsp4j/SemanticTokensLegend
instanceKlass org/eclipse/lsp4j/DocumentFilter
instanceKlass org/eclipse/lsp4j/AbstractWorkDoneProgressOptions
instanceKlass org/eclipse/lsp4j/ServerCapabilities
instanceKlass ro/amiq/dvt/ui/editor/formatter/scanner/vregex/NamedPattern
instanceKlass ro/amiq/dvt/ui/editor/formatter/scanner/vregex/CFVRegExPattern
instanceKlass ro/amiq/dvt/ui/editor/formatter/preferences/CFNoIndentDefinition
instanceKlass ro/amiq/dvt/ui/editor/formatter/scanner/vregex/CFVRegExBaseDefinition
instanceKlass ro/amiq/dvt/diagrams/editor/DMenuActionCommon
instanceKlass ro/amiq/dvt/diagrams/editor/DMenuItem
instanceKlass ro/amiq/dvt/diagrams/wavedrom/WaveDromManagerCommon
instanceKlass ro/amiq/dvt/ls/diagrams/IDiagramsManager
instanceKlass com/google/common/collect/HashBiMap$Itr
instanceKlass com/google/common/base/Objects
instanceKlass ro/amiq/dvt/ui/editor/formatter/preferences/CFPreferences
instanceKlass com/google/gson/internal/UnsafeAllocator
instanceKlass com/google/gson/internal/ConstructorConstructor$14
instanceKlass ro/amiq/dvt/ls/LSClientInfo
instanceKlass ro/amiq/dvt/ls/extendedDataTypes/InitializationOptions
instanceKlass ro/amiq/dvt/flclient/impl/c$$Lambda$166
instanceKlass java/util/Formattable
instanceKlass com/google/gson/internal/LinkedTreeMap$LinkedTreeMapIterator
instanceKlass java/util/Formatter$Conversion
instanceKlass java/util/Formatter$Flags
instanceKlass java/util/Formatter$FormatSpecifier
instanceKlass java/util/Formatter$FixedString
instanceKlass java/util/Formatter$FormatString
instanceKlass java/util/Formatter
instanceKlass com/google/gson/internal/Streams
instanceKlass org/eclipse/lsp4j/jsonrpc/json/MessageJsonHandler$$Lambda$165
instanceKlass ro/amiq/dvt/ls/LSTracingMessageConsumer$RequestMetadata
instanceKlass sun/util/resources/LocaleData$2
instanceKlass java/util/concurrent/atomic/AtomicMarkableReference$Pair
instanceKlass java/util/concurrent/atomic/AtomicMarkableReference
instanceKlass sun/util/locale/provider/CalendarNameProviderImpl$LengthBasedComparator
instanceKlass sun/util/locale/provider/JRELocaleProviderAdapter$$Lambda$164
instanceKlass sun/util/cldr/CLDRLocaleProviderAdapter$$Lambda$163
instanceKlass sun/util/locale/provider/CalendarDataUtility$CalendarFieldValueNamesMapGetter
instanceKlass java/time/ZonedDateTime$1
instanceKlass java/time/ZonedDateTime
instanceKlass java/time/chrono/ChronoZonedDateTime
instanceKlass com/google/gson/internal/LinkedTreeMap$Node
instanceKlass com/google/gson/internal/LinkedTreeMap$1
instanceKlass com/google/gson/internal/bind/TypeAdapters$36
instanceKlass org/eclipse/lsp4j/util/Preconditions
instanceKlass org/eclipse/lsp4j/jsonrpc/json/adapters/JsonElementTypeAdapter$Factory
instanceKlass org/eclipse/lsp4j/StaleRequestCapabilities
instanceKlass org/eclipse/lsp4j/MarkdownCapabilities
instanceKlass org/eclipse/lsp4j/RegularExpressionsCapabilities
instanceKlass org/eclipse/lsp4j/WindowShowMessageRequestActionItemCapabilities
instanceKlass org/eclipse/lsp4j/ShowDocumentCapabilities
instanceKlass org/eclipse/lsp4j/WindowShowMessageRequestCapabilities
instanceKlass org/eclipse/lsp4j/InlayHintResolveSupportCapabilities
instanceKlass org/eclipse/lsp4j/SemanticTokensClientCapabilitiesRequestsFull
instanceKlass org/eclipse/lsp4j/SemanticTokensClientCapabilitiesRequests
instanceKlass org/eclipse/lsp4j/FoldingRangeSupportCapabilities
instanceKlass org/eclipse/lsp4j/FoldingRangeKindSupportCapabilities
instanceKlass org/eclipse/lsp4j/jsonrpc/json/adapters/EitherTypeAdapter$EitherTypeArgument
instanceKlass org/eclipse/lsp4j/DiagnosticsTagSupport
instanceKlass org/eclipse/lsp4j/CodeActionKindCapabilities
instanceKlass org/eclipse/lsp4j/CodeActionResolveSupportCapabilities
instanceKlass org/eclipse/lsp4j/CodeActionLiteralSupportCapabilities
instanceKlass org/eclipse/lsp4j/ParameterInformationCapabilities
instanceKlass org/eclipse/lsp4j/SignatureInformationCapabilities
instanceKlass org/eclipse/lsp4j/CompletionItemInsertTextModeSupportCapabilities
instanceKlass org/eclipse/lsp4j/CompletionItemResolveSupportCapabilities
instanceKlass org/eclipse/lsp4j/CompletionItemTagSupportCapabilities
instanceKlass org/eclipse/lsp4j/CompletionListCapabilities
instanceKlass org/eclipse/lsp4j/CompletionItemCapabilities
instanceKlass org/eclipse/lsp4j/CompletionItemKindCapabilities
instanceKlass org/eclipse/lsp4j/PublishDiagnosticsCapabilities
instanceKlass org/eclipse/lsp4j/WorkspaceSymbolResolveSupportCapabilities
instanceKlass org/eclipse/lsp4j/SymbolTagSupportCapabilities
instanceKlass org/eclipse/lsp4j/SymbolKindCapabilities
instanceKlass org/eclipse/lsp4j/jsonrpc/json/adapters/CollectionTypeAdapter$Factory$$Lambda$162
instanceKlass org/eclipse/lsp4j/jsonrpc/json/adapters/TypeUtils$ParameterizedTypeImpl
instanceKlass org/eclipse/lsp4j/WorkspaceEditChangeAnnotationSupportCapabilities
instanceKlass org/eclipse/lsp4j/DiagnosticWorkspaceCapabilities
instanceKlass org/eclipse/lsp4j/InlineValueWorkspaceCapabilities
instanceKlass org/eclipse/lsp4j/InlayHintWorkspaceCapabilities
instanceKlass org/eclipse/lsp4j/CodeLensWorkspaceCapabilities
instanceKlass org/eclipse/lsp4j/SemanticTokensWorkspaceCapabilities
instanceKlass org/eclipse/lsp4j/DynamicRegistrationCapabilities
instanceKlass org/eclipse/lsp4j/WorkspaceEditCapabilities
instanceKlass org/eclipse/lsp4j/GeneralClientCapabilities
instanceKlass org/eclipse/lsp4j/NotebookDocumentClientCapabilities
instanceKlass org/eclipse/lsp4j/WindowClientCapabilities
instanceKlass org/eclipse/lsp4j/TextDocumentClientCapabilities
instanceKlass org/eclipse/lsp4j/WorkspaceClientCapabilities
instanceKlass org/eclipse/lsp4j/ClientCapabilities
instanceKlass com/google/gson/internal/Primitives
instanceKlass org/eclipse/lsp4j/jsonrpc/validation/NonNull
instanceKlass com/google/gson/annotations/SerializedName
instanceKlass org/eclipse/lsp4j/ClientInfo
instanceKlass com/google/gson/internal/ConstructorConstructor$3
instanceKlass jdk/internal/vm/annotation/ForceInline
instanceKlass java/lang/reflect/AccessibleObject$$Lambda$161
instanceKlass org/eclipse/lsp4j/adapters/InitializeParamsTypeAdapter$Factory
instanceKlass com/google/gson/annotations/JsonAdapter
instanceKlass org/eclipse/lsp4j/jsonrpc/messages/Tuple$Two
instanceKlass org/eclipse/lsp4j/jsonrpc/messages/Tuple
instanceKlass org/eclipse/lsp4j/jsonrpc/json/adapters/TypeUtils
instanceKlass com/google/gson/internal/JsonReaderInternalAccess
instanceKlass org/eclipse/lsp4j/jsonrpc/json/StreamMessageProducer$Headers
instanceKlass org/eclipse/lsp4j/jsonrpc/json/ConcurrentMessageProcessor$1
instanceKlass org/eclipse/lsp4j/jsonrpc/StandardLauncher
instanceKlass java/util/concurrent/SynchronousQueue$TransferStack$SNode
instanceKlass java/util/concurrent/SynchronousQueue$Transferer
instanceKlass org/eclipse/lsp4j/jsonrpc/json/ConcurrentMessageProcessor
instanceKlass org/eclipse/lsp4j/jsonrpc/json/StreamMessageProducer
instanceKlass java/lang/reflect/Proxy$$Lambda$160
instanceKlass org/eclipse/lsp4j/jsonrpc/services/EndpointProxy$$Lambda$159
instanceKlass org/eclipse/lsp4j/jsonrpc/services/EndpointProxy$$Lambda$158
instanceKlass org/eclipse/lsp4j/jsonrpc/services/EndpointProxy
instanceKlass org/eclipse/lsp4j/jsonrpc/RemoteEndpoint$$Lambda$157
instanceKlass org/eclipse/lsp4j/jsonrpc/messages/ResponseError
instanceKlass org/eclipse/lsp4j/jsonrpc/messages/Message
instanceKlass org/eclipse/lsp4j/jsonrpc/RemoteEndpoint
instanceKlass org/eclipse/lsp4j/jsonrpc/services/GenericEndpoint$$Lambda$156
instanceKlass java/lang/invoke/LambdaForm$DMH
instanceKlass org/eclipse/lsp4j/jsonrpc/services/GenericEndpoint$$Lambda$155
instanceKlass org/eclipse/lsp4j/jsonrpc/services/GenericEndpoint$$Lambda$154
instanceKlass org/eclipse/lsp4j/jsonrpc/services/GenericEndpoint
instanceKlass ro/amiq/dvt/ls/LSConnectionManager$1
instanceKlass org/eclipse/lsp4j/jsonrpc/json/StreamMessageConsumer
instanceKlass org/eclipse/lsp4j/jsonrpc/json/MessageConstants
instanceKlass com/google/gson/internal/bind/ReflectiveTypeAdapterFactory$BoundField
instanceKlass com/google/gson/internal/bind/ReflectiveTypeAdapterFactory
instanceKlass com/google/gson/internal/bind/JsonAdapterAnnotationTypeAdapterFactory
instanceKlass com/google/gson/internal/bind/MapTypeAdapterFactory
instanceKlass com/google/gson/internal/bind/CollectionTypeAdapterFactory
instanceKlass com/google/gson/internal/bind/ArrayTypeAdapter$1
instanceKlass com/google/gson/internal/bind/SqlDateTypeAdapter$1
instanceKlass com/google/gson/internal/bind/TimeTypeAdapter$1
instanceKlass com/google/gson/internal/bind/DateTypeAdapter$1
instanceKlass java/util/concurrent/atomic/AtomicLongArray
instanceKlass com/google/gson/internal/bind/ObjectTypeAdapter$1
instanceKlass com/google/gson/internal/bind/TypeAdapters$30
instanceKlass com/google/gson/internal/bind/TypeAdapters$34
instanceKlass com/google/gson/internal/bind/TypeAdapters$26
instanceKlass java/util/Currency
instanceKlass java/util/UUID
instanceKlass com/google/gson/internal/bind/TypeAdapters$35
instanceKlass java/util/concurrent/atomic/AtomicIntegerArray
instanceKlass com/google/gson/internal/bind/TypeAdapters$33
instanceKlass com/google/gson/internal/bind/TypeAdapters$32
instanceKlass com/google/gson/internal/bind/TypeAdapters
instanceKlass java/lang/reflect/AccessibleObject$$Lambda$153
instanceKlass sun/misc/Unsafe
instanceKlass com/google/gson/internal/JavaVersion
instanceKlass com/google/gson/internal/reflect/ReflectionAccessor
instanceKlass com/google/gson/internal/ObjectConstructor
instanceKlass com/google/gson/internal/ConstructorConstructor
instanceKlass com/google/gson/stream/JsonWriter
instanceKlass com/google/gson/stream/JsonReader
instanceKlass com/google/gson/Gson
instanceKlass org/eclipse/lsp4j/jsonrpc/json/adapters/MessageTypeAdapter$Factory
instanceKlass org/eclipse/lsp4j/jsonrpc/json/adapters/EnumTypeAdapter$Factory
instanceKlass ro/amiq/dvt/flclient/impl/c$$Lambda$152
instanceKlass org/eclipse/lsp4j/jsonrpc/json/adapters/TupleTypeAdapters$TwoTypeAdapterFactory
instanceKlass org/eclipse/lsp4j/jsonrpc/json/adapters/EitherTypeAdapter$Factory
instanceKlass org/eclipse/lsp4j/jsonrpc/json/adapters/ThrowableTypeAdapter$Factory
instanceKlass org/eclipse/lsp4j/jsonrpc/json/adapters/CollectionTypeAdapter$Factory
instanceKlass com/a/a/e/m
instanceKlass com/a/a/i
instanceKlass ro/amiq/dvt/flclient/impl/c$$Lambda$151
instanceKlass com/google/gson/JsonElement
instanceKlass ro/amiq/dvt/DVTSplash$$Lambda$150
instanceKlass ro/amiq/dvt/DVTSplash$$Lambda$149
instanceKlass ro/amiq/dvt/ls/build/BuildManager$$Lambda$148
instanceKlass java/util/stream/AbstractSpinedBuffer
instanceKlass com/google/gson/internal/Excluder
instanceKlass ro/amiq/dvt/ls/build/BuildManager$$Lambda$147
instanceKlass ro/amiq/dvt/ls/build/BuildManager$$Lambda$146
instanceKlass ro/amiq/dvt/ls/build/BuildManager$$Lambda$145
instanceKlass com/google/gson/FieldNamingStrategy
instanceKlass com/google/gson/GsonBuilder
instanceKlass java/lang/invoke/LambdaForm$DMH
instanceKlass org/eclipse/lsp4j/jsonrpc/messages/CancelParams
instanceKlass ro/amiq/dvt/ls/build/BuildManager$$Lambda$144
instanceKlass org/eclipse/lsp4j/jsonrpc/json/MessageJsonHandler
instanceKlass ro/amiq/vlogdt/model/reflection/IRfDefElementVisitor
instanceKlass ro/amiq/dvt/model/persistence/PersistenceBenchmark
instanceKlass org/eclipse/lsp4j/TextDocumentRegistrationOptions
instanceKlass ro/amiq/vhdldt/model/reflection/RfDefElementVisitorAdapter
instanceKlass ro/amiq/vhdldt/model/reflection/IRfDefElementVisitor
instanceKlass org/eclipse/lsp4j/WorkDoneProgressOptions
instanceKlass ro/amiq/dvt/model/persistence/IPersistenceOutputRunnable
instanceKlass ro/amiq/dvt/model/persistence/IPersistenceInputRunnable
instanceKlass ro/amiq/dvt/ls/build/BuildManager$$Lambda$143
instanceKlass ro/amiq/dvt/ls/build/BuildManager$$Lambda$142
instanceKlass ro/amiq/dvt/ls/extendedDataTypes/UVMFieldEditorResponse
instanceKlass ro/amiq/dvt/ls/extendedDataTypes/CodeTemplatesResponse
instanceKlass ro/amiq/dvt/ls/extendedDataTypes/EditCodeTemplateResponse
instanceKlass ro/amiq/dvt/ls/extendedDataTypes/WaveDiagramSelectionCoordsResponse
instanceKlass ro/amiq/dvt/ls/extendedDataTypes/PreprocessedFilesInfoResult
instanceKlass ro/amiq/dvt/ls/extendedDataTypes/AdditionalWorkspaceSymbolResult
instanceKlass ro/amiq/dvt/ls/extendedDataTypes/LSPuvmRuntimeSettings
instanceKlass ro/amiq/dvt/ls/extendedDataTypes/CompileWaiversData
instanceKlass ro/amiq/dvt/ls/extendedDataTypes/OverrideQuickPickResponse
instanceKlass org/eclipse/ui/part/WorkbenchPart
instanceKlass org/eclipse/ui/texteditor/ITextEditor
instanceKlass ro/amiq/dvt/ls/extendedDataTypes/SetterGetterQuickPickResponse
instanceKlass ro/amiq/dvt/ui/editor/IDVTEditor
instanceKlass ro/amiq/dvt/ls/extendedDataTypes/BreakpointPropertiesProposal
instanceKlass ro/amiq/dvt/ls/extendedDataTypes/AdditionalArgumentsCompletionProposal
instanceKlass ro/amiq/dvt/ls/extendedDataTypes/BuildConditionFromBreakpointPropertiesResponse
instanceKlass ro/amiq/dvt/ls/extendedDataTypes/CompletionForConditionInBreakpointPropertiesProposal
instanceKlass ro/amiq/vlogdt/model/reflection/IRfFileInstanceVisitor
instanceKlass ro/amiq/dvt/ls/extendedDataTypes/PanWavesParams
instanceKlass ro/amiq/dvt/ls/extendedDataTypes/UnregisterDVTViewParams
instanceKlass ro/amiq/dvt/model/reflection/ElementPath
instanceKlass ro/amiq/dvt/ls/extendedDataTypes/ShowWavesParams
instanceKlass ro/amiq/dvt/elaboration/model/IELVertexId
instanceKlass ro/amiq/dvt/ls/extendedDataTypes/DvtPathToSignalParams
instanceKlass ro/amiq/dvt/ls/extendedDataTypes/DBOutOfSyncFixParams
instanceKlass ro/amiq/dvt/ls/extendedDataTypes/WaveCursorActionParams
instanceKlass ro/amiq/dvt/ls/extendedDataTypes/LazyTreeRequest
instanceKlass ro/amiq/dvt/ls/extendedDataTypes/CodeTemplateData
instanceKlass ro/amiq/dvt/ui/editor/breadcrumb/IDVTBreadcrumbTextHost
instanceKlass ro/amiq/dvt/ls/extendedDataTypes/CancelWithProgressParams
instanceKlass ro/amiq/dvt/ls/extendedDataTypes/AddNewWaiverParams
instanceKlass ro/amiq/dvt/ls/extendedDataTypes/ColorThemeChangedParams
instanceKlass ro/amiq/dvt/ui/editor/pathmanager/RegionTreeCommon
instanceKlass ro/amiq/dvt/ls/extendedDataTypes/ChangeActiveEditorParams
instanceKlass ro/amiq/dvt/ls/extendedDataTypes/ZoomWavesParams
instanceKlass ro/amiq/dvt/ls/extendedDataTypes/ValidateViewInputParams
instanceKlass ro/amiq/dvt/ui/editor/breadcrumb/IDVTBreadcrumbHost
instanceKlass ro/amiq/dvt/ls/extendedDataTypes/WaveJumpToTimeParams
instanceKlass ro/amiq/dvt/ui/editor/pathmanager/DesignPathManagerCommon
instanceKlass ro/amiq/dvt/ls/extendedDataTypes/WaveChangeColorParams
instanceKlass ro/amiq/dvt/ls/extendedDataTypes/WaveJumpToEdgeParams
instanceKlass ro/amiq/dvt/ls/extendedDataTypes/WaveChangeRadixParams
instanceKlass ro/amiq/dvt/ls/extendedDataTypes/WaveSliderActionParams
instanceKlass ro/amiq/dvt/ls/extendedDataTypes/WaveDiagramSelectionCoordsParams
instanceKlass ro/amiq/dvt/ls/extendedDataTypes/WorkspaceStateChangeParams
instanceKlass ro/amiq/dvt/ls/extendedDataTypes/UpdateEditorOptionsParams
instanceKlass ro/amiq/dvt/ls/extendedDataTypes/VerificationHierarchyResetTopParams
instanceKlass ro/amiq/dvt/ls/extendedDataTypes/CodeActionDataParams
instanceKlass ro/amiq/dvt/ls/extendedDataTypes/UVMFieldEditorParams
instanceKlass java/util/concurrent/ConcurrentLinkedQueue$$Lambda$141
instanceKlass ro/amiq/dvt/ls/extendedDataTypes/RemoveCodeTemplatesParams
instanceKlass ro/amiq/dvt/ls/extendedDataTypes/OverrideQuickPickParams
instanceKlass ro/amiq/dvt/ls/extendedDataTypes/OpenWaveViewerEditorParams
instanceKlass ro/amiq/dvt/ls/extendedDataTypes/InsertOverrideParams
instanceKlass ro/amiq/dvt/ls/extendedDataTypes/InsertSettersGettersParams
instanceKlass ro/amiq/dvt/ls/extendedDataTypes/ChangeDVTViewVisibilityParams
instanceKlass ro/amiq/dvt/builders/DVTBuildReportModel
instanceKlass ro/amiq/dvt/ls/extendedDataTypes/WaveViewerParams
instanceKlass ro/amiq/dvt/ls/extendedDataTypes/IWaveViewerParams
instanceKlass ro/amiq/dvt/ls/extendedDataTypes/BreakpointPropertiesRequestParams
instanceKlass ro/amiq/dvt/ls/extendedDataTypes/ChangeVisibleEditorsParams
instanceKlass ro/amiq/dvt/ls/extendedDataTypes/BuildWithParseProfilingParams
instanceKlass ro/amiq/dvt/ls/extendedDataTypes/ProjectStatisticsParams
instanceKlass ro/amiq/dvt/ls/extendedDataTypes/AdditionalArgumentsCompletionRequestParams
instanceKlass ro/amiq/dvt/ls/extendedDataTypes/BuildConditionFromBreakpointPropertiesRequestParams
instanceKlass ro/amiq/dvt/ls/extendedDataTypes/CompletionForConditionInBreakpointPropertiesRequestParams
instanceKlass ro/amiq/dvt/builders/DVTBuildConsoleCommon
instanceKlass ro/amiq/dvt/ls/ai/extendedDataTypes/IsFileProtectedResponse
instanceKlass ro/amiq/dvt/ls/ai/extendedDataTypes/IndentCodeSnippetResponse
instanceKlass ro/amiq/dvt/builders/DVTBuildConsoleRegistry
instanceKlass ro/amiq/dvt/ls/ai/extendedDataTypes/GetContainerRangeResponse
instanceKlass ro/amiq/dvt/ls/ai/extendedDataTypes/CodeSectionsResult
instanceKlass ro/amiq/dvt/ls/ai/extendedDataTypes/SolveSnippetSymbolOutlineResponse
instanceKlass ro/amiq/dvt/ls/ai/extendedDataTypes/SolveSnippetSelectedResponse
instanceKlass ro/amiq/dvt/ls/ai/extendedDataTypes/SolveSnippetLanguageResponse
instanceKlass ro/amiq/dvt/ls/ai/extendedDataTypes/SolveSnippetSymbolFilenameResponse
instanceKlass freemarker/ext/beans/_MethodUtil
instanceKlass ro/amiq/dvt/ai/model/MultiRootTree
instanceKlass ro/amiq/dvt/ls/ai/extendedDataTypes/SolveSnippetDependenciesOfResponse
instanceKlass ro/amiq/dvt/ls/ai/extendedDataTypes/GetSymbolsForAutocompleteResponse
instanceKlass ro/amiq/dvt/ls/ai/extendedDataTypes/AIExploratoryRegionsResponse
instanceKlass ro/amiq/dvt/ls/ai/extendedDataTypes/SolveSnippetDependenciesOfSelectedContainerParams
instanceKlass ro/amiq/dvt/ls/ai/extendedDataTypes/SolveSnippetSymbolParams
instanceKlass freemarker/template/TemplateHashModelEx2$KeyValuePairIterator
instanceKlass ro/amiq/dvt/ls/ai/extendedDataTypes/SolveSymbolParams
instanceKlass ro/amiq/dvt/ls/ai/extendedDataTypes/IsFileProtectedParams
instanceKlass ro/amiq/dvt/ls/ai/extendedDataTypes/IndentCodeSnippetParams
instanceKlass ro/amiq/dvt/ls/ai/extendedDataTypes/GetContainerRangeParams
instanceKlass ro/amiq/dvt/ls/ai/extendedDataTypes/SolveSnippetExamplesOfParams
instanceKlass ro/amiq/dvt/ls/ai/extendedDataTypes/SolveSnippetUsagesOfParams
instanceKlass ro/amiq/dvt/ls/ai/extendedDataTypes/SolveSnippetEditorsHotspotsParams
instanceKlass ro/amiq/dvt/ls/ai/extendedDataTypes/SolveSnippetSymbolOutlineParams
instanceKlass ro/amiq/dvt/ls/ai/extendedDataTypes/SolveSnippetSelectedParams
instanceKlass ro/amiq/dvt/ls/ai/extendedDataTypes/SolveSnippetOutlineOfSelectedParams
instanceKlass ro/amiq/dvt/ls/ai/extendedDataTypes/SolveSnippetSymbolFilenameParams
instanceKlass freemarker/template/TemplateDirectiveBody
instanceKlass ro/amiq/dvt/ls/ai/extendedDataTypes/SolveSnippetDHVHContextParams
instanceKlass ro/amiq/dvt/ls/ai/extendedDataTypes/SolveSnippetDependenciesOfSymbolParams
instanceKlass ro/amiq/dvt/ls/ai/extendedDataTypes/GetSymbolsForAutocompleteParams
instanceKlass ro/amiq/dvt/ls/ai/extendedDataTypes/AIExploratoryRegionsParams
instanceKlass freemarker/core/LocalContext
instanceKlass ro/amiq/dvt/ls/extendedDataTypes/VerissimoGenerateParams
instanceKlass ro/amiq/dvt/ls/extendedDataTypes/VerissimoRerunParams
instanceKlass ro/amiq/dvt/ls/extendedDataTypes/VerissimoLintCurrentFileParams
instanceKlass ro/amiq/dvt/ls/extendedDataTypes/VerissimoCodeActionOnErrorParams
instanceKlass freemarker/template/utility/DateUtil$DateToISO8601CalendarFactory
instanceKlass ro/amiq/dvt/ls/extendedDataTypes/VerissimoImportSessionParams
instanceKlass ro/amiq/dvt/ls/extendedDataTypes/VerissimoSessionParams
instanceKlass ro/amiq/dvt/ls/extendedDataTypes/VerissimoOpenRulesetEditorParams
instanceKlass ro/amiq/dvt/ls/extendedDataTypes/VerissimoCodeActionOnCheckParams
instanceKlass ro/amiq/dvt/ls/extendedDataTypes/VerissimoGenerateHTMLReportParams
instanceKlass freemarker/core/TemplateValueFormatFactory
instanceKlass ro/amiq/dvt/ls/extendedDataTypes/SpecadorLibraryWrapper
instanceKlass ro/amiq/dvt/ls/extendedDataTypes/SpecadorLanguageKind
instanceKlass ro/amiq/dvt/ls/extendedDataTypes/SpecadorConfiguration
instanceKlass ro/amiq/dvt/ls/extendedDataTypes/CopyBitfieldTableResponse
instanceKlass ro/amiq/dvt/ls/extendedDataTypes/DiagramActionResponse
instanceKlass ro/amiq/dvt/ls/extendedDataTypes/DiagramQuickSearchResponse
instanceKlass ro/amiq/dvt/ls/extendedDataTypes/ClickInDiagramResponse
instanceKlass ro/amiq/dvt/ls/extendedDataTypes/SyncDiagramWithBCParams
instanceKlass ro/amiq/dvt/ls/extendedDataTypes/SaveDiagramAsSVGParams
instanceKlass ro/amiq/dvt/ls/extendedDataTypes/ShowDiagramParams
instanceKlass ro/amiq/dvt/ls/extendedDataTypes/CopyBitFieldTableParams
instanceKlass ro/amiq/dvt/ls/extendedDataTypes/DiagramActionParams
instanceKlass ro/amiq/dvt/ls/extendedDataTypes/DiagramQuickSearchParams
instanceKlass ro/amiq/dvt/ls/extendedDataTypes/CloseDiagramEditorParams
instanceKlass freemarker/ext/beans/BeansWrapper$MethodAppearanceDecision
instanceKlass ro/amiq/dvt/ls/extendedDataTypes/ApplyDiagramPrefsParams
instanceKlass ro/amiq/dvt/ls/extendedDataTypes/ClickInDiagramParams
instanceKlass ro/amiq/dvt/ls/extendedDataTypes/ManageDiagramFiltersParams
instanceKlass ro/amiq/dvt/ls/extendedDataTypes/ChangeBitfieldViewModeParams
instanceKlass ro/amiq/dvt/ls/extendedDataTypes/OtherInstanceWrapper
instanceKlass ro/amiq/dvt/ls/extendedDataTypes/BreadcrumbQuickPickResult
instanceKlass ro/amiq/dvt/ls/extendedDataTypes/UpdateBreadcrumbParams
instanceKlass ro/amiq/dvt/ls/extendedDataTypes/UpdateSOIBreadcrumbParams
instanceKlass ro/amiq/dvt/ls/extendedDataTypes/FilePathParams
instanceKlass ro/amiq/dvt/ls/extendedDataTypes/BCQuickpickWrapper
instanceKlass java/lang/SecurityManager$$Lambda$140
instanceKlass java/lang/SecurityManager$$Lambda$139
instanceKlass org/eclipse/lsp4j/InitializeResult
instanceKlass java/lang/SecurityManager$$Lambda$138
instanceKlass java/lang/SecurityManager$$Lambda$137
instanceKlass java/lang/SecurityManager$$Lambda$136
instanceKlass java/lang/SecurityManager$$Lambda$135
instanceKlass org/eclipse/lsp4j/SetTraceParams
instanceKlass java/util/stream/ForEachOps$ForEachOp
instanceKlass java/util/stream/ForEachOps
instanceKlass org/eclipse/lsp4j/WorkDoneProgressCancelParams
instanceKlass java/lang/SecurityManager$$Lambda$134
instanceKlass java/lang/invoke/LambdaForm$DMH
instanceKlass org/eclipse/lsp4j/InitializeParams
instanceKlass java/lang/SecurityManager$$Lambda$133
instanceKlass java/lang/SecurityManager$$Lambda$132
instanceKlass org/eclipse/lsp4j/InitializedParams
instanceKlass java/lang/SecurityManager$$Lambda$131
instanceKlass java/lang/invoke/LambdaForm$DMH
instanceKlass java/lang/SecurityManager$$Lambda$130
instanceKlass org/eclipse/lsp4j/adapters/WorkspaceSymbolResponseAdapter
instanceKlass java/util/Spliterators$IteratorSpliterator
instanceKlass java/io/Console
instanceKlass org/eclipse/lsp4j/WorkspaceDiagnosticReport
instanceKlass java/lang/Process
instanceKlass java/lang/reflect/AnnotatedType
instanceKlass org/eclipse/lsp4j/adapters/WorkspaceDocumentDiagnosticReportTypeAdapter
instanceKlass freemarker/template/utility/ClassUtil
instanceKlass org/eclipse/lsp4j/ExecuteCommandParams
instanceKlass org/eclipse/lsp4j/DeleteFilesParams
instanceKlass org/eclipse/lsp4j/RenameFilesParams
instanceKlass org/eclipse/lsp4j/CreateFilesParams
instanceKlass freemarker/ext/beans/UnsafeMethods
instanceKlass org/eclipse/lsp4j/WorkspaceSymbol
instanceKlass com/sun/beans/finder/FinderUtils
instanceKlass com/sun/beans/finder/AbstractFinder
instanceKlass org/eclipse/lsp4j/DidChangeWorkspaceFoldersParams
instanceKlass org/eclipse/lsp4j/DidChangeConfigurationParams
instanceKlass org/eclipse/lsp4j/DidChangeWatchedFilesParams
instanceKlass org/eclipse/lsp4j/PrepareRenameDefaultBehavior
instanceKlass org/eclipse/lsp4j/PrepareRenameResult
instanceKlass java/beans/SimpleBeanInfo
instanceKlass org/eclipse/lsp4j/Range
instanceKlass org/eclipse/lsp4j/adapters/PrepareRenameResponseAdapter
instanceKlass java/beans/Transient
instanceKlass org/eclipse/lsp4j/SelectionRange
instanceKlass java/util/Collections$UnmodifiableMap$UnmodifiableEntrySet$UnmodifiableEntry
instanceKlass java/util/Collections$UnmodifiableMap$UnmodifiableEntrySet$1
instanceKlass org/eclipse/lsp4j/SignatureHelp
instanceKlass java/beans/BeanProperty
instanceKlass com/sun/beans/WildcardTypeImpl
instanceKlass com/sun/beans/introspect/PropertyInfo
instanceKlass com/sun/beans/introspect/EventSetInfo
instanceKlass org/eclipse/lsp4j/Hover
instanceKlass com/sun/beans/WeakCache
instanceKlass com/sun/beans/TypeResolver
instanceKlass java/beans/MethodRef
instanceKlass com/sun/beans/introspect/MethodInfo$MethodOrder
instanceKlass com/sun/beans/introspect/MethodInfo
instanceKlass com/sun/beans/util/Cache$Ref
instanceKlass com/sun/beans/util/Cache$CacheEntry
instanceKlass org/eclipse/lsp4j/DocumentSymbol
instanceKlass com/sun/beans/util/Cache
instanceKlass com/sun/beans/introspect/ClassInfo
instanceKlass javax/swing/SwingContainer
instanceKlass java/beans/JavaBean
instanceKlass org/eclipse/lsp4j/SymbolInformation
instanceKlass org/eclipse/lsp4j/adapters/DocumentSymbolResponseAdapter
instanceKlass org/eclipse/lsp4j/LocationLink
instanceKlass com/sun/beans/finder/ClassFinder
instanceKlass org/eclipse/lsp4j/Location
instanceKlass java/lang/invoke/LambdaForm$MH
instanceKlass com/google/gson/internal/$Gson$Types$WildcardTypeImpl
instanceKlass java/lang/invoke/LambdaForm$DMH
instanceKlass org/eclipse/lsp4j/adapters/LocationLinkListAdapter
instanceKlass org/eclipse/lsp4j/FoldingRange
instanceKlass java/lang/invoke/LambdaForm$MH
instanceKlass java/lang/invoke/LambdaForm$DMH
instanceKlass org/eclipse/lsp4j/CompletionList
instanceKlass java/lang/invoke/LambdaForm$MH
instanceKlass org/eclipse/lsp4j/Command
instanceKlass java/lang/invoke/LambdaForm$DMH
instanceKlass org/eclipse/lsp4j/adapters/CodeActionResponseAdapter
instanceKlass org/eclipse/lsp4j/TextEdit
instanceKlass java/lang/invoke/LambdaForm$MH
instanceKlass java/lang/invoke/LambdaForm$DMH
instanceKlass org/eclipse/lsp4j/Moniker
instanceKlass org/eclipse/lsp4j/ColorPresentation
instanceKlass java/lang/invoke/LambdaForm$MH
instanceKlass java/lang/invoke/LambdaForm$MH
instanceKlass sun/reflect/generics/tree/Wildcard
instanceKlass sun/reflect/generics/tree/BottomSignature
instanceKlass java/lang/invoke/LambdaForm$MH
instanceKlass org/eclipse/lsp4j/LinkedEditingRanges
instanceKlass java/lang/invoke/LambdaForm$MH
instanceKlass java/lang/invoke/LambdaForm$MH
instanceKlass java/lang/invoke/LambdaForm$MH
instanceKlass java/lang/invoke/LambdaForm$MH
instanceKlass java/lang/invoke/LambdaForm$MH
instanceKlass java/beans/BeanInfo
instanceKlass org/eclipse/lsp4j/adapters/DocumentDiagnosticReportTypeAdapter
instanceKlass com/sun/beans/finder/InstanceFinder
instanceKlass org/eclipse/lsp4j/ColorInformation
instanceKlass java/beans/WeakIdentityMap
instanceKlass java/beans/ThreadGroupContext
instanceKlass java/beans/Introspector$1
instanceKlass jdk/internal/misc/JavaBeansAccess
instanceKlass com/google/gson/internal/$Gson$Preconditions
instanceKlass java/beans/Introspector
instanceKlass com/google/gson/internal/$Gson$Types$ParameterizedTypeImpl
instanceKlass java/lang/reflect/WildcardType
instanceKlass freemarker/ext/beans/ClassIntrospector$MethodSignature
instanceKlass com/google/gson/internal/$Gson$Types
instanceKlass freemarker/ext/beans/StringModel$1
instanceKlass freemarker/template/TemplateModelAdapter
instanceKlass freemarker/cache/TemplateCache$MaybeMissingTemplate
instanceKlass com/google/gson/TypeAdapter
instanceKlass com/google/gson/reflect/TypeToken
instanceKlass org/eclipse/lsp4j/SemanticTokensDelta
instanceKlass freemarker/debug/impl/DebuggerService
instanceKlass org/eclipse/lsp4j/jsonrpc/messages/Either
instanceKlass freemarker/core/TemplateElements
instanceKlass org/eclipse/lsp4j/adapters/SemanticTokensFullDeltaResponseAdapter
instanceKlass com/google/gson/TypeAdapterFactory
instanceKlass freemarker/core/_ArrayEnumeration
instanceKlass org/eclipse/lsp4j/CallHierarchyItem
instanceKlass org/eclipse/lsp4j/SemanticTokens
instanceKlass org/eclipse/lsp4j/TypeHierarchyItem
instanceKlass org/eclipse/lsp4j/CallHierarchyOutgoingCall
instanceKlass org/eclipse/lsp4j/CallHierarchyIncomingCall
instanceKlass org/eclipse/lsp4j/WorkspaceEdit
instanceKlass org/eclipse/lsp4j/DocumentRangeFormattingParams
instanceKlass freemarker/core/LegacyConstructorParserConfiguration
instanceKlass freemarker/core/Token
instanceKlass org/eclipse/lsp4j/CodeAction
instanceKlass org/eclipse/lsp4j/DidCloseTextDocumentParams
instanceKlass org/eclipse/lsp4j/DidChangeTextDocumentParams
instanceKlass org/eclipse/lsp4j/DocumentFormattingParams
instanceKlass org/eclipse/lsp4j/DidOpenTextDocumentParams
instanceKlass org/eclipse/lsp4j/DidSaveTextDocumentParams
instanceKlass org/eclipse/lsp4j/WillSaveTextDocumentParams
instanceKlass org/eclipse/lsp4j/InlineValueParams
instanceKlass org/eclipse/lsp4j/InlayHint
instanceKlass org/eclipse/lsp4j/InlayHintParams
instanceKlass freemarker/core/FMParserTokenManager
instanceKlass org/eclipse/lsp4j/CodeLens
instanceKlass org/eclipse/lsp4j/DocumentLink
instanceKlass org/eclipse/lsp4j/CompletionItem
instanceKlass freemarker/core/SimpleCharStream
instanceKlass org/eclipse/lsp4j/WorkDoneProgressAndPartialResultParams
instanceKlass org/eclipse/lsp4j/PartialResultParams
instanceKlass org/eclipse/lsp4j/WorkDoneProgressParams
instanceKlass org/eclipse/lsp4j/DidCloseNotebookDocumentParams
instanceKlass org/eclipse/lsp4j/DidChangeNotebookDocumentParams
instanceKlass org/eclipse/lsp4j/DidOpenNotebookDocumentParams
instanceKlass org/eclipse/lsp4j/DidSaveNotebookDocumentParams
instanceKlass java/io/ObjectStreamConstants
instanceKlass java/io/ObjectInput
instanceKlass java/lang/WeakPairMap$$Lambda$129
instanceKlass java/lang/Module$$Lambda$128
instanceKlass java/lang/invoke/LambdaForm$DMH
instanceKlass java/lang/module/ModuleDescriptor$Builder$$Lambda$127
instanceKlass java/lang/module/ModuleDescriptor$Builder
instanceKlass java/lang/reflect/Proxy$ProxyBuilder$$Lambda$126
instanceKlass jdk/internal/HotSpotIntrinsicCandidate
instanceKlass java/lang/annotation/Documented
instanceKlass java/lang/Deprecated
instanceKlass org/eclipse/lsp4j/jsonrpc/json/JsonRpcMethodProvider
instanceKlass org/eclipse/lsp4j/jsonrpc/services/JsonDelegate
instanceKlass org/eclipse/lsp4j/jsonrpc/services/ServiceEndpoints$$Lambda$125
instanceKlass ro/amiq/dvt/ls/extendedDataTypes/TransferResourceResponse
instanceKlass ro/amiq/dvt/ls/extendedDataTypes/VACReadOnlyFilesUserInputResponse
instanceKlass ro/amiq/dvt/ls/extendedDataTypes/VACUserInputResponse
instanceKlass org/eclipse/lsp4j/TextDocumentPositionParams
instanceKlass ro/amiq/dvt/ls/extendedDataTypes/RunTaskParams
instanceKlass ro/amiq/dvt/ls/extendedDataTypes/BuildStatusParams
instanceKlass ro/amiq/dvt/ls/extendedDataTypes/FileMappingParams
instanceKlass ro/amiq/dvt/ls/extendedDataTypes/ShowDiagramContentResponse
instanceKlass ro/amiq/dvt/ls/extendedDataTypes/ShowAnnotationsResponse
instanceKlass ro/amiq/dvt/ls/extendedDataTypes/SetReadonlyFileParams
instanceKlass ro/amiq/dvt/ls/extendedDataTypes/SaveFilesParams
instanceKlass ro/amiq/dvt/ls/extendedDataTypes/SaveDirtyFilesParams
instanceKlass ro/amiq/dvt/ls/extendedDataTypes/LazyTreeNotification
instanceKlass ro/amiq/dvt/ls/extendedDataTypes/FileDecorationsParams
instanceKlass ro/amiq/dvt/ls/extendedDataTypes/TransferResourceParams
instanceKlass ro/amiq/dvt/ls/extendedDataTypes/WithProgressParams
instanceKlass ro/amiq/dvt/ls/extendedDataTypes/VACReadOnlyFilesUserInputParams
instanceKlass ro/amiq/dvt/ls/extendedDataTypes/VACBeforeHandUserInputParams
instanceKlass ro/amiq/dvt/ls/extendedDataTypes/CodeBackgroundResult
instanceKlass ro/amiq/dvt/ls/extendedDataTypes/VACUserInputParams
instanceKlass freemarker/core/FMParser$JJCalls
instanceKlass ro/amiq/dvt/ls/extendedDataTypes/UpdateCompiledFileDecorationsParams
instanceKlass ro/amiq/dvt/ls/extendedDataTypes/ReportIssueNotificationParams
instanceKlass ro/amiq/dvt/ls/extendedDataTypes/ShowWaveDromDiagramResponse
instanceKlass ro/amiq/dvt/ls/extendedDataTypes/ShowDiagramResponse
instanceKlass ro/amiq/dvt/ls/ProcessingRequest
instanceKlass ro/amiq/dvt/ls/extendedDataTypes/VerissimoUpdateHtmlReportParams
instanceKlass ro/amiq/dvt/ls/extendedDataTypes/VerissimoStateInfo
instanceKlass ro/amiq/dvt/ls/extendedDataTypes/DBOutOfSyncParams
instanceKlass ro/amiq/dvt/ls/extendedDataTypes/VerissimoSessionParamsWr
instanceKlass ro/amiq/dvt/ls/extendedDataTypes/ShowModalParams
instanceKlass org/eclipse/lsp4j/TextDocumentIdentifier
instanceKlass ro/amiq/dvt/ls/extendedDataTypes/MemoryMonitorIssueParams
instanceKlass ro/amiq/dvt/ls/extendedDataTypes/UpdateBreadcrumbResult
instanceKlass ro/amiq/dvt/ls/extendedDataTypes/LicenseGlobalState
instanceKlass ro/amiq/dvt/ls/extendedDataTypes/LicenseCoreState
instanceKlass ro/amiq/dvt/ls/extendedDataTypes/BuildConsoleMessage
instanceKlass freemarker/core/DirectiveCallPlace
instanceKlass ro/amiq/dvt/ls/ai/extendedDataTypes/WriteToAIConsoleParams
instanceKlass ro/amiq/dvt/ls/ai/extendedDataTypes/AIExploratoryIncrementalBuildParams
instanceKlass ro/amiq/dvt/ls/ai/extendedDataTypes/OpenProtectFileAtLineParams
instanceKlass org/eclipse/lsp4j/ShowDocumentResult
instanceKlass org/eclipse/lsp4j/ApplyWorkspaceEditResponse
instanceKlass org/eclipse/lsp4j/WorkspaceFolder
instanceKlass org/eclipse/lsp4j/MessageActionItem
instanceKlass org/eclipse/lsp4j/jsonrpc/services/JsonNotification
instanceKlass freemarker/core/TemplateObject
instanceKlass org/eclipse/lsp4j/jsonrpc/json/JsonRpcMethod
instanceKlass javax/swing/tree/TreeNode
instanceKlass org/eclipse/lsp4j/jsonrpc/json/ResponseJsonAdapter
instanceKlass freemarker/core/FMParser
instanceKlass sun/reflect/generics/reflectiveObjects/LazyReflectiveObjectGenerator
instanceKlass java/lang/reflect/TypeVariable
instanceKlass sun/reflect/generics/tree/TypeVariableSignature
instanceKlass sun/reflect/generics/tree/ClassSignature
instanceKlass sun/reflect/generics/reflectiveObjects/ParameterizedTypeImpl
instanceKlass java/lang/reflect/ParameterizedType
instanceKlass sun/reflect/generics/tree/MethodTypeSignature
instanceKlass sun/reflect/generics/tree/Signature
instanceKlass sun/reflect/generics/tree/FormalTypeParameter
instanceKlass sun/reflect/generics/repository/AbstractRepository
instanceKlass java/util/stream/Nodes$ArrayNode
instanceKlass java/util/stream/Node$Builder
instanceKlass java/util/stream/Node$OfDouble
instanceKlass java/util/stream/Node$OfLong
instanceKlass java/util/stream/Node$OfInt
instanceKlass java/util/stream/Node$OfPrimitive
instanceKlass java/util/stream/Nodes$EmptyNode
instanceKlass java/util/stream/Node
instanceKlass java/util/stream/Nodes
instanceKlass org/eclipse/lsp4j/jsonrpc/services/AnnotationUtil$$Lambda$124
instanceKlass java/util/function/IntFunction
instanceKlass org/eclipse/lsp4j/jsonrpc/services/AnnotationUtil$$Lambda$123
instanceKlass freemarker/cache/URLTemplateSource
instanceKlass java/lang/annotation/Target
instanceKlass java/lang/reflect/Proxy$ProxyBuilder$1
instanceKlass freemarker/cache/TemplateLookupResult
instanceKlass java/lang/reflect/ProxyGenerator$ExceptionTableEntry
instanceKlass freemarker/cache/TemplateCache$CachedTemplate
instanceKlass java/lang/reflect/ProxyGenerator$PrimitiveTypeInfo
instanceKlass java/lang/reflect/ProxyGenerator$FieldInfo
instanceKlass freemarker/cache/TemplateCache$TemplateKey
instanceKlass java/lang/reflect/ProxyGenerator$ConstantPool$Entry
instanceKlass java/lang/reflect/ProxyGenerator$MethodInfo
instanceKlass java/lang/reflect/ProxyGenerator$ProxyMethod
instanceKlass freemarker/cache/URLTemplateLoader
instanceKlass java/lang/reflect/ProxyGenerator$ConstantPool
instanceKlass java/lang/reflect/ProxyGenerator
instanceKlass freemarker/template/utility/XmlEscape
instanceKlass java/lang/reflect/Proxy$$Lambda$122
instanceKlass java/lang/PublicMethods
instanceKlass freemarker/template/utility/NormalizeNewlines
instanceKlass java/lang/reflect/Proxy$ProxyBuilder
instanceKlass freemarker/template/utility/HtmlEscape
instanceKlass java/lang/reflect/Proxy$$Lambda$121
instanceKlass freemarker/template/TemplateNumberModel
instanceKlass freemarker/template/utility/StandardCompress
instanceKlass java/lang/reflect/Proxy
instanceKlass freemarker/template/utility/CaptureOutput
instanceKlass freemarker/template/TemplateTransformModel
instanceKlass sun/reflect/annotation/AnnotationInvocationHandler
instanceKlass freemarker/cache/StatefulTemplateLoader
instanceKlass sun/reflect/annotation/AnnotationParser$1
instanceKlass java/lang/annotation/Inherited
instanceKlass java/lang/annotation/Retention
instanceKlass sun/reflect/annotation/ExceptionProxy
instanceKlass sun/reflect/annotation/AnnotationType$1
instanceKlass sun/reflect/annotation/AnnotationType
instanceKlass java/lang/reflect/GenericArrayType
instanceKlass freemarker/cache/TemplateNameFormat
instanceKlass sun/reflect/generics/visitor/Reifier
instanceKlass sun/reflect/generics/visitor/TypeTreeVisitor
instanceKlass sun/reflect/generics/factory/CoreReflectionFactory
instanceKlass sun/reflect/generics/factory/GenericsFactory
instanceKlass freemarker/cache/TemplateLookupStrategy
instanceKlass sun/reflect/generics/scope/AbstractScope
instanceKlass sun/reflect/generics/scope/Scope
instanceKlass sun/reflect/generics/tree/ClassTypeSignature
instanceKlass sun/reflect/generics/tree/SimpleClassTypeSignature
instanceKlass sun/reflect/generics/tree/FieldTypeSignature
instanceKlass sun/reflect/generics/tree/BaseType
instanceKlass sun/reflect/generics/tree/TypeSignature
instanceKlass sun/reflect/generics/tree/ReturnType
instanceKlass sun/reflect/generics/tree/TypeArgument
instanceKlass sun/reflect/generics/tree/TypeTree
instanceKlass sun/reflect/generics/tree/Tree
instanceKlass freemarker/cache/SoftCacheStorage
instanceKlass sun/reflect/generics/parser/SignatureParser
instanceKlass freemarker/cache/CacheStorageWithGetSize
instanceKlass freemarker/cache/ConcurrentCacheStorage
instanceKlass org/eclipse/lsp4j/jsonrpc/services/JsonRequest
instanceKlass org/eclipse/lsp4j/RegistrationParams
instanceKlass org/eclipse/lsp4j/ProgressParams
instanceKlass org/eclipse/lsp4j/WorkDoneProgressCreateParams
instanceKlass freemarker/cache/FileTemplateLoader$1
instanceKlass org/eclipse/lsp4j/ShowDocumentParams
instanceKlass freemarker/template/utility/SecurityUtilities$1
instanceKlass org/eclipse/lsp4j/PublishDiagnosticsParams
instanceKlass org/eclipse/lsp4j/LogTraceParams
instanceKlass org/eclipse/lsp4j/ApplyWorkspaceEditParams
instanceKlass org/eclipse/lsp4j/UnregistrationParams
instanceKlass org/eclipse/lsp4j/ConfigurationParams
instanceKlass java/lang/Class$AnnotationData
instanceKlass org/eclipse/lsp4j/jsonrpc/services/JsonSegment
instanceKlass freemarker/template/utility/StringUtil
instanceKlass org/eclipse/lsp4j/jsonrpc/services/AnnotationUtil
instanceKlass org/eclipse/lsp4j/jsonrpc/services/ServiceEndpoints$$Lambda$120
instanceKlass org/eclipse/lsp4j/jsonrpc/services/AnnotationUtil$MethodInfo
instanceKlass freemarker/cache/FileTemplateLoader
instanceKlass java/lang/reflect/InvocationHandler
instanceKlass org/eclipse/lsp4j/jsonrpc/services/ServiceEndpoints
instanceKlass ro/amiq/dvt/ls/LSConnectionManager$$Lambda$119
instanceKlass java/net/Socket$3
instanceKlass java/net/Socket$2
instanceKlass org/eclipse/lsp4j/jsonrpc/Launcher
instanceKlass org/eclipse/lsp4j/jsonrpc/Endpoint
instanceKlass org/eclipse/lsp4j/jsonrpc/json/MethodProvider
instanceKlass org/eclipse/lsp4j/jsonrpc/MessageProducer
instanceKlass org/eclipse/lsp4j/jsonrpc/MessageIssueHandler
instanceKlass org/eclipse/lsp4j/jsonrpc/Launcher$Builder
instanceKlass freemarker/cache/TemplateLookupContext
instanceKlass freemarker/cache/TemplateCache
instanceKlass freemarker/core/TemplateClassResolver$3
instanceKlass freemarker/core/TemplateClassResolver$2
instanceKlass freemarker/core/TemplateClassResolver$1
instanceKlass freemarker/template/TemplateHashModelEx2
instanceKlass freemarker/template/TemplateCollectionModelEx
instanceKlass freemarker/template/WrappingTemplateModel
instanceKlass freemarker/ext/beans/BeansWrapperSingletonHolder
instanceKlass freemarker/template/TemplateExceptionHandler$4
instanceKlass freemarker/template/TemplateExceptionHandler$3
instanceKlass freemarker/template/TemplateExceptionHandler$2
instanceKlass freemarker/template/TemplateExceptionHandler$1
instanceKlass freemarker/template/TemplateExceptionHandler
instanceKlass freemarker/ext/beans/BeanModel$1
instanceKlass freemarker/template/SimpleScalar
instanceKlass freemarker/template/TemplateScalarModel
instanceKlass freemarker/template/TemplateCollectionModel
instanceKlass freemarker/ext/beans/SimpleMethod
instanceKlass freemarker/core/_UnexpectedTypeErrorExplainerTemplateModel
instanceKlass freemarker/template/TemplateSequenceModel
instanceKlass freemarker/ext/beans/BeanModel
instanceKlass freemarker/template/TemplateModelWithAPISupport
instanceKlass freemarker/ext/util/WrapperTemplateModel
instanceKlass freemarker/template/AdapterTemplateModel
instanceKlass freemarker/template/TemplateHashModelEx
instanceKlass freemarker/template/TemplateBooleanModel
instanceKlass freemarker/ext/beans/_BeansAPI
instanceKlass freemarker/template/utility/SecurityUtilities$2
instanceKlass freemarker/template/utility/SecurityUtilities
instanceKlass java/beans/FeatureDescriptor
instanceKlass freemarker/ext/beans/ClassIntrospector
instanceKlass freemarker/ext/beans/BeansWrapper$3
instanceKlass freemarker/ext/beans/ClassIntrospectorBuilder
instanceKlass freemarker/template/_TemplateAPI
instanceKlass java/text/CalendarBuilder
instanceKlass java/text/ParsePosition
instanceKlass java/text/DigitList
instanceKlass java/text/FieldPosition
instanceKlass sun/util/locale/provider/JRELocaleProviderAdapter$$Lambda$118
instanceKlass java/text/DecimalFormatSymbols
instanceKlass sun/util/locale/provider/JRELocaleProviderAdapter$$Lambda$117
instanceKlass sun/util/locale/provider/JRELocaleProviderAdapter$$Lambda$116
instanceKlass java/text/DateFormatSymbols
instanceKlass java/util/Calendar$Builder
instanceKlass sun/util/locale/provider/JRELocaleProviderAdapter$$Lambda$115
instanceKlass java/text/AttributedCharacterIterator$Attribute
instanceKlass freemarker/template/Version
instanceKlass freemarker/core/CommonTemplateMarkupOutputModel
instanceKlass freemarker/core/TemplateMarkupOutputModel
instanceKlass freemarker/core/OutputFormat
instanceKlass freemarker/cache/CacheStorage
instanceKlass freemarker/cache/TemplateLoader
instanceKlass freemarker/core/TemplateClassResolver
instanceKlass freemarker/core/FMParserConstants
instanceKlass freemarker/core/ArithmeticEngine
instanceKlass freemarker/core/Configurable
instanceKlass freemarker/core/ParserConfiguration
instanceKlass freemarker/ext/beans/BeansWrapper$5
instanceKlass freemarker/ext/beans/BeansWrapper$4
instanceKlass freemarker/ext/util/ModelCache
instanceKlass freemarker/ext/beans/MethodAppearanceFineTuner
instanceKlass freemarker/ext/beans/BeansWrapperConfiguration
instanceKlass freemarker/ext/util/ModelFactory
instanceKlass freemarker/template/TemplateMethodModelEx
instanceKlass freemarker/template/TemplateMethodModel
instanceKlass freemarker/ext/beans/ClassBasedModelFactory
instanceKlass freemarker/template/TemplateHashModel
instanceKlass freemarker/template/TemplateModel
instanceKlass freemarker/ext/beans/BeansWrapper
instanceKlass freemarker/template/utility/WriteProtectable
instanceKlass freemarker/template/utility/RichObjectWrapper
instanceKlass freemarker/template/utility/ObjectWrapperWithAPISupport
instanceKlass freemarker/template/ObjectWrapperAndUnwrapper
instanceKlass freemarker/template/ObjectWrapper
instanceKlass ro/amiq/dvt/model/reflection/BatchProject$$Lambda$114
instanceKlass ro/amiq/dvt/ls/build/BuildUtils$$Lambda$113
instanceKlass org/eclipse/lsp4j/MessageParams
instanceKlass ro/amiq/dvt/utils/buildconfig/BuildConfigGenerator
instanceKlass java/util/concurrent/TimeUnit$1
instanceKlass java/util/concurrent/Executors$RunnableAdapter
instanceKlass java/util/concurrent/FutureTask$WaitNode
instanceKlass java/util/concurrent/FutureTask
instanceKlass ro/amiq/dvt/ls/LSExecutor$$Lambda$112
instanceKlass ro/amiq/dvt/ls/build/RestoreManager$$Lambda$111
instanceKlass org/eclipse/ui/console/MessageConsoleStream
instanceKlass ro/amiq/vhdldt/parser/VhdlParser$24
instanceKlass ro/amiq/dvt/model/reflection/util/AssociationUtils
instanceKlass ro/amiq/dvt/model/reflection/semantic/extension/HidHolder$$Lambda$110
instanceKlass ro/amiq/vhdldt/parser/VhdlParser$11
instanceKlass ro/amiq/vhdldt/parser/VhdlParser$33
instanceKlass ro/amiq/vhdldt/parser/VhdlParser$10
instanceKlass ro/amiq/vhdldt/parser/VhdlParser$13
instanceKlass ro/amiq/vhdldt/parser/VhdlParser$32
instanceKlass ro/amiq/vhdldt/model/reflection/ConstraintHolder
instanceKlass ro/amiq/dvt/utils/PFileInputStream$DataBlock
instanceKlass ro/amiq/dvt/utils/PFileInputStream$ReaderRunnable
instanceKlass ro/amiq/vhdldt/parser/VhdlLoadedInfo
instanceKlass ro/amiq/vhdldt/parser/VhdlParser$2
instanceKlass ro/amiq/dvt/model/reflection/semantic/extension/IHidHolderConstants$HidRequest
instanceKlass ro/amiq/vhdldt/parser/VhdlParser$1
instanceKlass ro/amiq/dvt/optimized/collections/ListContainer$OneValueIterator
instanceKlass ro/amiq/dvt/utils/OptimizedHashMap$OneValueIterator
instanceKlass ro/amiq/dvt/utils/OptimizedHashMap$OneElementSet
instanceKlass ro/amiq/vhdldt/parser/VhdlParser$3
instanceKlass ro/amiq/vhdldt/model/reflection/ArgInfo
instanceKlass ro/amiq/vhdldt/parser/VhdlParser$27
instanceKlass ro/amiq/vhdldt/parser/VhdlParser$34
instanceKlass ro/amiq/vhdldt/model/reflection/DataType
instanceKlass ro/amiq/dvt/model/reflection/semantic/extension/IHidHolderConstants$OperatorRequest
instanceKlass ro/amiq/dvt/model/reflection/semantic/extension/HidOccurrenceBounds
instanceKlass ro/amiq/dvt/model/reflection/semantic/extension/HidScopeResetWrapper
instanceKlass ro/amiq/vhdldt/model/reflection/semantic/extension/IRfHidImplicitLayer
instanceKlass ro/amiq/vhdldt/model/reflection/semantic/extension2/SDataType
instanceKlass ro/amiq/vhdldt/model/reflection/IndexConstraint
instanceKlass ro/amiq/vhdldt/parser/VhdlParser$14
instanceKlass ro/amiq/dvt/model/reflection/LineInfo
instanceKlass ro/amiq/vhdldt/parser/VhdlParser$12
instanceKlass antlr/ExceptionsUtil
instanceKlass ro/amiq/dvt/utils/parser/CommentBlock
instanceKlass ro/amiq/dvt/utils/parser/CommentsTable
instanceKlass ro/amiq/dvt/utils/parser/Comment
instanceKlass org/eclipse/jface/text/Position
instanceKlass ro/amiq/dvt/model/reflection/DataTypeChunk
instanceKlass ro/amiq/vhdldt/model/reflection/ImportInfo
instanceKlass antlr/TokenQueue
instanceKlass antlr/TokenBuffer
instanceKlass antlr/ParserSharedInputState
instanceKlass ro/amiq/dvt/utils/parser/DVTLexerStack
instanceKlass antlr/Parser$UserMark
instanceKlass ro/amiq/dvt/model/reflection/semantic/extension/HidExpressionBuilder
instanceKlass ro/amiq/vhdldt/model/reflection/semantic/extension/IRfHidOperatorLayer
instanceKlass antlr/Parser
instanceKlass ro/amiq/vhdldt/parser/VhdlParserTokenTypes
instanceKlass antlr/Utils
instanceKlass antlr/ANTLRHashString
instanceKlass antlr/ANTLRStringBuffer
instanceKlass antlr/LexerSharedInputState
instanceKlass antlr/CharQueue
instanceKlass antlr/collections/impl/BitSet
instanceKlass antlr/CharScanner$UserMark
instanceKlass ro/amiq/dvt/ui/custompragma/CustomPragma
instanceKlass antlr/InputBuffer
instanceKlass antlr/CharScanner
instanceKlass ro/amiq/vhdldt/parser/VhdlLexerTokenTypes
instanceKlass ro/amiq/dvt/utils/FileInputStreamUtils
instanceKlass ro/amiq/vhdldt/parser/VhdlCompileInfo
instanceKlass ro/amiq/vhdldt/parser/VhdlFileInstance
instanceKlass ro/amiq/vhdldt/parser/VhdlStartedInfo
instanceKlass ro/amiq/dvt/IDVTConstants
instanceKlass sun/security/provider/AbstractDrbg$NonceProvider
instanceKlass sun/security/provider/AbstractDrbg$SeederHolder$$Lambda$109
instanceKlass java/lang/invoke/LambdaForm$DMH
instanceKlass java/lang/invoke/LambdaForm$DMH
instanceKlass sun/nio/fs/BasicFileAttributesHolder
instanceKlass sun/nio/fs/WindowsDirectoryStream$WindowsDirectoryIterator
instanceKlass sun/nio/fs/WindowsDirectoryStream
instanceKlass java/nio/file/DirectoryStream
instanceKlass java/nio/file/Files$AcceptAllFilter
instanceKlass java/nio/file/DirectoryStream$Filter
instanceKlass java/net/NetworkInterface$2
instanceKlass java/net/DefaultInterface
instanceKlass java/net/InterfaceAddress
instanceKlass java/net/NetworkInterface$1
instanceKlass sun/security/provider/SeedGenerator$1
instanceKlass sun/security/provider/SeedGenerator
instanceKlass sun/security/provider/AbstractDrbg$SeederHolder
instanceKlass java/security/DrbgParameters$NextBytes
instanceKlass sun/security/provider/AbstractDrbg$$Lambda$108
instanceKlass sun/security/provider/EntropySource
instanceKlass java/lang/invoke/LambdaForm$DMH
instanceKlass java/lang/invoke/LambdaForm$DMH
instanceKlass sun/security/provider/AbstractDrbg
instanceKlass java/security/DrbgParameters$Instantiation
instanceKlass java/security/DrbgParameters
instanceKlass sun/security/provider/MoreDrbgParameters
instanceKlass sun/security/provider/DRBG$$Lambda$107
instanceKlass java/security/SecureRandomParameters
instanceKlass java/util/AbstractList$Itr
instanceKlass java/nio/file/TempFileHelper
instanceKlass ro/amiq/vhdldt/builders/VhdlBuilderUtils
instanceKlass ro/amiq/vhdldt/parser/VhdlUtil
instanceKlass antlr/TokenStream
instanceKlass ro/amiq/vhdldt/parser/IParsingInfo
instanceKlass ro/amiq/vhdldt/parser/VhdlAMS
instanceKlass ro/amiq/vhdldt/model/IVhdlProject
instanceKlass ro/amiq/vhdldt/model/IVhdlConstants
instanceKlass ro/amiq/dvt/utils/parser/DVTCodeCommentsPreferences
instanceKlass ro/amiq/vhdldt/model/reflection/semantic/SemanticErrorsManagerCommon
instanceKlass ro/amiq/vhdldt/utils/UtilsCommon
instanceKlass ro/amiq/dvt/precompiled/PrecompiledDBManager
instanceKlass ro/amiq/vhdldt/parser/VhdlFileInstancesMap
instanceKlass ro/amiq/vhdldt/model/reflection/RfProject$SemanticErrorsTable
instanceKlass ro/amiq/vhdldt/model/reflection/FileReferenceGraph
instanceKlass ro/amiq/vhdldt/model/reflection/PredefinedTypeHolder
instanceKlass ro/amiq/vhdldt/model/reflection/RfProject$RfProjectContent
instanceKlass ro/amiq/vhdldt/model/reflection/RfNamedElement$1
instanceKlass ro/amiq/vhdldt/model/reflection/IncrementalDeltaContainer
instanceKlass ro/amiq/dvt/model/reflection/IRfEntityComplement
instanceKlass ro/amiq/dvt/model/reflection/IRfRulesContainer
instanceKlass ro/amiq/dvt/model/reflection/IRfWrapper
instanceKlass ro/amiq/vhdldt/model/reflection/IRfAssociatedType
instanceKlass ro/amiq/dvt/model/reflection/IRfTypeElement
instanceKlass ro/amiq/vhdldt/model/reflection/IRfNamedElementVisitor
instanceKlass ro/amiq/dvt/model/reflection/IRfConfigurationRule
instanceKlass ro/amiq/vhdldt/model/reflection/RfDefElement
instanceKlass ro/amiq/vhdldt/model/reflection/IFileDocumentListener
instanceKlass ro/amiq/vhdldt/model/reflection/RfNamedElement
instanceKlass ro/amiq/vhdldt/model/reflection/IRfScope
instanceKlass ro/amiq/dvt/utils/OptimizedHashMap$Entry
instanceKlass ro/amiq/dvt/utils/OptimizedHashMap
instanceKlass ro/amiq/dvt/model/reflection/semantic/extension/HidOperator$$Lambda$106
instanceKlass java/lang/invoke/LambdaForm$DMH
instanceKlass ro/amiq/dvt/csp/solver/Model$IForeachExpander
instanceKlass ro/amiq/dvt/csp/variables/IDomain
instanceKlass ro/amiq/dvt/csp/variables/ISubDomain
instanceKlass ro/amiq/dvt/csp/variables/Variable
instanceKlass ro/amiq/dvt/elaboration/model/IELParamValue
instanceKlass ro/amiq/dvt/model/reflection/semantic/extension/HidUtils$1
instanceKlass ro/amiq/dvt/model/reflection/semantic/extension/HidUtils
instanceKlass ro/amiq/dvt/model/reflection/semantic/extension/HidQualifierCache
instanceKlass ro/amiq/vlogdt/model/reflection/semantic/extension/IRfHidImplicitLayer
instanceKlass ro/amiq/dvt/model/reflection/semantic/extension/HidImplicit
instanceKlass ro/amiq/dvt/model/reflection/semantic/extension/IHidImplicit
instanceKlass ro/amiq/dvt/model/reflection/semantic/extension/IHidImplicitConstants
instanceKlass ro/amiq/vlogdt/model/reflection/semantic/extension2/STransformer$1
instanceKlass ro/amiq/dvt/model/reflection/semantic/extension2/SDataVariable
instanceKlass ro/amiq/dvt/model/reflection/RfElementPathBase
instanceKlass ro/amiq/dvt/model/reflection/semantic/extension2/SDataTypeAndCategoryPair
instanceKlass ro/amiq/dvt/model/reflection/semantic/extension2/DummyDataType
instanceKlass ro/amiq/dvt/model/reflection/semantic/extension2/DummyElement
instanceKlass ro/amiq/dvt/model/reflection/semantic/extension2/SDataAbstracts
instanceKlass ro/amiq/vlogdt/model/reflection/semantic/extension2/SDataType
instanceKlass ro/amiq/dvt/model/reflection/semantic/extension2/ISDataType
instanceKlass ro/amiq/dvt/model/reflection/semantic/extension2/ISContext
instanceKlass ro/amiq/dvt/model/reflection/semantic/extension/IHidBuilders
instanceKlass ro/amiq/dvt/model/reflection/semantic/extension2/ISTransformer
instanceKlass org/eclipse/ui/IEditorPart
instanceKlass org/eclipse/ui/IWorkbenchPart
instanceKlass org/eclipse/ui/ISaveablePart
instanceKlass java/nio/file/FileVisitor
instanceKlass org/eclipse/jface/text/source/Annotation
instanceKlass ro/amiq/dvt/utils/DVTFileUtilsBatchBase
instanceKlass ro/amiq/dvt/model/problems/MSDLProblemKinds
instanceKlass ro/amiq/dvt/model/problems/PSSProblemKinds
instanceKlass ro/amiq/dvt/model/problems/VhdlProblemKinds
instanceKlass ro/amiq/dvt/model/problems/VlogProblemKinds
instanceKlass ro/amiq/dvt/model/problems/EProblemKinds
instanceKlass ro/amiq/dvt/model/problems/DVTProblemKind
instanceKlass ro/amiq/dvt/model/problems/DVTProblemKinds
instanceKlass ro/amiq/dvt/utils/BaseUtils
instanceKlass ro/amiq/dvt/model/reflection/ParserPath
instanceKlass ro/amiq/vlogdt/model/reflection/RfNamedElement$NamesCache
instanceKlass ro/amiq/vlogdt/model/reflection/RfProject$BuildScope
instanceKlass ro/amiq/dvt/builders/FileInfo
instanceKlass org/eclipse/core/filesystem/IFileInfo
instanceKlass ro/amiq/dvt/buildconfig/Invocation
instanceKlass antlr/Token
instanceKlass ro/amiq/dvt/buildconfig/BuildConfigParser
instanceKlass ro/amiq/dvt/utils/DVTUtilsCommon$IEnvironmentProvider
instanceKlass ro/amiq/dvt/buildconfig/IBuildConfigLexerListener
instanceKlass ro/amiq/dvt/buildconfig/BuildConfigManagerCommon$$Lambda$105
instanceKlass java/io/FileFilter
instanceKlass com/sun/org/apache/xerces/internal/dom/DeepNodeListImpl
instanceKlass com/sun/org/apache/xerces/internal/impl/Constants$ArrayEnumeration
instanceKlass com/sun/org/apache/xerces/internal/impl/Constants
instanceKlass com/sun/org/apache/xerces/internal/dom/DeferredDocumentImpl$RefCount
instanceKlass com/sun/org/apache/xerces/internal/dom/DeferredNode
instanceKlass com/sun/org/apache/xerces/internal/util/XMLSymbols
instanceKlass com/sun/xml/internal/stream/Entity
instanceKlass com/sun/xml/internal/stream/util/BufferAllocator
instanceKlass com/sun/xml/internal/stream/util/ThreadLocalBufferAllocator
instanceKlass com/sun/org/apache/xerces/internal/impl/XMLEntityManager$EncodingInfo
instanceKlass sun/net/DefaultProgressMeteringPolicy
instanceKlass sun/net/ProgressMeteringPolicy
instanceKlass sun/net/ProgressMonitor
instanceKlass com/sun/org/apache/xerces/internal/util/URI
instanceKlass com/sun/org/apache/xerces/internal/utils/XMLLimitAnalyzer
instanceKlass com/sun/org/apache/xerces/internal/xni/parser/XMLInputSource
instanceKlass org/xml/sax/InputSource
instanceKlass ro/amiq/vlogdt/parser/VlogMacroZone
instanceKlass ro/amiq/vlogdt/parser/VlogIncludingScope
instanceKlass ro/amiq/vlogdt/parser/VlogFileInstance
instanceKlass ro/amiq/vlogdt/parser/IDefinesProvider
instanceKlass ro/amiq/vlogdt/parser/VlogPreprocessingInfo
instanceKlass ro/amiq/dvt/utils/OptimizedCollection$OneValueIterator
instanceKlass ro/amiq/dvt/utils/OptimizedCollection
instanceKlass ro/amiq/dvt/optimized/collections/ExtendedSet
instanceKlass ro/amiq/dvt/utils/OptimizedUtils
instanceKlass ro/amiq/vlogdt/model/reflection/ArgInfo
instanceKlass ro/amiq/dvt/utils/DVTArrayList
instanceKlass ro/amiq/dvt/model/reflection/IResultImplicitVariable
instanceKlass ro/amiq/dvt/model/reflection/semantic/extension/HidHolder
instanceKlass java/util/EnumMap$EnumMapIterator
instanceKlass java/math/MathContext
instanceKlass ro/amiq/dvt/utils/IDVTMemberSelectable
instanceKlass ro/amiq/dvt/model/reflection/semantic/extension/HidEvalCenter$IInitialValueDeclarationStatement
instanceKlass ro/amiq/dvt/model/reflection/semantic/extension/HidEvalCenter$IDeclarationStatement
instanceKlass ro/amiq/vlogdt/model/reflection/semantic/extension/IRfHidOperatorLayer
instanceKlass ro/amiq/dvt/model/reflection/semantic/extension/HidOperator
instanceKlass ro/amiq/dvt/model/reflection/semantic/extension/HidOccurrence
instanceKlass ro/amiq/dvt/model/reflection/semantic/extension/IHidOperator
instanceKlass ro/amiq/dvt/model/reflection/semantic/extension/IHidOperatorConstants
instanceKlass ro/amiq/dvt/model/reflection/semantic/extension2/ISDataAbstract
instanceKlass ro/amiq/dvt/optimized/collections/fast/AbstractHMap$Node
instanceKlass ro/amiq/dvt/optimized/collections/fast/AbstractBMap
instanceKlass ro/amiq/dvt/utils/IDVTRangeSelectable
instanceKlass ro/amiq/dvt/utils/DVTNumber
instanceKlass ro/amiq/vlogdt/model/reflection/IParameterValue
instanceKlass ro/amiq/vlogdt/model/reflection/RfVerilog
instanceKlass ro/amiq/vlogdt/utils/SourceFileToBuildFileMapping
instanceKlass ro/amiq/vlogdt/model/reflection/RfProject$SemanticErrorsTable
instanceKlass ro/amiq/dvt/utils/DVTLinkedHashMap
instanceKlass ro/amiq/dvt/model/reflection/RfCompiledFiles
instanceKlass ro/amiq/vlogdt/model/reflection/RfProject$RfProjectContent
instanceKlass ro/amiq/vlogdt/model/reflection/RfProject$11
instanceKlass ro/amiq/vlogdt/model/reflection/RfProject$10
instanceKlass ro/amiq/vlogdt/model/reflection/RfProject$9
instanceKlass ro/amiq/vlogdt/model/reflection/RfProject$8
instanceKlass ro/amiq/vlogdt/model/reflection/RfProject$7
instanceKlass ro/amiq/vlogdt/model/reflection/RfProject$6
instanceKlass ro/amiq/vlogdt/model/reflection/RfProject$5
instanceKlass ro/amiq/vlogdt/model/reflection/RfProject$4
instanceKlass ro/amiq/vlogdt/model/reflection/RfProject$3
instanceKlass ro/amiq/vlogdt/model/reflection/RfProject$2
instanceKlass ro/amiq/vlogdt/model/reflection/RfProject$1
instanceKlass ro/amiq/vlogdt/model/reflection/IncrementalDeltaContainer
instanceKlass ro/amiq/dvt/model/reflection/IRfListType
instanceKlass ro/amiq/dvt/model/reflection/IRfScalarTypeElement
instanceKlass ro/amiq/dvt/model/reflection/IReportHitsListener
instanceKlass ro/amiq/dvt/model/reflection/DVTRfUtils
instanceKlass ro/amiq/vlogdt/model/reflection/IRfSpecializedParamElement
instanceKlass ro/amiq/dvt/model/reflection/IRfSpecializedDesign
instanceKlass ro/amiq/dvt/optimized/collections/ListContainer$1
instanceKlass ro/amiq/dvt/model/reflection/util/IIdleListener
instanceKlass ro/amiq/vlogdt/model/reflection/IRfMacroVisitor
instanceKlass ro/amiq/dvt/model/reflection/IRfProjectContent
instanceKlass ro/amiq/dvt/interpreter/IXValueHolderFactoryContributor
instanceKlass ro/amiq/dvt/model/reflection/IIncrementalDeltaContainer
instanceKlass ro/amiq/vlogdt/model/reflection/IndexType
instanceKlass ro/amiq/dvt/model/reflection/semantic/extension/IDataType
instanceKlass ro/amiq/dvt/model/reflection/IRfCovergroup
instanceKlass ro/amiq/dvt/model/reflection/IRfConfiguration
instanceKlass ro/amiq/dvt/model/reflection/IRfAssertExpectElement
instanceKlass ro/amiq/dvt/model/reflection/IRfClockingBlockElement
instanceKlass ro/amiq/dvt/model/reflection/IRfModportElement
instanceKlass ro/amiq/dvt/model/reflection/IRfPortElement
instanceKlass ro/amiq/dvt/model/reflection/IRfConstraintElement
instanceKlass ro/amiq/dvt/model/reflection/IRfWaitElement
instanceKlass ro/amiq/dvt/utils/parser/IDVTFileInstance
instanceKlass ro/amiq/dvt/model/IBuildDoneListener
instanceKlass ro/amiq/vlogdt/model/reflection/RfProject$LibraryWorker
instanceKlass ro/amiq/vlogdt/model/reflection/IRfNamedElementVisitor
instanceKlass ro/amiq/dvt/model/reflection/IRfFileDef
instanceKlass ro/amiq/vlogdt/model/reflection/IElementValidator
instanceKlass ro/amiq/dvt/model/reflection/IRfTypeAliasElement
instanceKlass ro/amiq/dvt/model/reflection/IRfEnumElement
instanceKlass ro/amiq/dvt/model/reflection/IRfCompositeType
instanceKlass ro/amiq/dvt/model/reflection/IRfFieldElement
instanceKlass ro/amiq/vlogdt/model/reflection/IRfAssociatedType
instanceKlass ro/amiq/dvt/model/reflection/IRfMethodElement
instanceKlass ro/amiq/dvt/model/reflection/IRfBlockElement
instanceKlass ro/amiq/vlogdt/model/reflection/IRfInheritance
instanceKlass ro/amiq/dvt/model/reflection/IRfClassElement
instanceKlass ro/amiq/dvt/diagrams/wavedrom/IBitFieldRegister
instanceKlass ro/amiq/dvt/interpreter/XEvalScope
instanceKlass ro/amiq/dvt/model/reflection/semantic/extension/IHidEvaluator
instanceKlass ro/amiq/dvt/model/reflection/IRfInterface
instanceKlass ro/amiq/dvt/model/reflection/IRfInstanceElement
instanceKlass ro/amiq/dvt/model/reflection/IRfAssociatedTypeElement
instanceKlass ro/amiq/dvt/elaboration/model/IELDescription
instanceKlass ro/amiq/dvt/model/reflection/BaseConfigInfo
instanceKlass ro/amiq/vlogdt/model/reflection/ImportInfo
instanceKlass ro/amiq/dvt/model/reflection/IRfElementFilter
instanceKlass ro/amiq/dvt/model/reflection/IRfPackageElement
instanceKlass ro/amiq/dvt/elaboration/core/IELProject
instanceKlass ro/amiq/vhdldt/model/reflection/views/VhdlSearchContributor
instanceKlass ro/amiq/dvt/ui/refactor/rename/DVTRenameDelegateCommon
instanceKlass ro/amiq/dvt/ui/editor/DVTFileStatusContext
instanceKlass ro/amiq/dvt/model/reflection/semantic/extension/IHidVisitor
instanceKlass ro/amiq/vlogdt/model/reflection/views/VlogSearchContributorCommon
instanceKlass ro/amiq/dvt/ui/views/ISearchContributor
instanceKlass ro/amiq/vhdldt/model/reflection/VhdlReflectionContributorCommon
instanceKlass ro/amiq/dvt/model/reflection/IRfActionBlockElement
instanceKlass ro/amiq/dvt/ls/LSTracingMessageConsumer$$Lambda$104
instanceKlass ro/amiq/dvt/model/reflection/semantic/extension/IHidAccessArgs
instanceKlass jdk/internal/logger/DefaultLoggerFinder$1
instanceKlass java/util/logging/Logger$SystemLoggerHelper$1
instanceKlass java/util/logging/Logger$SystemLoggerHelper
instanceKlass ro/amiq/dvt/model/reflection/semantic/extension/HidAccess
instanceKlass java/util/logging/LogManager$4
instanceKlass jdk/internal/logger/BootstrapLogger$BootstrapExecutors
instanceKlass jdk/internal/logger/BootstrapLogger$RedirectedLoggers
instanceKlass jdk/internal/logger/BootstrapLogger$DetectBackend$1
instanceKlass jdk/internal/logger/BootstrapLogger$DetectBackend
instanceKlass jdk/internal/logger/BootstrapLogger
instanceKlass sun/util/logging/PlatformLogger$ConfigurableBridge
instanceKlass sun/util/logging/PlatformLogger$Bridge
instanceKlass ro/amiq/dvt/model/reflection/semantic/extension/Hid
instanceKlass ro/amiq/dvt/model/reflection/semantic/extension/IHid
instanceKlass ro/amiq/dvt/model/reflection/semantic/extension/IHidOccurrenceHolder
instanceKlass java/util/stream/Streams
instanceKlass java/util/stream/Streams$AbstractStreamBuilderImpl
instanceKlass java/util/stream/Stream$Builder
instanceKlass java/util/stream/FindOps$FindSink$OfRef$$Lambda$103
instanceKlass java/util/stream/FindOps$FindSink$OfRef$$Lambda$102
instanceKlass java/util/stream/FindOps$FindSink$OfRef$$Lambda$101
instanceKlass java/util/stream/FindOps$FindSink$OfRef$$Lambda$100
instanceKlass java/util/stream/FindOps$FindOp
instanceKlass ro/amiq/vlogdt/model/reflection/RfDefElement
instanceKlass java/util/stream/FindOps$FindSink
instanceKlass java/util/stream/FindOps
instanceKlass ro/amiq/vlogdt/model/reflection/IFileDocumentListener
instanceKlass java/util/logging/Level$KnownLevel$$Lambda$99
instanceKlass ro/amiq/dvt/model/reflection/IRfDefElement
instanceKlass ro/amiq/dvt/model/reflection/IRfDefContainer
instanceKlass ro/amiq/dvt/model/reflection/ICommentBlockElement
instanceKlass java/util/logging/Level$$Lambda$98
instanceKlass java/util/logging/LogManager$LoggerContext$1
instanceKlass java/util/logging/LogManager$VisitedLoggers
instanceKlass ro/amiq/dvt/model/persistence/PersistenceBase
instanceKlass java/util/logging/LogManager$2
instanceKlass java/lang/System$LoggerFinder
instanceKlass java/util/logging/LogManager$LoggingProviderAccess
instanceKlass sun/util/logging/internal/LoggingProviderImpl$LogManagerAccess
instanceKlass java/util/logging/LogManager$LogNode
instanceKlass java/util/logging/LogManager$LoggerContext
instanceKlass java/util/logging/LogManager$1
instanceKlass org/eclipse/jface/text/source/SourceViewerConfiguration
instanceKlass java/util/logging/Logger$ConfigurationData
instanceKlass java/util/logging/Logger$LoggerBundle
instanceKlass java/util/logging/Level
instanceKlass java/util/logging/Handler
instanceKlass java/util/logging/Logger
instanceKlass ro/amiq/vlogdt/model/reflection/VlogReflectionContributorCommon
instanceKlass ro/amiq/dvt/model/reflection/IReflectionContributor
instanceKlass java/util/TimerTask
instanceKlass ro/amiq/dvt/model/reflection/RfGUIUtilsCommon
instanceKlass ro/amiq/dvt/ls/LSConnectionManager$$Lambda$97
instanceKlass ro/amiq/dvt/elaboration/core/ELConstantsManager
instanceKlass ro/amiq/dvt/ls/LSConnectionManager$$Lambda$96
instanceKlass ro/amiq/dvt/ls/LSConnectionManager$$Lambda$95
instanceKlass org/eclipse/core/runtime/jobs/Job
instanceKlass java/lang/invoke/LambdaForm$MH
instanceKlass java/lang/invoke/LambdaForm$DMH
instanceKlass java/lang/invoke/LambdaForm$DMH
instanceKlass ro/amiq/dvt/ls/LSConnectionManager$$Lambda$94
instanceKlass java/lang/invoke/LambdaForm$DMH
instanceKlass ro/amiq/dvt/model/reflection/RfMixedLangProjectCommon
instanceKlass java/net/Socket
instanceKlass ro/amiq/dvt/ls/LSRegistryStatus
instanceKlass ro/amiq/dvt/ls/LSConnectionManager$$Lambda$93
instanceKlass ro/amiq/dvt/ls/LSConnectionManager$$Lambda$91
instanceKlass ro/amiq/dvt/ls/LSExecutor$LSTask$$Lambda$92
instanceKlass java/lang/invoke/LambdaForm$DMH
instanceKlass java/util/concurrent/CountDownLatch
instanceKlass java/util/concurrent/LinkedBlockingDeque$Node
instanceKlass java/util/concurrent/ForkJoinPool$WorkQueue
instanceKlass java/util/concurrent/ForkJoinPool$1
instanceKlass java/util/concurrent/ForkJoinPool$DefaultForkJoinWorkerThreadFactory
instanceKlass java/util/concurrent/ForkJoinPool$ForkJoinWorkerThreadFactory
instanceKlass java/util/concurrent/ForkJoinTask
instanceKlass ro/amiq/dvt/ls/diagnostics/LSThreadDumpCollector$$Lambda$90
instanceKlass java/lang/invoke/LambdaForm$DMH
instanceKlass java/util/concurrent/Executors$DefaultThreadFactory
instanceKlass java/util/concurrent/Executors
instanceKlass java/util/concurrent/CompletableFuture$AltResult
instanceKlass java/util/concurrent/RunnableScheduledFuture
instanceKlass java/util/concurrent/ScheduledFuture
instanceKlass java/util/concurrent/Delayed
instanceKlass java/util/concurrent/RunnableFuture
instanceKlass java/util/concurrent/CompletableFuture
instanceKlass java/util/concurrent/CompletionStage
instanceKlass java/util/concurrent/ThreadPoolExecutor$AbortPolicy
instanceKlass java/util/concurrent/RejectedExecutionHandler
instanceKlass java/util/concurrent/Future
instanceKlass java/util/concurrent/AbstractExecutorService
instanceKlass java/util/concurrent/ScheduledExecutorService
instanceKlass java/util/concurrent/ExecutorService
instanceKlass java/util/concurrent/Executor
instanceKlass ro/amiq/dvt/ls/LSExecutor$LSTask
instanceKlass java/util/concurrent/CompletableFuture$AsynchronousCompletionTask
instanceKlass ro/amiq/dvt/ls/LSExecutor$$Lambda$89
instanceKlass java/util/function/BooleanSupplier
instanceKlass ro/amiq/dvt/ls/LServer$$Lambda$88
instanceKlass ro/amiq/dvt/ls/LSExecutor$$Lambda$87
instanceKlass ro/amiq/dvt/ls/LSExecutor$$Lambda$86
instanceKlass java/util/concurrent/BlockingDeque
instanceKlass ro/amiq/dvt/ls/build/RestoreManager$2
instanceKlass ro/amiq/dvt/ls/build/RestoreManager$1
instanceKlass ro/amiq/dvt/ls/LSProgressMonitor
instanceKlass ro/amiq/dvt/ls/build/DiagnosticsManager$$Lambda$85
instanceKlass java/util/concurrent/ConcurrentLinkedQueue$Node
instanceKlass com/google/common/collect/SortedSetMultimap
instanceKlass com/google/common/collect/SetMultimap
instanceKlass com/google/common/collect/ListMultimap
instanceKlass com/google/common/collect/Multimap
instanceKlass com/google/common/collect/Synchronized$SynchronizedObject
instanceKlass com/google/common/collect/Synchronized
instanceKlass com/google/common/base/Joiner$MapJoiner
instanceKlass com/google/common/base/Joiner
instanceKlass com/google/common/collect/Multiset
instanceKlass com/google/common/collect/Collections2
instanceKlass com/google/common/collect/Maps$EntryTransformer
instanceKlass com/google/common/base/Function
instanceKlass com/google/common/collect/UnmodifiableIterator
instanceKlass com/google/common/collect/SortedMapDifference
instanceKlass com/google/common/collect/MapDifference
instanceKlass com/google/common/collect/Maps
instanceKlass com/google/common/base/Preconditions
instanceKlass java/io/FileOutputStream$1
instanceKlass com/sun/org/apache/xml/internal/serializer/WriterChain
instanceKlass com/sun/org/apache/xml/internal/serializer/ToStream$CharacterBuffer$GenericCharacters
instanceKlass java/lang/invoke/LambdaForm$MH
instanceKlass java/lang/invoke/LambdaForm$MH
instanceKlass java/lang/invoke/LambdaForm$MH
instanceKlass java/lang/invoke/LambdaForm$MH
instanceKlass java/lang/invoke/LambdaForm$MH
instanceKlass java/lang/invoke/LambdaForm$MH
instanceKlass java/lang/invoke/LambdaForm$MH
instanceKlass java/lang/invoke/LambdaForm$MH
instanceKlass java/lang/invoke/LambdaForm$MH
instanceKlass com/sun/org/apache/xalan/internal/xsltc/trax/DOM2TO
instanceKlass org/xml/sax/ext/Locator2
instanceKlass org/xml/sax/Locator
instanceKlass org/xml/sax/XMLReader
instanceKlass javax/xml/transform/stax/StAXSource
instanceKlass javax/xml/transform/sax/SAXSource
instanceKlass javax/xml/transform/stream/StreamSource
instanceKlass com/sun/org/apache/xml/internal/serializer/NamespaceMappings$MappingRecord
instanceKlass com/sun/org/apache/xml/internal/serializer/NamespaceMappings
instanceKlass sun/nio/cs/DelegatableDecoder
instanceKlass java/nio/charset/Charset$1
instanceKlass java/nio/charset/Charset$2
instanceKlass java/lang/invoke/LambdaForm$MH
instanceKlass java/lang/invoke/LambdaForm$MH
instanceKlass java/lang/invoke/LambdaForm$MH
instanceKlass java/lang/invoke/LambdaForm$MH
instanceKlass java/lang/invoke/LambdaForm$MH
instanceKlass java/lang/invoke/LambdaForm$MH
instanceKlass java/lang/invoke/LambdaForm$MH
instanceKlass java/lang/invoke/LambdaForm$MH
instanceKlass java/lang/invoke/LambdaForm$MH
instanceKlass java/lang/invoke/LambdaForm$MH
instanceKlass java/lang/invoke/LambdaForm$MH
instanceKlass java/lang/invoke/LambdaForm$MH
instanceKlass java/lang/invoke/LambdaForm$MH
instanceKlass java/lang/invoke/LambdaForm$MH
instanceKlass java/lang/invoke/LambdaForm$MH
instanceKlass java/lang/invoke/LambdaForm$MH
instanceKlass java/lang/invoke/LambdaForm$MH
instanceKlass java/lang/invoke/LambdaForm$MH
instanceKlass sun/nio/cs/ext/ExtendedCharsets$1
instanceKlass java/nio/charset/Charset$ExtendedProviderHolder$1
instanceKlass java/nio/charset/Charset$ExtendedProviderHolder
instanceKlass java/lang/invoke/LambdaForm$MH
instanceKlass java/lang/invoke/LambdaForm$MH
instanceKlass java/lang/invoke/LambdaForm$MH
instanceKlass java/lang/invoke/LambdaForm$MH
instanceKlass java/lang/invoke/LambdaForm$MH
instanceKlass java/lang/invoke/LambdaForm$MH
instanceKlass java/lang/invoke/LambdaForm$MH
instanceKlass java/lang/invoke/LambdaForm$MH
instanceKlass java/lang/invoke/LambdaForm$MH
instanceKlass java/lang/invoke/LambdaForm$MH
instanceKlass jdk/xml/internal/SecuritySupport$$Lambda$84
instanceKlass com/sun/org/apache/xml/internal/serializer/Encodings$EncodingInfos
instanceKlass com/sun/org/apache/xml/internal/serializer/Encodings
instanceKlass com/sun/org/apache/xml/internal/serializer/ToStream$CharacterBuffer
instanceKlass com/sun/org/apache/xml/internal/serializer/EncodingInfo
instanceKlass com/sun/org/apache/xml/internal/serializer/ToStream$BoolStack
instanceKlass com/sun/org/apache/xml/internal/serializer/ElemContext
instanceKlass org/xml/sax/helpers/AttributesImpl
instanceKlass org/xml/sax/Attributes
instanceKlass com/sun/org/apache/xml/internal/serializer/CharInfo$CharKey
instanceKlass sun/util/ResourceBundleEnumeration
instanceKlass java/util/ResourceBundle$ResourceBundleProviderHelper$$Lambda$83
instanceKlass java/util/ResourceBundle$ResourceBundleProviderHelper$$Lambda$82
instanceKlass java/util/ResourceBundle$3
instanceKlass java/util/ResourceBundle$CacheKeyReference
instanceKlass java/util/ResourceBundle$CacheKey
instanceKlass java/util/ResourceBundle$$Lambda$81
instanceKlass com/sun/org/apache/xml/internal/serializer/CharInfo
instanceKlass com/sun/org/apache/xml/internal/serializer/SerializerBase
instanceKlass com/sun/org/apache/xml/internal/serializer/SerializerConstants
instanceKlass com/sun/org/apache/xml/internal/serializer/SerializationHandler
instanceKlass com/sun/org/apache/xml/internal/serializer/Serializer
instanceKlass com/sun/org/apache/xml/internal/serializer/DOMSerializer
instanceKlass org/xml/sax/ErrorHandler
instanceKlass org/xml/sax/DTDHandler
instanceKlass org/xml/sax/ext/DeclHandler
instanceKlass com/sun/org/apache/xml/internal/serializer/XSLOutputAttributes
instanceKlass com/sun/org/apache/xml/internal/serializer/ExtendedLexicalHandler
instanceKlass org/xml/sax/ext/LexicalHandler
instanceKlass com/sun/org/apache/xml/internal/serializer/ExtendedContentHandler
instanceKlass org/xml/sax/ContentHandler
instanceKlass javax/xml/transform/dom/DOMResult
instanceKlass javax/xml/transform/stax/StAXResult
instanceKlass javax/xml/transform/sax/SAXResult
instanceKlass com/sun/org/apache/xalan/internal/xsltc/runtime/output/TransletOutputHandlerFactory
instanceKlass javax/xml/transform/stream/StreamResult
instanceKlass com/sun/org/apache/xerces/internal/dom/CharacterDataImpl$1
instanceKlass org/w3c/dom/Text
instanceKlass org/w3c/dom/CharacterData
instanceKlass com/sun/org/apache/xerces/internal/dom/NamedNodeMapImpl
instanceKlass org/w3c/dom/NamedNodeMap
instanceKlass org/w3c/dom/Attr
instanceKlass com/sun/org/apache/xerces/internal/util/XMLChar
instanceKlass com/sun/org/apache/xerces/internal/dom/NodeListCache
instanceKlass org/w3c/dom/TypeInfo
instanceKlass org/w3c/dom/ElementTraversal
instanceKlass org/w3c/dom/Element
instanceKlass org/w3c/dom/DocumentType
instanceKlass com/sun/org/apache/xerces/internal/dom/NodeImpl
instanceKlass org/w3c/dom/events/EventTarget
instanceKlass org/w3c/dom/NodeList
instanceKlass org/w3c/dom/Document
instanceKlass org/w3c/dom/ranges/DocumentRange
instanceKlass org/w3c/dom/events/DocumentEvent
instanceKlass org/w3c/dom/traversal/DocumentTraversal
instanceKlass com/sun/org/apache/xerces/internal/utils/XMLSecurityPropertyManager
instanceKlass com/sun/org/apache/xerces/internal/util/FeatureState
instanceKlass com/sun/org/apache/xerces/internal/util/PropertyState
instanceKlass com/sun/org/apache/xerces/internal/impl/msg/XMLMessageFormatter
instanceKlass com/sun/org/apache/xerces/internal/util/MessageFormatter
instanceKlass com/sun/org/apache/xerces/internal/impl/XMLVersionDetector
instanceKlass com/sun/org/apache/xerces/internal/impl/validation/ValidationManager
instanceKlass com/sun/org/apache/xerces/internal/impl/dv/dtd/NMTOKENDatatypeValidator
instanceKlass com/sun/org/apache/xerces/internal/impl/dv/dtd/NOTATIONDatatypeValidator
instanceKlass com/sun/org/apache/xerces/internal/impl/dv/dtd/ENTITYDatatypeValidator
instanceKlass com/sun/org/apache/xerces/internal/impl/dv/dtd/ListDatatypeValidator
instanceKlass com/sun/org/apache/xerces/internal/impl/dv/dtd/IDREFDatatypeValidator
instanceKlass com/sun/org/apache/xerces/internal/impl/dv/dtd/IDDatatypeValidator
instanceKlass com/sun/org/apache/xerces/internal/impl/dv/dtd/StringDatatypeValidator
instanceKlass com/sun/org/apache/xerces/internal/impl/dv/DatatypeValidator
instanceKlass com/sun/org/apache/xerces/internal/impl/dv/DTDDVFactory
instanceKlass com/sun/org/apache/xerces/internal/impl/dtd/DTDGrammarBucket
instanceKlass com/sun/org/apache/xerces/internal/impl/dtd/XMLAttributeDecl
instanceKlass com/sun/org/apache/xerces/internal/impl/dtd/XMLSimpleType
instanceKlass com/sun/org/apache/xerces/internal/impl/dtd/XMLElementDecl
instanceKlass com/sun/org/apache/xerces/internal/impl/validation/ValidationState
instanceKlass com/sun/org/apache/xerces/internal/impl/dv/ValidationContext
instanceKlass com/sun/org/apache/xerces/internal/impl/dtd/XMLDTDValidator
instanceKlass com/sun/org/apache/xerces/internal/impl/RevalidationHandler
instanceKlass com/sun/org/apache/xerces/internal/impl/dtd/XMLDTDValidatorFilter
instanceKlass com/sun/org/apache/xerces/internal/xni/parser/XMLDocumentFilter
instanceKlass com/sun/org/apache/xerces/internal/impl/dtd/XMLEntityDecl
instanceKlass com/sun/org/apache/xerces/internal/impl/dtd/XMLDTDProcessor
instanceKlass com/sun/org/apache/xerces/internal/xni/parser/XMLDTDContentModelFilter
instanceKlass com/sun/org/apache/xerces/internal/xni/parser/XMLDTDFilter
instanceKlass com/sun/org/apache/xerces/internal/xni/parser/XMLDTDScanner
instanceKlass com/sun/org/apache/xerces/internal/xni/parser/XMLDTDContentModelSource
instanceKlass com/sun/org/apache/xerces/internal/xni/parser/XMLDTDSource
instanceKlass com/sun/org/apache/xerces/internal/xni/grammars/XMLDTDDescription
instanceKlass com/sun/org/apache/xerces/internal/xni/grammars/XMLGrammarDescription
instanceKlass com/sun/org/apache/xerces/internal/impl/XMLDocumentScannerImpl$TrailingMiscDriver
instanceKlass com/sun/org/apache/xerces/internal/impl/XMLDocumentScannerImpl$PrologDriver
instanceKlass com/sun/org/apache/xerces/internal/impl/XMLDocumentScannerImpl$XMLDeclDriver
instanceKlass com/sun/org/apache/xerces/internal/util/NamespaceSupport
instanceKlass com/sun/org/apache/xerces/internal/xni/NamespaceContext
instanceKlass com/sun/org/apache/xerces/internal/util/XMLAttributesImpl$Attribute
instanceKlass com/sun/org/apache/xerces/internal/util/XMLAttributesImpl
instanceKlass com/sun/org/apache/xerces/internal/xni/XMLAttributes
instanceKlass com/sun/org/apache/xerces/internal/impl/XMLDocumentFragmentScannerImpl$FragmentContentDriver
instanceKlass com/sun/org/apache/xerces/internal/impl/XMLDocumentFragmentScannerImpl$Driver
instanceKlass com/sun/org/apache/xerces/internal/impl/XMLDocumentFragmentScannerImpl$ElementStack2
instanceKlass com/sun/org/apache/xerces/internal/xni/QName
instanceKlass com/sun/org/apache/xerces/internal/impl/XMLDocumentFragmentScannerImpl$ElementStack
instanceKlass com/sun/org/apache/xerces/internal/xni/XMLString
instanceKlass com/sun/org/apache/xerces/internal/impl/XMLScanner
instanceKlass com/sun/xml/internal/stream/XMLBufferListener
instanceKlass com/sun/org/apache/xerces/internal/impl/XMLEntityHandler
instanceKlass com/sun/org/apache/xerces/internal/xni/parser/XMLDocumentScanner
instanceKlass com/sun/org/apache/xerces/internal/xni/parser/XMLDocumentSource
instanceKlass com/sun/org/apache/xerces/internal/impl/XMLErrorReporter
instanceKlass com/sun/org/apache/xerces/internal/impl/XMLEntityScanner
instanceKlass com/sun/org/apache/xerces/internal/xni/XMLLocator
instanceKlass com/sun/xml/internal/stream/XMLEntityStorage
instanceKlass com/sun/org/apache/xerces/internal/utils/XMLSecurityManager
instanceKlass com/sun/org/apache/xerces/internal/util/AugmentationsImpl$AugmentationsItemsContainer
instanceKlass com/sun/org/apache/xerces/internal/util/AugmentationsImpl
instanceKlass com/sun/org/apache/xerces/internal/xni/Augmentations
instanceKlass com/sun/org/apache/xerces/internal/util/XMLResourceIdentifierImpl
instanceKlass com/sun/org/apache/xerces/internal/xni/XMLResourceIdentifier
instanceKlass com/sun/org/apache/xerces/internal/impl/XMLEntityManager
instanceKlass com/sun/org/apache/xerces/internal/xni/parser/XMLEntityResolver
instanceKlass com/sun/org/apache/xerces/internal/xni/parser/XMLComponent
instanceKlass com/sun/org/apache/xerces/internal/util/SymbolTable$Entry
instanceKlass com/sun/org/apache/xerces/internal/util/SymbolTable
instanceKlass com/sun/org/apache/xerces/internal/util/ParserConfigurationSettings
instanceKlass com/sun/org/apache/xerces/internal/parsers/XML11Configurable
instanceKlass com/sun/org/apache/xerces/internal/xni/parser/XMLPullParserConfiguration
instanceKlass com/sun/org/apache/xerces/internal/xni/parser/XMLParserConfiguration
instanceKlass com/sun/org/apache/xerces/internal/xni/parser/XMLComponentManager
instanceKlass com/sun/org/apache/xerces/internal/parsers/XMLParser
instanceKlass com/sun/org/apache/xerces/internal/xni/XMLDTDContentModelHandler
instanceKlass com/sun/org/apache/xerces/internal/xni/XMLDTDHandler
instanceKlass com/sun/org/apache/xerces/internal/xni/XMLDocumentHandler
instanceKlass javax/xml/parsers/DocumentBuilder
instanceKlass com/sun/org/apache/xerces/internal/jaxp/JAXPConstants
instanceKlass javax/xml/parsers/FactoryFinder$$Lambda$80
instanceKlass javax/xml/parsers/FactoryFinder$$Lambda$79
instanceKlass javax/xml/parsers/FactoryFinder$1
instanceKlass javax/xml/parsers/FactoryFinder$$Lambda$78
instanceKlass javax/xml/parsers/FactoryFinder
instanceKlass javax/xml/parsers/DocumentBuilderFactory
instanceKlass javax/xml/transform/dom/DOMSource
instanceKlass com/sun/org/apache/xml/internal/utils/XMLReaderManager
instanceKlass java/util/Hashtable$Enumerator
instanceKlass java/util/Collections$3
instanceKlass com/sun/org/apache/xml/internal/serializer/OutputPropertiesFactory$1
instanceKlass com/sun/org/apache/xml/internal/serializer/OutputPropertiesFactory
instanceKlass javax/xml/transform/Transformer
instanceKlass com/sun/org/apache/xalan/internal/xsltc/DOMCache
instanceKlass javax/xml/catalog/CatalogFeatures$$Lambda$77
instanceKlass java/lang/invoke/LambdaForm$MH
instanceKlass java/lang/invoke/LambdaForm$MH
instanceKlass java/lang/invoke/LambdaForm$MH
instanceKlass java/lang/invoke/LambdaForm$MH
instanceKlass java/lang/invoke/LambdaForm$MH
instanceKlass java/lang/invoke/LambdaForm$MH
instanceKlass java/lang/invoke/LambdaForm$MH
instanceKlass java/lang/invoke/LambdaForm$MH
instanceKlass java/lang/invoke/LambdaForm$MH
instanceKlass java/lang/invoke/LambdaForm$MH
instanceKlass java/lang/invoke/LambdaForm$MH
instanceKlass java/lang/invoke/LambdaForm$MH
instanceKlass javax/xml/catalog/CatalogMessages
instanceKlass javax/xml/catalog/Util
instanceKlass javax/xml/transform/FactoryFinder$$Lambda$76
instanceKlass jdk/xml/internal/XMLSecurityManager
instanceKlass com/sun/org/apache/xalan/internal/utils/FeaturePropertyBase
instanceKlass jdk/xml/internal/JdkXmlFeatures
instanceKlass javax/xml/parsers/SAXParserFactory
instanceKlass jdk/xml/internal/SecuritySupport$$Lambda$75
instanceKlass jdk/xml/internal/JdkXmlUtils
instanceKlass javax/xml/catalog/CatalogFeatures$Builder
instanceKlass javax/xml/catalog/CatalogFeatures
instanceKlass javax/xml/transform/ErrorListener
instanceKlass com/sun/org/apache/xalan/internal/xsltc/compiler/SourceLoader
instanceKlass jdk/xml/internal/SecuritySupport$$Lambda$74
instanceKlass javax/xml/transform/FactoryFinder$$Lambda$73
instanceKlass javax/xml/transform/FactoryFinder$1
instanceKlass jdk/xml/internal/SecuritySupport$$Lambda$72
instanceKlass java/lang/invoke/LambdaForm$MH
instanceKlass java/lang/invoke/LambdaForm$DMH
instanceKlass java/lang/invoke/LambdaForm$MH
instanceKlass java/lang/invoke/LambdaForm$DMH
instanceKlass java/lang/invoke/LambdaForm$MH
instanceKlass java/lang/invoke/LambdaForm$DMH
instanceKlass java/lang/invoke/LambdaForm$MH
instanceKlass java/lang/invoke/LambdaForm$DMH
instanceKlass java/lang/invoke/ClassSpecializer$Factory$1Var
instanceKlass java/lang/invoke/LambdaForm$MH
instanceKlass java/lang/invoke/LambdaForm$DMH
instanceKlass java/lang/invoke/LambdaForm$BMH
instanceKlass java/lang/invoke/LambdaForm$DMH
instanceKlass java/lang/invoke/LambdaForm$MH
instanceKlass java/lang/invoke/LambdaForm$DMH
instanceKlass java/lang/invoke/LambdaForm$MH
instanceKlass java/lang/invoke/LambdaForm$DMH
instanceKlass java/lang/invoke/LambdaForm$MH
instanceKlass java/lang/invoke/LambdaForm$MH
instanceKlass java/lang/invoke/LambdaForm$MH
instanceKlass java/lang/invoke/LambdaForm$MH
instanceKlass java/lang/invoke/LambdaForm$MH
instanceKlass java/lang/invoke/LambdaForm$MH
instanceKlass java/lang/invoke/LambdaForm$MH
instanceKlass java/lang/invoke/LambdaForm$MH
instanceKlass java/lang/invoke/LambdaForm$MH
instanceKlass java/lang/invoke/LambdaForm$MH
instanceKlass java/lang/invoke/LambdaForm$MH
instanceKlass java/lang/invoke/LambdaForm$MH
instanceKlass java/lang/invoke/LambdaForm$MH
instanceKlass java/lang/invoke/LambdaForm$MH
instanceKlass java/lang/invoke/LambdaForm$MH
instanceKlass java/lang/invoke/LambdaForm$MH
instanceKlass java/lang/invoke/LambdaForm$MH
instanceKlass java/lang/invoke/LambdaForm$MH
instanceKlass java/lang/invoke/LambdaForm$MH
instanceKlass javax/xml/transform/FactoryFinder$$Lambda$71
instanceKlass jdk/xml/internal/SecuritySupport$$Lambda$70
instanceKlass jdk/xml/internal/SecuritySupport
instanceKlass javax/xml/transform/FactoryFinder
instanceKlass javax/xml/transform/TransformerFactory
instanceKlass javax/xml/transform/Source
instanceKlass javax/xml/transform/Result
instanceKlass org/w3c/dom/Node
instanceKlass ro/amiq/dvt/buildconfig/BuildConfigXml
instanceKlass ro/amiq/vlogdt/ui/encrypted/EncryptedLabelManagerCommon
instanceKlass ro/amiq/dvt/model/DVTMixedLangBuilder
instanceKlass ro/amiq/vlogdt/model/reflection/RfManager
instanceKlass ro/amiq/vlogdt/model/IVlogBuildListener
instanceKlass ro/amiq/vlogdt/model/IVlogModel
instanceKlass ro/amiq/vlogdt/ui/syntaxerrors/SyntaxErrorsManagerCommon
instanceKlass ro/amiq/vlogdt/model/IVlogReparseListener
instanceKlass ro/amiq/dvt/buildconfig/VerissimoCompilationChecks
instanceKlass sun/nio/fs/WindowsPath$1
instanceKlass ro/amiq/dvt/test/TestSyncHelper
instanceKlass ro/amiq/dvt/test/TestEnvironmentStore
instanceKlass ro/amiq/dvt/test/TestHelperCommon
instanceKlass java/util/stream/Collectors$$Lambda$69
instanceKlass java/util/stream/Collectors$$Lambda$68
instanceKlass java/util/stream/Collectors$$Lambda$67
instanceKlass java/util/stream/Collectors$$Lambda$66
instanceKlass ro/amiq/dvt/buildconfig/IBuildConfigParserConstants$Directive$$Lambda$65
instanceKlass ro/amiq/dvt/ui/reportissue/DVTThreadDumpCollectorAttributes
instanceKlass ro/amiq/dvt/buildconfig/ElabLiblist
instanceKlass ro/amiq/dvt/buildconfig/FullChecksAndLibs
instanceKlass ro/amiq/dvt/buildconfig/IEnumProvider
instanceKlass ro/amiq/dvt/buildconfig/Svp2SvPatternTagMap
instanceKlass ro/amiq/dvt/buildconfig/Svp2SvPathMap
instanceKlass ro/amiq/dvt/buildconfig/Svp2SvDirectMap
instanceKlass ro/amiq/dvt/buildconfig/Svp2SvExtMap$ExtMapComparator
instanceKlass ro/amiq/dvt/buildconfig/Svp2SvExtMap
instanceKlass ro/amiq/dvt/buildconfig/Svp2SvCommentMap
instanceKlass ro/amiq/dvt/buildconfig/PVlogCompilePreprocDebugKind
instanceKlass ro/amiq/dvt/buildconfig/OverrideEditor
instanceKlass ro/amiq/dvt/buildconfig/IBuildConfigEnum
instanceKlass ro/amiq/dvt/buildconfig/IBuildConfigParserConstants$XilinxLib
instanceKlass ro/amiq/dvt/buildconfig/IBuildConfigParserConstants$$Lambda$64
instanceKlass java/util/regex/Pattern$BmpCharPredicate$$Lambda$63
instanceKlass ro/amiq/dvt/buildconfig/IBuildConfigParserConstants$Directive
instanceKlass org/eclipse/core/runtime/IProgressMonitor
instanceKlass ro/amiq/dvt/model/problems/DVTProblemManager$ProjectProblems
instanceKlass java/text/Format
instanceKlass org/eclipse/jface/text/IRegion
instanceKlass ro/amiq/dvt/buildconfig/BuildConfigManagerCommon$PersistenceModeWrapper
instanceKlass ro/amiq/dvt/model/problems/MSDLProblemCategories
instanceKlass ro/amiq/dvt/model/problems/PSSProblemCategories
instanceKlass ro/amiq/dvt/model/problems/TclProblemCategories
instanceKlass ro/amiq/dvt/model/problems/PFProblemCategories
instanceKlass ro/amiq/dvt/model/problems/VhdlProblemCategories
instanceKlass ro/amiq/dvt/model/problems/VlogProblemCategories
instanceKlass ro/amiq/dvt/model/problems/EProblemCategories
instanceKlass ro/amiq/dvt/model/problems/DVTProblemCategories
instanceKlass ro/amiq/dvt/model/problems/DVTProblemCategory
instanceKlass ro/amiq/dvt/model/problems/DVTProblemManager
instanceKlass ro/amiq/dvt/model/AbstractBuildContributor
instanceKlass ro/amiq/dvt/ui/views/DVTViewManagerCommon
instanceKlass ro/amiq/dvt/ui/views/BuildEventManager
instanceKlass ro/amiq/dvt/model/DVTMixedLangModelManager$1
instanceKlass org/eclipse/core/runtime/ListenerList
instanceKlass ro/amiq/dvt/model/DVTMixedLangModelManager
instanceKlass ro/amiq/dvt/model/reflection/IRfSingleLangProject
instanceKlass ro/amiq/vhdldt/model/reflection/RfManager
instanceKlass ro/amiq/vhdldt/model/IVhdlBuildListener
instanceKlass ro/amiq/dvt/model/IDVTMixedLangBuildListener
instanceKlass org/eclipse/core/runtime/PlatformObject
instanceKlass ro/amiq/dvt/model/IDVTProject
instanceKlass ro/amiq/dvt/buildconfig/IBuildConfigParserConstants
instanceKlass ro/amiq/dvt/model/floatingwidgets/DVTFNotificationProvider
instanceKlass ro/amiq/dvt/model/DVTFileInfo
instanceKlass ro/amiq/dvt/model/IDVTFile
instanceKlass ro/amiq/vhdldt/model/IVhdlModel
instanceKlass ro/amiq/dvt/model/IDVTModel
instanceKlass ro/amiq/dvt/model/IDVTElement
instanceKlass org/eclipse/core/runtime/IAdaptable
instanceKlass ro/amiq/dvt/model/IDVTBuildListener
instanceKlass ro/amiq/dvt/model/floatingwidgets/FNotificationDirtyResource
instanceKlass ro/amiq/vhdldt/ui/syntaxerrors/SyntaxErrorsManagerCommon
instanceKlass ro/amiq/vhdldt/model/IVhdlReparseListener
instanceKlass ro/amiq/dvt/model/IDVTReparseListener
instanceKlass ro/amiq/dvt/utils/DVTStringUtil$Interner
instanceKlass ro/amiq/dvt/utils/DefaultPhoneticDistanceAlgorithm
instanceKlass java/util/regex/Pattern$$Lambda$62
instanceKlass java/util/regex/CharPredicates$$Lambda$61
instanceKlass java/util/regex/Pattern$$Lambda$60
instanceKlass ro/amiq/dvt/utils/IPhoneticDistanceAlgorithm
instanceKlass ro/amiq/dvt/utils/DVTStringUtil
instanceKlass ro/amiq/vlogdt/ui/preferences/PrefConst$PreprocDirective$$Lambda$59
instanceKlass ro/amiq/vlogdt/model/reflection/RfElement
instanceKlass ro/amiq/vlogdt/model/reflection/IRfScope
instanceKlass ro/amiq/dvt/utils/IDVTMapElement
instanceKlass ro/amiq/dvt/utils/IDVTListElement
instanceKlass ro/amiq/dvt/model/reflection/semantic/extension/IHidHolder
instanceKlass ro/amiq/dvt/model/reflection/semantic/extension/IHidObject
instanceKlass ro/amiq/dvt/optimized/collections/ListContainer
instanceKlass ro/amiq/dvt/model/reflection/semantic/extension/IHidHolderConstants
instanceKlass ro/amiq/dvt/model/reflection/IRfHDLNamedElement
instanceKlass ro/amiq/dvt/model/reflection/IRfDesignElement
instanceKlass ro/amiq/dvt/elaboration/model/IELDesign
instanceKlass ro/amiq/dvt/model/reflection/IRfLibraryElement
instanceKlass ro/amiq/dvt/model/reflection/IRfNamedElement
instanceKlass ro/amiq/dvt/model/reflection/IRfBreadcrumbElement
instanceKlass ro/amiq/dvt/model/reflection/IRfBaseElement
instanceKlass ro/amiq/dvt/model/reflection/IRfConstantsHolder
instanceKlass ro/amiq/vlogdt/model/reflection/ovm/fieldeditor/FEConstants
instanceKlass ro/amiq/vlogdt/ui/preferences/PrefConst
instanceKlass ro/amiq/dvt/diagrams/uml/preferences/UMLFilterClass
instanceKlass de/cau/cs/kieler/klay/layered/ILayoutPhase
instanceKlass de/cau/cs/kieler/klay/layered/ILayoutProcessor
instanceKlass de/cau/cs/kieler/klay/layered/ILayoutPhaseFactory
instanceKlass ro/amiq/dvt/ui/search/favorites/RfFavoriteUtils
instanceKlass ro/amiq/dvt/ui/search/favorites/FavoriteQuery
instanceKlass ro/amiq/dvt/elaboration/model/IELMemory$IELMemoryVisitor
instanceKlass ro/amiq/dvt/model/reflection/util/RfReferencesUtils
instanceKlass ro/amiq/dvt/diagrams/DConstants
instanceKlass org/eclipse/swt/graphics/RGB
instanceKlass ro/amiq/dvt/ui/preferences/PrefConst
instanceKlass ro/amiq/dvt/ls/preferences/LSPreferenceStore
instanceKlass org/eclipse/jface/preference/IPreferenceStore
instanceKlass ro/amiq/dvt/ui/views/IBuildEventManagerListener
instanceKlass ro/amiq/dvt/model/DVTModelManager
instanceKlass org/eclipse/ui/plugin/AbstractUIPlugin
instanceKlass com/google/common/collect/Hashing
instanceKlass com/google/common/collect/Platform
instanceKlass com/google/common/collect/ObjectArrays
instanceKlass com/google/common/collect/ImmutableCollection$Builder
instanceKlass com/google/common/collect/CollectPreconditions
instanceKlass com/google/common/collect/BiMap
instanceKlass com/google/common/collect/AbstractMapEntry
instanceKlass com/google/common/collect/ImmutableMap
instanceKlass com/google/common/collect/ImmutableMap$Builder
instanceKlass org/eclipse/core/resources/IFolder
instanceKlass org/eclipse/core/internal/resources/Resource
instanceKlass org/eclipse/core/resources/IProject
instanceKlass org/eclipse/core/resources/IContainer
instanceKlass ro/amiq/dvt/model/reflection/RfMixedLangManagerCommon
instanceKlass org/eclipse/core/runtime/IStatus
instanceKlass org/eclipse/core/internal/registry/RegistryProviderFactory
instanceKlass org/eclipse/core/runtime/IExtensionRegistry
instanceKlass org/eclipse/core/runtime/spi/RegistryStrategy
instanceKlass org/eclipse/core/runtime/RegistryFactory
instanceKlass org/eclipse/osgi/internal/util/SupplementDebug
instanceKlass org/eclipse/osgi/util/NLS$1
instanceKlass org/eclipse/osgi/util/NLS
instanceKlass org/eclipse/core/runtime/Platform
instanceKlass ro/amiq/dvt/utils/ICompiledFilesContributor
instanceKlass ro/amiq/dvt/core/DVTNatureCommon
instanceKlass org/eclipse/core/resources/IProjectNature
instanceKlass ro/amiq/dvt/nature/DVTNatureContributorAdapterCommon
instanceKlass ro/amiq/dvt/nature/INatureContributor
instanceKlass ro/amiq/dvt/nature/NatureContributors
instanceKlass org/eclipse/core/runtime/Path
instanceKlass org/eclipse/core/runtime/IPath
instanceKlass java/util/regex/CharPredicates$$Lambda$58
instanceKlass ro/amiq/dvt/model/reflection/IRfScopeElement
instanceKlass org/eclipse/core/resources/IFile
instanceKlass org/eclipse/core/resources/IResource
instanceKlass org/eclipse/core/runtime/jobs/ISchedulingRule
instanceKlass ro/amiq/dvt/model/reflection/IRfNamedElementAndScope
instanceKlass org/eclipse/jface/text/IDocument
instanceKlass ro/amiq/dvt/ls/LSLicenseManager$$Lambda$57
instanceKlass ro/amiq/dvt/ls/LSLicenseManager$$Lambda$56
instanceKlass ro/amiq/dvt/ls/LSLicenseManager$$Lambda$55
instanceKlass java/lang/invoke/LambdaForm$DMH
instanceKlass ro/amiq/dvt/ls/LanguageClientExtension
instanceKlass ro/amiq/dvt/ls/ai/AILanguageClientExtension
instanceKlass org/eclipse/lsp4j/services/LanguageClient
instanceKlass org/eclipse/lsp4j/services/LanguageClientAware
instanceKlass java/util/stream/MatchOps$$Lambda$54
instanceKlass java/util/stream/MatchOps$BooleanTerminalSink
instanceKlass java/util/stream/MatchOps$MatchOp
instanceKlass java/util/stream/MatchOps
instanceKlass ro/amiq/dvt/DVTSplashInfo$$Lambda$53
instanceKlass java/util/TreeMap$TreeMapSpliterator
instanceKlass ro/amiq/dvt/ls/LSLicenseManager$$Lambda$52
instanceKlass java/lang/invoke/LambdaForm$DMH
instanceKlass ro/amiq/dvt/DVTSplashInfo$$Lambda$51
instanceKlass sun/text/ComposedCharIter
instanceKlass java/text/EntryPair
instanceKlass java/text/PatternEntry
instanceKlass java/text/PatternEntry$Parser
instanceKlass java/text/MergeCollation
instanceKlass sun/text/normalizer/UCharacter
instanceKlass sun/text/normalizer/UTF16
instanceKlass sun/text/normalizer/Norm2AllModes$NFCSingleton
instanceKlass sun/text/UCompactIntArray
instanceKlass sun/text/IntHashtable
instanceKlass java/text/RBCollationTables$BuildAPI
instanceKlass java/text/RBTableBuilder
instanceKlass java/text/RBCollationTables
instanceKlass sun/util/resources/Bundles$2
instanceKlass sun/util/resources/LocaleData$LocaleDataResourceBundleProvider
instanceKlass java/util/spi/ResourceBundleProvider
instanceKlass ro/amiq/dvt/flclient/impl/g
instanceKlass sun/util/locale/provider/JRELocaleProviderAdapter$$Lambda$50
instanceKlass java/text/Collator
instanceKlass jdk/internal/reflect/ClassDefiner$1
instanceKlass jdk/internal/reflect/ClassDefiner
instanceKlass jdk/internal/reflect/MethodAccessorGenerator$1
instanceKlass jdk/internal/reflect/Label$PatchInfo
instanceKlass jdk/internal/reflect/Label
instanceKlass jdk/internal/reflect/UTF8
instanceKlass jdk/internal/reflect/ClassFileAssembler
instanceKlass jdk/internal/reflect/ByteVectorImpl
instanceKlass jdk/internal/reflect/ByteVector
instanceKlass jdk/internal/reflect/ByteVectorFactory
instanceKlass jdk/internal/reflect/AccessorGenerator
instanceKlass jdk/internal/reflect/ClassFileConstants
instanceKlass com/certicom/ecc/ECCurve
instanceKlass com/certicom/ecc/a/d/h
instanceKlass com/certicom/ecc/util/b
instanceKlass java/security/SecureRandomSpi
instanceKlass com/certicom/ecc/codec/CryptoCodec
instanceKlass javax/security/interfaces/ECPublicKey
instanceKlass com/certicom/ecc/scheme/ExportLevel$ExportLevel_3
instanceKlass com/certicom/ecc/scheme/ExportLevel$ExportLevel_2
instanceKlass com/certicom/ecc/scheme/ExportLevel$ExportLevel_1
instanceKlass com/certicom/ecc/scheme/ExportLevel
instanceKlass com/certicom/ecc/jcae/IdentityTranslator
instanceKlass com/certicom/ecc/jcae/Translator
instanceKlass com/certicom/ecc/util/JDKVersion
instanceKlass com/certicom/ecc/fips/FIPSManager
instanceKlass com/certicom/ecc/ECA
instanceKlass com/certicom/ecc/scheme/CryptoTransform
instanceKlass com/certicom/ecc/FF
instanceKlass com/certicom/ecc/system/CryptoManager$Scheme
instanceKlass com/certicom/ecc/system/CryptoManager
instanceKlass com/certicom/ecc/Repository
instanceKlass com/certicom/ecc/Factory
instanceKlass com/certicom/ecc/spec/PointSpec
instanceKlass com/certicom/ecc/scheme/CurveList$Curve
instanceKlass com/certicom/ecc/interfaces/PointParams
instanceKlass com/certicom/ecc/curves/sect239k1
instanceKlass com/certicom/ecc/curves/CurveProps
instanceKlass java/util/Vector$1
instanceKlass com/certicom/ecc/interfaces/F2mParams
instanceKlass com/certicom/ecc/spec/FFParameterSpec
instanceKlass com/certicom/ecc/interfaces/FpParams
instanceKlass com/certicom/ecc/interfaces/ECParams
instanceKlass com/certicom/ecc/scheme/CurveList
instanceKlass com/certicom/ecc/jcae/CurveList
instanceKlass com/certicom/ecc/interfaces/ECPublicKey
instanceKlass javax/security/spec/ECKeySpec
instanceKlass javax/security/interfaces/ECPrivateKey
instanceKlass javax/security/interfaces/ECKey
instanceKlass com/certicom/ecc/spec/ECKeySpec
instanceKlass com/certicom/ecc/interfaces/ECPrivateKey
instanceKlass com/certicom/ecc/interfaces/ECKey
instanceKlass com/a/a/f/a
instanceKlass com/sun/security/sasl/Provider$1
instanceKlass sun/security/provider/certpath/ldap/JdkLDAP$1
instanceKlass sun/security/pkcs11/SunPKCS11$Descriptor
instanceKlass javax/security/auth/Subject
instanceKlass javax/security/auth/callback/CallbackHandler
instanceKlass com/sun/security/sasl/gsskerb/JdkSASL$1
instanceKlass sun/security/ssl/SunJSSE$1
instanceKlass sun/security/ec/SunEC$2
instanceKlass sun/security/ec/SunEC$1
instanceKlass org/jcp/xml/dsig/internal/dom/XMLDSigRI$2
instanceKlass org/jcp/xml/dsig/internal/dom/XMLDSigRI$1
instanceKlass sun/security/smartcardio/SunPCSC$1
instanceKlass sun/security/mscapi/SunMSCAPI$2
instanceKlass sun/security/mscapi/SunMSCAPI$1
instanceKlass sun/security/jgss/SunProvider$1
instanceKlass sun/security/jca/ProviderConfig$ProviderLoader
instanceKlass sun/security/jca/ProviderConfig$3
instanceKlass com/certicom/ecc/jcae/Certicom$1
instanceKlass jdk/internal/math/FDBigInteger
instanceKlass java/net/URLClassLoader$2
instanceKlass java/util/ComparableTimSort
instanceKlass java/util/regex/CharPredicates$$Lambda$49
instanceKlass sun/util/locale/provider/AvailableLanguageTags
instanceKlass sun/util/cldr/CLDRLocaleProviderAdapter$$Lambda$48
instanceKlass sun/util/locale/provider/CalendarDataUtility$CalendarWeekParameterGetter
instanceKlass sun/util/locale/provider/CalendarDataUtility
instanceKlass java/util/Calendar
instanceKlass com/a/a/e/c
instanceKlass com/a/a/e/d
instanceKlass java/util/regex/Pattern$CharPredicate$$Lambda$47
instanceKlass java/lang/invoke/LambdaForm$DMH
instanceKlass java/util/regex/CharPredicates$$Lambda$46
instanceKlass java/util/regex/CharPredicates
instanceKlass java/util/LinkedList$ListItr
instanceKlass com/a/a/e/p
instanceKlass com/a/a/e/h
instanceKlass com/a/a/e/e
instanceKlass java/io/FilenameFilter
instanceKlass com/a/a/f/c
instanceKlass com/a/a/e/f
instanceKlass com/a/a/e/g
instanceKlass ro/amiq/dvt/flclient/impl/p$$Lambda$45
instanceKlass java/util/regex/Pattern$$Lambda$44
instanceKlass java/util/regex/Pattern$BitClass$$Lambda$43
instanceKlass com/a/a/h
instanceKlass com/a/a/k
instanceKlass ro/amiq/dvt/flclient/impl/j
instanceKlass ro/amiq/dvt/flclient/impl/p$$Lambda$42
instanceKlass java/util/concurrent/LinkedBlockingQueue$Node
instanceKlass java/util/concurrent/locks/AbstractQueuedSynchronizer$ConditionObject
instanceKlass java/util/concurrent/locks/Condition
instanceKlass java/util/concurrent/locks/AbstractQueuedSynchronizer$Node
instanceKlass java/util/concurrent/BlockingQueue
instanceKlass java/lang/ApplicationShutdownHooks$1
instanceKlass java/lang/ApplicationShutdownHooks
instanceKlass ro/amiq/dvt/flclient/impl/p$$Lambda$41
instanceKlass java/lang/invoke/LambdaForm$DMH
instanceKlass com/a/a/a/s
instanceKlass javax/security/interfaces/F2mParams
instanceKlass javax/security/spec/CurveOIDParameterSpec
instanceKlass com/certicom/ecc/fips/Zeroizeable
instanceKlass javax/security/interfaces/ECParams
instanceKlass com/certicom/ecc/jcae/CerticomBase$Implementor
instanceKlass com/a/a/e/l
instanceKlass com/a/a/g
instanceKlass com/a/a/j
instanceKlass com/a/a/e
instanceKlass java/time/LocalTime$1
instanceKlass java/time/format/DateTimeFormatterBuilder$3
instanceKlass java/time/temporal/TemporalQueries$7
instanceKlass java/time/temporal/TemporalQueries$6
instanceKlass java/time/temporal/TemporalQueries$5
instanceKlass java/time/temporal/TemporalQueries$4
instanceKlass java/time/temporal/TemporalQueries$3
instanceKlass java/time/temporal/TemporalQueries$2
instanceKlass java/time/temporal/TemporalQueries$1
instanceKlass java/time/temporal/TemporalQueries
instanceKlass java/time/format/DateTimePrintContext
instanceKlass java/time/format/DateTimeFormatter$$Lambda$40
instanceKlass java/time/format/DateTimeFormatter$$Lambda$39
instanceKlass java/time/Period
instanceKlass java/time/chrono/ChronoPeriod
instanceKlass java/time/format/DateTimeFormatterBuilder$TextPrinterParser
instanceKlass java/util/TimSort
instanceKlass java/util/Arrays$LegacyMergeSort
instanceKlass java/time/format/DateTimeTextProvider$1
instanceKlass java/time/format/DateTimeTextProvider
instanceKlass java/util/Collections$1
instanceKlass java/util/AbstractMap$SimpleImmutableEntry
instanceKlass java/time/format/DateTimeTextProvider$LocaleStore
instanceKlass java/lang/Long$LongCache
instanceKlass java/time/format/DateTimeFormatterBuilder$InstantPrinterParser
instanceKlass java/time/format/DateTimeFormatterBuilder$StringLiteralPrinterParser
instanceKlass java/time/format/DateTimeFormatterBuilder$ZoneIdPrinterParser
instanceKlass java/time/format/DateTimeFormatterBuilder$OffsetIdPrinterParser
instanceKlass java/time/format/DecimalStyle
instanceKlass java/time/format/DateTimeFormatterBuilder$CompositePrinterParser
instanceKlass java/util/Locale$1
instanceKlass java/time/format/DateTimeFormatterBuilder$CharLiteralPrinterParser
instanceKlass java/time/format/DateTimeFormatterBuilder$NumberPrinterParser
instanceKlass java/time/format/DateTimeFormatterBuilder$DateTimePrinterParser
instanceKlass java/time/format/DateTimeFormatterBuilder$2
instanceKlass java/time/temporal/JulianFields
instanceKlass java/time/temporal/IsoFields
instanceKlass java/lang/Character$CharacterCache
instanceKlass java/time/format/DateTimeFormatterBuilder$$Lambda$38
instanceKlass java/time/temporal/TemporalQuery
instanceKlass java/time/format/DateTimeFormatterBuilder
instanceKlass java/time/format/DateTimeFormatter
instanceKlass java/time/zone/ZoneOffsetTransitionRule$1
instanceKlass java/time/chrono/AbstractChronology
instanceKlass java/time/chrono/Chronology
instanceKlass java/time/LocalDate$1
instanceKlass java/time/temporal/TemporalAdjusters$$Lambda$37
instanceKlass java/time/temporal/TemporalAdjusters
instanceKlass java/time/Instant
instanceKlass java/time/zone/ZoneOffsetTransition
instanceKlass java/time/zone/ZoneOffsetTransitionRule
instanceKlass java/time/zone/ZoneRules
instanceKlass java/time/zone/Ser
instanceKlass java/io/Externalizable
instanceKlass jdk/internal/loader/URLClassPath$1
instanceKlass java/lang/CompoundEnumeration
instanceKlass jdk/internal/loader/BuiltinClassLoader$1
instanceKlass jdk/internal/loader/BuiltinClassLoader$2
instanceKlass java/util/Spliterators$1Adapter
instanceKlass java/time/zone/ZoneRulesProvider$1
instanceKlass java/time/zone/ZoneRulesProvider
instanceKlass java/time/ZoneId
instanceKlass java/time/Clock
instanceKlass java/time/LocalTime
instanceKlass java/time/temporal/ValueRange
instanceKlass java/time/Duration
instanceKlass java/time/temporal/TemporalAmount
instanceKlass java/time/temporal/TemporalUnit
instanceKlass java/time/temporal/TemporalField
instanceKlass java/time/LocalDate
instanceKlass java/time/chrono/ChronoLocalDate
instanceKlass java/time/LocalDateTime
instanceKlass java/time/chrono/ChronoLocalDateTime
instanceKlass java/time/temporal/TemporalAdjuster
instanceKlass java/time/temporal/Temporal
instanceKlass java/time/temporal/TemporalAccessor
instanceKlass ro/amiq/dvt/flclient/impl/b
instanceKlass \u02cc
instanceKlass sun/nio/cs/ThreadLocalCoders$Cache
instanceKlass sun/nio/cs/ThreadLocalCoders
instanceKlass ro/amiq/dvt/flclient/impl/DFL
instanceKlass java/io/FilePermissionCollection$1
instanceKlass sun/net/www/protocol/jar/URLJarFileCallBack
instanceKlass sun/net/www/MessageHeader
instanceKlass sun/net/www/protocol/jar/JarFileFactory
instanceKlass sun/net/www/protocol/jar/URLJarFile$URLJarFileCloseController
instanceKlass java/net/URLConnection
instanceKlass java/net/URLClassLoader$1
instanceKlass java/net/URLClassLoader$7
instanceKlass jdk/internal/misc/JavaNetURLClassLoaderAccess
instanceKlass ro/amiq/dvt/flclient/c
instanceKlass jdk/internal/reflect/UnsafeFieldAccessorFactory
instanceKlass \u02cf
instanceKlass java/nio/charset/CoderResult
instanceKlass java/util/BitSet
instanceKlass sun/nio/fs/WindowsUriSupport
instanceKlass ro/amiq/dvt/flclient/IDFL
instanceKlass ro/amiq/dvt/DVTSplashCommon
instanceKlass ro/amiq/dvt/ls/LanguageServerExtension
instanceKlass ro/amiq/dvt/ls/ai/AILanguageServerExtension
instanceKlass ro/amiq/dvt/ls/VerissimoService
instanceKlass ro/amiq/dvt/ls/SpecadorService
instanceKlass ro/amiq/dvt/ls/DiagramsService
instanceKlass ro/amiq/dvt/ls/CodeNavigationService
instanceKlass ro/amiq/dvt/ls/BreadcrumbService
instanceKlass org/eclipse/lsp4j/services/LanguageServer
instanceKlass org/eclipse/lsp4j/services/WorkspaceService
instanceKlass org/eclipse/lsp4j/services/TextDocumentService
instanceKlass org/eclipse/lsp4j/services/NotebookDocumentService
instanceKlass org/eclipse/core/runtime/Assert
instanceKlass org/eclipse/core/runtime/QualifiedName
instanceKlass sun/security/pkcs/ESSCertId
instanceKlass sun/security/pkcs/SigningCertificateInfo
instanceKlass ro/amiq/dvt/startup/core/DVTStartupConstants
instanceKlass sun/nio/ch/IOStatus
instanceKlass java/nio/DirectByteBuffer$Deallocator
instanceKlass sun/nio/ch/Util$BufferCache
instanceKlass sun/nio/ch/Util
instanceKlass sun/nio/ch/NativeThread
instanceKlass java/nio/channels/Channels
instanceKlass sun/nio/ch/FileChannelImpl$Closer
instanceKlass sun/nio/ch/NativeDispatcher
instanceKlass sun/nio/ch/NativeThreadSet
instanceKlass sun/nio/ch/IOUtil$1
instanceKlass sun/nio/ch/IOUtil
instanceKlass java/nio/channels/spi/AbstractInterruptibleChannel
instanceKlass java/nio/channels/InterruptibleChannel
instanceKlass java/nio/channels/ScatteringByteChannel
instanceKlass java/nio/channels/GatheringByteChannel
instanceKlass java/nio/channels/SeekableByteChannel
instanceKlass java/nio/channels/ByteChannel
instanceKlass java/nio/channels/WritableByteChannel
instanceKlass java/nio/channels/ReadableByteChannel
instanceKlass java/nio/channels/Channel
instanceKlass sun/nio/fs/WindowsChannelFactory$2
instanceKlass sun/nio/fs/WindowsChannelFactory$Flags
instanceKlass sun/nio/fs/WindowsChannelFactory$1
instanceKlass sun/nio/fs/WindowsChannelFactory
instanceKlass sun/nio/fs/WindowsSecurityDescriptor
instanceKlass java/nio/file/attribute/FileAttribute
instanceKlass sun/util/resources/Bundles$CacheKeyReference
instanceKlass java/util/ResourceBundle$ResourceBundleProviderHelper$$Lambda$36
instanceKlass java/util/ResourceBundle$ResourceBundleProviderHelper
instanceKlass sun/util/resources/Bundles$CacheKey
instanceKlass java/util/ResourceBundle$1
instanceKlass jdk/internal/misc/JavaUtilResourceBundleAccess
instanceKlass sun/util/resources/Bundles
instanceKlass sun/util/resources/LocaleData$LocaleDataStrategy
instanceKlass sun/util/resources/Bundles$Strategy
instanceKlass sun/util/resources/LocaleData$1
instanceKlass sun/util/resources/provider/NonBaseLocaleDataMetaInfo
instanceKlass sun/util/locale/provider/JRELocaleProviderAdapter$$Lambda$35
instanceKlass sun/util/locale/provider/BaseLocaleDataMetaInfo
instanceKlass sun/util/locale/provider/JRELocaleProviderAdapter$$Lambda$34
instanceKlass sun/util/cldr/CLDRLocaleProviderAdapter$$Lambda$33
instanceKlass sun/util/resources/cldr/provider/CLDRLocaleDataMetaInfo
instanceKlass jdk/internal/module/ModulePatcher$PatchedModuleReader
instanceKlass sun/util/cldr/CLDRLocaleProviderAdapter$1
instanceKlass sun/util/locale/StringTokenIterator
instanceKlass sun/util/locale/ParseStatus
instanceKlass sun/util/cldr/CLDRBaseLocaleDataMetaInfo
instanceKlass sun/util/locale/provider/LocaleDataMetaInfo
instanceKlass sun/util/locale/provider/LocaleProviderAdapter$1
instanceKlass sun/util/resources/LocaleData
instanceKlass sun/util/locale/provider/LocaleResources
instanceKlass sun/util/locale/LanguageTag
instanceKlass sun/util/locale/provider/ResourceBundleBasedAdapter
instanceKlass sun/util/locale/provider/LocaleProviderAdapter
instanceKlass java/util/LinkedList$Node
instanceKlass java/util/ResourceBundle
instanceKlass java/util/ResourceBundle$Control
instanceKlass sun/util/locale/provider/TimeZoneNameUtility$TimeZoneNameGetter
instanceKlass sun/util/locale/provider/LocaleServiceProviderPool$LocalizedObjectGetter
instanceKlass sun/util/locale/provider/LocaleServiceProviderPool
instanceKlass java/util/spi/LocaleServiceProvider
instanceKlass sun/util/locale/provider/TimeZoneNameUtility
instanceKlass sun/util/calendar/ZoneInfoFile$ZoneOffsetTransitionRule
instanceKlass sun/util/calendar/ZoneInfoFile$1
instanceKlass sun/util/calendar/ZoneInfoFile
instanceKlass java/util/TimeZone
instanceKlass java/lang/Shutdown$Lock
instanceKlass java/lang/Shutdown
instanceKlass java/io/DeleteOnExitHook$1
instanceKlass java/io/DeleteOnExitHook
instanceKlass sun/management/Util
instanceKlass ro/amiq/dvt/ls/logger/LSLogger$$Lambda$32
instanceKlass ro/amiq/dvt/ls/logger/LSLogger$$Lambda$31
instanceKlass java/util/OptionalInt
instanceKlass java/util/stream/ReduceOps$6ReducingSink
instanceKlass java/util/stream/Sink$OfInt
instanceKlass java/util/function/IntConsumer
instanceKlass java/util/stream/IntPipeline$$Lambda$30
instanceKlass java/util/function/IntBinaryOperator
instanceKlass java/util/stream/IntStream
instanceKlass ro/amiq/dvt/ls/logger/LSLogger$$Lambda$29
instanceKlass java/util/function/ToIntFunction
instanceKlass java/lang/invoke/LambdaForm$DMH
instanceKlass java/lang/ProcessEnvironment$CheckedEntry
instanceKlass java/lang/ProcessEnvironment$CheckedEntrySet$1
instanceKlass java/lang/ProcessEnvironment$EntryComparator
instanceKlass java/lang/ProcessEnvironment$NameComparator
instanceKlass ro/amiq/dvt/ls/LSRegistryInfo
instanceKlass sun/net/NetHooks
instanceKlass java/net/InetSocketAddress$InetSocketAddressHolder
instanceKlass java/net/SocketAddress
instanceKlass java/net/AbstractPlainSocketImpl$1
instanceKlass java/net/NetworkInterface
instanceKlass java/net/StandardSocketOptions$StdSocketOption
instanceKlass java/net/SocketOption
instanceKlass java/net/StandardSocketOptions
instanceKlass java/net/SocketImpl
instanceKlass java/net/SocketOptions
instanceKlass java/net/SocksConsts
instanceKlass java/net/ServerSocket$2
instanceKlass jdk/internal/misc/JavaNetSocketAccess
instanceKlass java/net/ServerSocket
instanceKlass java/lang/invoke/LambdaForm$MH
instanceKlass java/lang/invoke/LambdaForm$MH
instanceKlass sun/invoke/util/ValueConversions$WrapperCache
instanceKlass java/lang/invoke/LambdaForm$MH
instanceKlass java/lang/invoke/MethodHandles$1
instanceKlass java/lang/invoke/LambdaForm$MH
instanceKlass java/lang/invoke/LambdaForm$MH
instanceKlass java/lang/invoke/LambdaForm$MH
instanceKlass java/lang/invoke/LambdaForm$MH
instanceKlass java/lang/invoke/LambdaForm$MH
instanceKlass java/lang/invoke/LambdaForm$MH
instanceKlass java/lang/invoke/LambdaForm$MH
instanceKlass java/lang/invoke/LambdaForm$MH
instanceKlass java/lang/invoke/LambdaForm$MH
instanceKlass java/lang/invoke/LambdaForm$MH
instanceKlass java/lang/invoke/LambdaForm$MH
instanceKlass java/lang/invoke/LambdaForm$MH
instanceKlass java/lang/invoke/LambdaForm$MH
instanceKlass java/lang/invoke/LambdaForm$MH
instanceKlass java/lang/invoke/LambdaForm$MH
instanceKlass java/lang/ClassValue$Version
instanceKlass java/lang/ClassValue$Identity
instanceKlass java/lang/ClassValue
instanceKlass java/lang/invoke/StringConcatFactory$Stringifiers
instanceKlass java/lang/StringConcatHelper
instanceKlass java/lang/invoke/StringConcatFactory$MethodHandleInlineCopyStrategy$3
instanceKlass java/lang/invoke/StringConcatFactory$MethodHandleInlineCopyStrategy$2
instanceKlass java/lang/invoke/StringConcatFactory$MethodHandleInlineCopyStrategy$1
instanceKlass java/lang/invoke/StringConcatFactory$MethodHandleInlineCopyStrategy
instanceKlass java/lang/invoke/StringConcatFactory$RecipeElement
instanceKlass java/lang/invoke/StringConcatFactory$Recipe
instanceKlass java/lang/invoke/StringConcatFactory$1
instanceKlass java/lang/invoke/StringConcatFactory
instanceKlass java/net/InetAddress$CachedLocalHost
instanceKlass java/util/concurrent/atomic/Striped64$1
instanceKlass java/util/Random
instanceKlass java/lang/invoke/VarHandle$AccessDescriptor
instanceKlass java/net/InetAddress$CachedAddresses
instanceKlass sun/net/InetAddressCachePolicy$2
instanceKlass sun/net/InetAddressCachePolicy$1
instanceKlass sun/net/InetAddressCachePolicy
instanceKlass java/net/Inet6Address$Inet6AddressHolder
instanceKlass java/net/InetAddress$NameServiceAddresses
instanceKlass java/net/InetAddress$Addresses
instanceKlass java/util/concurrent/ConcurrentSkipListMap$Iter
instanceKlass java/net/InetAddress$PlatformNameService
instanceKlass java/net/InetAddress$NameService
instanceKlass java/net/Inet6AddressImpl
instanceKlass java/net/InetAddressImpl
instanceKlass java/net/InetAddressImplFactory
instanceKlass java/util/concurrent/ConcurrentSkipListMap$Node
instanceKlass java/util/concurrent/ConcurrentSkipListMap$Index
instanceKlass java/util/concurrent/ConcurrentNavigableMap
instanceKlass java/net/InetAddress$InetAddressHolder
instanceKlass java/net/InetAddress$2
instanceKlass jdk/internal/misc/JavaNetInetAddressAccess
instanceKlass java/net/InetAddress$1
instanceKlass java/net/InetAddress
instanceKlass java/util/stream/Collectors$$Lambda$28
instanceKlass java/util/stream/Collectors$$Lambda$27
instanceKlass java/util/stream/Collectors$$Lambda$26
instanceKlass sun/management/spi/PlatformMBeanProvider$PlatformComponent$$Lambda$25
instanceKlass sun/management/spi/PlatformMBeanProvider$PlatformComponent$$Lambda$24
instanceKlass sun/management/RuntimeImpl
instanceKlass java/util/stream/ReduceOps$2ReducingSink
instanceKlass java/lang/management/ManagementFactory$PlatformMBeanFinder$$Lambda$23
instanceKlass java/lang/management/ManagementFactory$PlatformMBeanFinder$$Lambda$22
instanceKlass java/util/function/Predicate
instanceKlass java/util/Collections$2
instanceKlass jdk/management/jfr/internal/FlightRecorderMXBeanProvider$SingleMBeanComponent
instanceKlass jdk/management/jfr/FlightRecorderMXBean
instanceKlass java/util/HashMap$HashMapSpliterator
instanceKlass java/lang/management/ManagementFactory$PlatformMBeanFinder$$Lambda$21
instanceKlass java/lang/management/ManagementFactory$PlatformMBeanFinder$$Lambda$20
instanceKlass java/util/stream/Sink$ChainedReference
instanceKlass java/util/stream/Collectors$$Lambda$19
instanceKlass java/util/stream/Collectors$$Lambda$18
instanceKlass java/lang/invoke/LambdaForm$DMH
instanceKlass java/util/stream/Collectors$$Lambda$17
instanceKlass java/lang/management/ManagementFactory$PlatformMBeanFinder$$Lambda$16
instanceKlass java/lang/invoke/LambdaForm$DMH
instanceKlass sun/reflect/misc/ReflectUtil
instanceKlass java/util/function/Function$$Lambda$15
instanceKlass java/lang/management/ManagementFactory$PlatformMBeanFinder$$Lambda$14
instanceKlass java/lang/WeakPairMap$Pair$Lookup
instanceKlass java/lang/WeakPairMap$Pair
instanceKlass java/lang/WeakPairMap
instanceKlass java/lang/Module$ReflectionData
instanceKlass java/lang/management/ManagementFactory$PlatformMBeanFinder$$Lambda$13
instanceKlass java/util/ArrayList$ArrayListSpliterator
instanceKlass java/lang/management/DefaultPlatformMBeanProvider$11
instanceKlass java/lang/management/DefaultPlatformMBeanProvider$10
instanceKlass java/lang/management/DefaultPlatformMBeanProvider$9
instanceKlass java/util/logging/LogManager
instanceKlass sun/management/ManagementFactoryHelper$LoggingMXBeanAccess$1
instanceKlass sun/management/ManagementFactoryHelper$LoggingMXBeanAccess
instanceKlass java/lang/management/DefaultPlatformMBeanProvider$8
instanceKlass java/lang/management/DefaultPlatformMBeanProvider$7
instanceKlass java/lang/management/DefaultPlatformMBeanProvider$6
instanceKlass java/lang/management/DefaultPlatformMBeanProvider$5
instanceKlass java/lang/management/DefaultPlatformMBeanProvider$4
instanceKlass java/lang/management/DefaultPlatformMBeanProvider$3
instanceKlass java/lang/management/DefaultPlatformMBeanProvider$2
instanceKlass java/lang/management/DefaultPlatformMBeanProvider$1
instanceKlass java/util/Collections$EmptyEnumeration
instanceKlass java/util/concurrent/Callable
instanceKlass com/sun/management/internal/PlatformMBeanProviderImpl$5
instanceKlass sun/management/VMManagementImpl
instanceKlass sun/management/VMManagement
instanceKlass sun/management/ManagementFactoryHelper
instanceKlass sun/management/NotificationEmitterSupport
instanceKlass javax/management/NotificationEmitter
instanceKlass javax/management/NotificationBroadcaster
instanceKlass com/sun/management/DiagnosticCommandMBean
instanceKlass javax/management/DynamicMBean
instanceKlass com/sun/management/internal/PlatformMBeanProviderImpl$4
instanceKlass com/sun/management/internal/PlatformMBeanProviderImpl$3
instanceKlass com/sun/management/internal/PlatformMBeanProviderImpl$2
instanceKlass com/sun/management/internal/PlatformMBeanProviderImpl$1
instanceKlass sun/management/spi/PlatformMBeanProvider$PlatformComponent
instanceKlass com/sun/management/internal/PlatformMBeanProviderImpl$$Lambda$12
instanceKlass java/util/ServiceLoader$ProviderImpl
instanceKlass java/util/ServiceLoader$Provider
instanceKlass java/util/ServiceLoader$1
instanceKlass java/util/concurrent/CopyOnWriteArrayList$COWIterator
instanceKlass java/util/ServiceLoader$3
instanceKlass java/util/ServiceLoader$2
instanceKlass java/util/ServiceLoader$LazyClassPathLookupIterator
instanceKlass jdk/internal/loader/AbstractClassLoaderValue$Memoizer
instanceKlass java/util/ServiceLoader$ModuleServicesLookupIterator
instanceKlass java/lang/management/ManagementFactory$PlatformMBeanFinder$$Lambda$11
instanceKlass java/util/ServiceLoader
instanceKlass sun/management/spi/PlatformMBeanProvider
instanceKlass java/security/AccessController$1
instanceKlass sun/security/util/SecurityProperties
instanceKlass sun/security/util/FilePermCompat
instanceKlass java/io/FilePermission$1
instanceKlass jdk/internal/misc/JavaIOFilePermissionAccess
instanceKlass java/lang/management/ManagementFactory$PlatformMBeanFinder$$Lambda$10
instanceKlass java/lang/management/ManagementFactory$PlatformMBeanFinder
instanceKlass java/lang/management/RuntimeMXBean
instanceKlass java/lang/management/PlatformManagedObject
instanceKlass java/lang/management/ManagementFactory$$Lambda$9
instanceKlass java/lang/management/ManagementFactory
instanceKlass com/google/re2j/Machine$Thread
instanceKlass com/google/re2j/Machine$1
instanceKlass com/google/re2j/Machine$Queue$Entry
instanceKlass com/google/re2j/Machine$Queue
instanceKlass com/google/re2j/Machine
instanceKlass com/google/re2j/MachineInput
instanceKlass com/google/re2j/Matcher
instanceKlass com/google/re2j/Inst$1
instanceKlass com/google/re2j/Prog$1
instanceKlass com/google/re2j/UnicodeTables
instanceKlass com/google/re2j/Unicode
instanceKlass com/google/re2j/Compiler$1
instanceKlass com/google/re2j/Compiler$Frag
instanceKlass com/google/re2j/Inst
instanceKlass com/google/re2j/Prog
instanceKlass com/google/re2j/Compiler
instanceKlass com/google/re2j/Simplify$1
instanceKlass com/google/re2j/Simplify
instanceKlass com/google/re2j/Parser$1
instanceKlass com/google/re2j/CharGroup
instanceKlass com/google/re2j/Utils
instanceKlass com/google/re2j/CharClass
instanceKlass com/google/re2j/Regexp
instanceKlass com/google/re2j/Parser$StringIterator
instanceKlass com/google/re2j/Parser
instanceKlass com/google/re2j/RE2$DeliverFunc
instanceKlass com/google/re2j/RE2$ReplaceFunc
instanceKlass com/google/re2j/RE2
instanceKlass com/google/re2j/Pattern
instanceKlass java/util/concurrent/atomic/AtomicReference
instanceKlass org/eclipse/lsp4j/jsonrpc/MessageConsumer
instanceKlass sun/security/util/ManifestEntryVerifier$SunProviderHolder
instanceKlass java/util/Base64$Encoder
instanceKlass java/util/Base64$Decoder
instanceKlass java/util/Base64
instanceKlass javax/crypto/SecretKey
instanceKlass sun/security/util/Length
instanceKlass sun/security/util/KeyUtil
instanceKlass java/security/interfaces/XECKey
instanceKlass java/security/interfaces/ECKey
instanceKlass sun/security/util/JarConstraintsParameters
instanceKlass sun/security/util/ConstraintsParameters
instanceKlass java/security/Timestamp
instanceKlass sun/security/timestamp/TimestampToken
instanceKlass java/security/cert/CertPath
instanceKlass java/math/MutableBigInteger
instanceKlass sun/security/rsa/RSAPadding
instanceKlass sun/security/rsa/RSACore
instanceKlass sun/security/rsa/RSAUtil$1
instanceKlass java/security/interfaces/RSAPrivateCrtKey
instanceKlass sun/security/pkcs/PKCS8Key
instanceKlass java/security/interfaces/RSAPrivateKey
instanceKlass java/security/PrivateKey
instanceKlass javax/security/auth/Destroyable
instanceKlass sun/security/util/SignatureUtil
instanceKlass sun/security/jca/ServiceId
instanceKlass java/security/Signature$1
instanceKlass jdk/internal/misc/JavaSecuritySignatureAccess
instanceKlass java/security/SignatureSpi
instanceKlass sun/text/normalizer/Trie2$UTrie2Header
instanceKlass sun/text/normalizer/Trie2$1
instanceKlass sun/text/normalizer/Trie2$ValueMapper
instanceKlass sun/text/normalizer/Trie2
instanceKlass sun/text/normalizer/VersionInfo
instanceKlass jdk/internal/module/SystemModuleFinders$SystemModuleReader$$Lambda$8
instanceKlass jdk/internal/jimage/ImageLocation
instanceKlass jdk/internal/jimage/decompressor/Decompressor
instanceKlass jdk/internal/jimage/ImageStringsReader
instanceKlass jdk/internal/jimage/ImageStrings
instanceKlass jdk/internal/jimage/ImageHeader
instanceKlass jdk/internal/jimage/NativeImageBuffer$1
instanceKlass jdk/internal/jimage/NativeImageBuffer
instanceKlass jdk/internal/jimage/BasicImageReader$1
instanceKlass jdk/internal/jimage/BasicImageReader
instanceKlass jdk/internal/jimage/ImageReader
instanceKlass jdk/internal/jimage/ImageReaderFactory$1
instanceKlass java/nio/file/Paths
instanceKlass jdk/internal/jimage/ImageReaderFactory
instanceKlass jdk/internal/module/SystemModuleFinders$SystemImage
instanceKlass jdk/internal/module/SystemModuleFinders$SystemModuleReader
instanceKlass java/lang/module/ModuleReader
instanceKlass jdk/internal/loader/BuiltinClassLoader$5
instanceKlass jdk/internal/module/Checks
instanceKlass jdk/internal/module/Resources
instanceKlass sun/text/normalizer/ICUBinary$1
instanceKlass sun/text/normalizer/ICUBinary
instanceKlass sun/text/normalizer/NormalizerImpl$IsAcceptable
instanceKlass sun/text/normalizer/ICUBinary$Authenticate
instanceKlass sun/text/normalizer/NormalizerImpl
instanceKlass sun/text/normalizer/Norm2AllModes$Norm2AllModesSingleton
instanceKlass sun/text/normalizer/Norm2AllModes$NFKCSingleton
instanceKlass sun/text/normalizer/Norm2AllModes
instanceKlass sun/text/normalizer/Normalizer2
instanceKlass sun/text/normalizer/NormalizerBase$ModeImpl
instanceKlass sun/text/normalizer/NormalizerBase$NFKDModeImpl
instanceKlass sun/text/normalizer/NormalizerBase$1
instanceKlass sun/text/normalizer/NormalizerBase$Mode
instanceKlass sun/text/normalizer/NormalizerBase
instanceKlass java/text/Normalizer
instanceKlass sun/security/x509/AVAKeyword
instanceKlass sun/security/provider/ByteArrayAccess
instanceKlass sun/security/util/MessageDigestSpi2
instanceKlass java/security/MessageDigestSpi
instanceKlass java/lang/Byte$ByteCache
instanceKlass sun/security/util/KnownOIDs$10
instanceKlass sun/security/pkcs/PKCS9Attribute
instanceKlass sun/security/pkcs/PKCS9Attributes
instanceKlass sun/security/util/DisabledAlgorithmConstraints$1
instanceKlass java/security/spec/ECFieldF2m
instanceKlass java/security/spec/ECParameterSpec
instanceKlass java/security/spec/AlgorithmParameterSpec
instanceKlass java/security/spec/ECPoint
instanceKlass java/security/spec/EllipticCurve
instanceKlass java/security/spec/ECFieldFp
instanceKlass java/security/spec/ECField
instanceKlass sun/security/util/CurveDB$Holder
instanceKlass sun/security/util/CurveDB
instanceKlass sun/security/util/DisabledAlgorithmConstraints$Constraint
instanceKlass sun/security/util/DisabledAlgorithmConstraints$Constraints
instanceKlass java/util/regex/IntHashSet
instanceKlass java/util/regex/Matcher
instanceKlass java/util/regex/MatchResult
instanceKlass java/util/TreeMap$PrivateEntryIterator
instanceKlass java/util/NavigableSet
instanceKlass java/util/SortedSet
instanceKlass sun/security/util/AbstractAlgorithmConstraints$1
instanceKlass sun/security/util/AlgorithmDecomposer
instanceKlass sun/security/util/DisabledAlgorithmConstraints$JarHolder
instanceKlass java/util/regex/Pattern$$Lambda$7
instanceKlass java/util/regex/ASCII
instanceKlass sun/security/util/AbstractAlgorithmConstraints
instanceKlass java/security/AlgorithmConstraints
instanceKlass sun/security/pkcs/SignerInfo
instanceKlass java/security/cert/PolicyQualifierInfo
instanceKlass sun/security/x509/RFC822Name
instanceKlass sun/security/x509/CertificatePolicyId
instanceKlass sun/security/x509/PolicyInformation
instanceKlass sun/security/x509/DistributionPoint
instanceKlass sun/security/x509/DNSName
instanceKlass sun/security/x509/URIName
instanceKlass sun/security/x509/GeneralName
instanceKlass sun/security/x509/AccessDescription
instanceKlass sun/security/x509/GeneralNames
instanceKlass java/lang/System$Logger
instanceKlass jdk/internal/event/EventHelper
instanceKlass jdk/internal/event/Event
instanceKlass sun/security/util/MemoryCache$CacheEntry
instanceKlass sun/security/x509/X509AttributeName
instanceKlass sun/security/x509/KeyIdentifier
instanceKlass java/util/TreeMap$Entry
instanceKlass sun/security/x509/OIDMap$OIDInfo
instanceKlass sun/security/x509/PKIXExtensions
instanceKlass sun/security/x509/OIDMap
instanceKlass sun/security/x509/Extension
instanceKlass java/security/cert/Extension
instanceKlass java/util/Collections$SynchronizedMap
instanceKlass java/util/NavigableMap
instanceKlass java/util/SortedMap
instanceKlass sun/security/x509/CertificateExtensions
instanceKlass sun/security/rsa/RSAUtil
instanceKlass java/security/interfaces/RSAPublicKey
instanceKlass java/security/interfaces/RSAKey
instanceKlass java/security/spec/RSAPrivateKeySpec
instanceKlass java/security/spec/RSAPublicKeySpec
instanceKlass java/security/KeyFactorySpi
instanceKlass sun/security/rsa/SunRsaSignEntries
instanceKlass sun/security/jca/ProviderList$ServiceList$1
instanceKlass java/security/KeyFactory
instanceKlass java/security/spec/EncodedKeySpec
instanceKlass java/security/spec/KeySpec
instanceKlass sun/security/util/BitArray
instanceKlass sun/security/x509/X509Key
instanceKlass java/security/PublicKey
instanceKlass java/security/Key
instanceKlass sun/security/x509/CertificateX509Key
instanceKlass java/util/Date
instanceKlass sun/util/calendar/CalendarUtils
instanceKlass sun/util/calendar/CalendarDate
instanceKlass sun/util/calendar/CalendarSystem$GregorianHolder
instanceKlass sun/util/calendar/CalendarSystem
instanceKlass sun/security/x509/CertificateValidity
instanceKlass sun/security/x509/AVA
instanceKlass sun/security/x509/RDN
instanceKlass javax/security/auth/x500/X500Principal
instanceKlass sun/security/x509/X500Name$1
instanceKlass sun/security/x509/X500Name
instanceKlass sun/security/x509/GeneralNameInterface
instanceKlass sun/security/x509/CertificateAlgorithmId
instanceKlass sun/security/x509/SerialNumber
instanceKlass sun/security/x509/CertificateSerialNumber
instanceKlass sun/security/x509/CertificateVersion
instanceKlass sun/security/x509/X509CertInfo
instanceKlass sun/security/x509/CertAttrSet
instanceKlass sun/security/util/Cache$EqualByteArray
instanceKlass java/security/cert/X509Extension
instanceKlass sun/security/jca/GetInstance$Instance
instanceKlass sun/security/util/Cache
instanceKlass sun/security/jca/GetInstance
instanceKlass java/security/cert/CertificateFactorySpi
instanceKlass java/security/cert/CertificateFactory
instanceKlass sun/security/x509/AlgorithmId
instanceKlass jdk/internal/util/ArraysSupport
instanceKlass sun/security/util/ByteArrayTagOrder
instanceKlass sun/security/util/ByteArrayLexOrder
instanceKlass sun/security/util/DerEncoder
instanceKlass sun/security/util/IOUtils
instanceKlass sun/security/util/DerValue
instanceKlass sun/security/util/ObjectIdentifier
instanceKlass sun/security/pkcs/ContentInfo
instanceKlass sun/security/util/DerIndefLenConverter
instanceKlass sun/security/util/DerInputStream
instanceKlass sun/security/pkcs/PKCS7
instanceKlass java/util/Collections$EmptyIterator
instanceKlass java/security/Provider$UString
instanceKlass java/security/Provider$Service
instanceKlass sun/security/provider/NativePRNG$NonBlocking
instanceKlass sun/security/provider/NativePRNG$Blocking
instanceKlass sun/security/provider/NativePRNG
instanceKlass sun/security/provider/SunEntries$1
instanceKlass sun/security/provider/SunEntries
instanceKlass sun/security/util/SecurityConstants
instanceKlass java/io/FileInputStream$1
instanceKlass java/util/Properties$LineReader
instanceKlass java/security/Security$1
instanceKlass java/security/Security
instanceKlass sun/security/jca/ProviderList$2
instanceKlass jdk/internal/math/FloatingDecimal$ASCIIToBinaryBuffer
instanceKlass jdk/internal/math/FloatingDecimal$PreparedASCIIToBinaryBuffer
instanceKlass jdk/internal/math/FloatingDecimal$ASCIIToBinaryConverter
instanceKlass jdk/internal/math/FloatingDecimal$BinaryToASCIIBuffer
instanceKlass jdk/internal/math/FloatingDecimal$ExceptionalBinaryToASCIIBuffer
instanceKlass jdk/internal/math/FloatingDecimal$BinaryToASCIIConverter
instanceKlass jdk/internal/math/FloatingDecimal
instanceKlass java/security/Provider$EngineDescription
instanceKlass java/security/Provider$ServiceKey
instanceKlass sun/security/jca/ProviderConfig
instanceKlass sun/security/jca/ProviderList
instanceKlass sun/security/jca/Providers
instanceKlass sun/security/util/ManifestDigester$$Lambda$6
instanceKlass sun/security/util/ManifestDigester$Section
instanceKlass sun/security/util/ManifestDigester$Entry
instanceKlass sun/security/util/ManifestDigester$Position
instanceKlass sun/security/util/ManifestDigester
instanceKlass java/util/LinkedHashMap$LinkedHashIterator
instanceKlass ro/amiq/dvt/main/ArgumentsParser$ArgumentValue
instanceKlass ro/amiq/dvt/main/ArgumentsParser$ArgumentDefinition
instanceKlass java/util/stream/ReduceOps$Box
instanceKlass java/util/stream/ReduceOps$AccumulatingSink
instanceKlass java/util/stream/TerminalSink
instanceKlass java/util/stream/Sink
instanceKlass java/util/function/Consumer
instanceKlass java/util/stream/ReduceOps$ReduceOp
instanceKlass java/util/stream/TerminalOp
instanceKlass java/util/stream/ReduceOps
instanceKlass java/util/stream/Collectors$$Lambda$5
instanceKlass java/util/stream/Collectors$$Lambda$4
instanceKlass java/util/function/BinaryOperator
instanceKlass java/util/stream/Collectors$$Lambda$3
instanceKlass java/util/function/BiConsumer
instanceKlass java/lang/invoke/LambdaForm$MH
instanceKlass java/lang/invoke/InvokerBytecodeGenerator$CpPatch
instanceKlass java/lang/invoke/LambdaFormBuffer
instanceKlass java/lang/invoke/LambdaFormEditor
instanceKlass java/lang/invoke/DelegatingMethodHandle$Holder
instanceKlass sun/invoke/util/Wrapper$1
instanceKlass java/lang/invoke/DirectMethodHandle$1
instanceKlass sun/invoke/empty/Empty
instanceKlass sun/invoke/util/VerifyType
instanceKlass java/lang/invoke/ClassSpecializer$Factory
instanceKlass java/lang/invoke/ClassSpecializer$SpeciesData
instanceKlass java/lang/invoke/ClassSpecializer$1
instanceKlass java/lang/invoke/ClassSpecializer
instanceKlass java/lang/invoke/InnerClassLambdaMetafactory$1
instanceKlass java/util/stream/Collectors$$Lambda$2
instanceKlass java/util/stream/Collectors$CollectorImpl
instanceKlass java/util/stream/Collector
instanceKlass java/util/stream/Collectors
instanceKlass sun/reflect/annotation/AnnotationParser
instanceKlass java/lang/Class$3
instanceKlass java/util/EnumMap$1
instanceKlass java/util/stream/StreamOpFlag$MaskBuilder
instanceKlass java/util/stream/PipelineHelper
instanceKlass java/util/stream/StreamSupport
instanceKlass java/util/Spliterators$ArraySpliterator
instanceKlass java/util/Spliterator$OfDouble
instanceKlass java/util/Spliterator$OfLong
instanceKlass java/util/Spliterator$OfInt
instanceKlass java/util/Spliterator$OfPrimitive
instanceKlass java/util/Spliterators$EmptySpliterator
instanceKlass java/util/Spliterator
instanceKlass java/util/Spliterators
instanceKlass java/util/stream/Stream
instanceKlass java/util/stream/BaseStream
instanceKlass ro/amiq/dvt/main/ArgumentsParser
instanceKlass java/util/StringJoiner
instanceKlass freemarker/log/_NullLoggerFactory
instanceKlass freemarker/log/Logger$1
instanceKlass freemarker/log/LoggerFactory
instanceKlass freemarker/log/Logger
instanceKlass java/util/regex/Pattern$TreeInfo
instanceKlass java/util/regex/Pattern$$Lambda$1
instanceKlass jdk/internal/org/objectweb/asm/AnnotationVisitor
instanceKlass jdk/internal/org/objectweb/asm/Frame
instanceKlass jdk/internal/org/objectweb/asm/Label
instanceKlass jdk/internal/org/objectweb/asm/MethodVisitor
instanceKlass jdk/internal/org/objectweb/asm/FieldVisitor
instanceKlass jdk/internal/org/objectweb/asm/Item
instanceKlass jdk/internal/org/objectweb/asm/ByteVector
instanceKlass jdk/internal/org/objectweb/asm/ClassVisitor
instanceKlass sun/invoke/util/BytecodeDescriptor
instanceKlass java/lang/invoke/InfoFromMemberName
instanceKlass java/lang/invoke/MethodHandleInfo
instanceKlass sun/security/action/GetBooleanAction
instanceKlass jdk/internal/org/objectweb/asm/Type
instanceKlass java/lang/invoke/AbstractValidatingLambdaMetafactory
instanceKlass java/lang/invoke/MethodHandleImpl$1
instanceKlass jdk/internal/misc/JavaLangInvokeAccess
instanceKlass java/lang/invoke/Invokers$Holder
instanceKlass java/lang/invoke/BootstrapMethodInvoker
instanceKlass java/util/regex/Pattern$BmpCharPredicate
instanceKlass java/util/regex/Pattern$CharPredicate
instanceKlass java/lang/invoke/InvokerBytecodeGenerator$2
instanceKlass java/lang/invoke/InvokerBytecodeGenerator
instanceKlass java/lang/invoke/LambdaForm$Holder
instanceKlass java/lang/invoke/LambdaForm$Name
instanceKlass java/lang/invoke/Invokers
instanceKlass java/lang/invoke/MethodHandleImpl
instanceKlass sun/invoke/util/ValueConversions
instanceKlass java/lang/invoke/DirectMethodHandle$Holder
instanceKlass java/lang/invoke/LambdaForm$NamedFunction
instanceKlass java/lang/invoke/LambdaMetafactory
instanceKlass java/util/regex/Pattern$Node
instanceKlass java/util/regex/Pattern
instanceKlass java/io/Reader
instanceKlass java/lang/Readable
instanceKlass ro/amiq/dvt/buildconfig/BuildConfigFile
instanceKlass ro/amiq/dvt/buildconfig/ElaborationSkipFilter
instanceKlass ro/amiq/dvt/buildconfig/BuildConfigManagerCommon
instanceKlass ro/amiq/dvt/main/Main
instanceKlass ro/amiq/dvt/main/IMixedBatchCompilerConfigurator
instanceKlass java/lang/PublicMethods$Key
instanceKlass java/lang/PublicMethods$MethodList
instanceKlass ro/amiq/dvt/main/LSMain
instanceKlass java/security/SecureClassLoader$DebugHolder
instanceKlass java/security/Permissions$1
instanceKlass java/security/PermissionCollection
instanceKlass java/security/SecureClassLoader$1
instanceKlass java/security/SecureClassLoader$CodeSourceKey
instanceKlass java/util/zip/Checksum$1
instanceKlass java/util/zip/CRC32
instanceKlass java/util/zip/Checksum
instanceKlass sun/nio/ByteBuffered
instanceKlass java/lang/Package$VersionInfo
instanceKlass java/lang/NamedPackage
instanceKlass sun/security/util/SignatureFileVerifier
instanceKlass sun/security/util/ManifestEntryVerifier
instanceKlass jdk/internal/loader/Resource
instanceKlass java/util/StringTokenizer
instanceKlass java/util/jar/Attributes$Name
instanceKlass java/util/jar/Attributes
instanceKlass java/security/CodeSigner
instanceKlass sun/security/util/Debug
instanceKlass java/util/jar/JarVerifier
instanceKlass java/util/zip/ZipFile$InflaterCleanupAction
instanceKlass java/util/zip/Inflater$InflaterZStreamRef
instanceKlass java/util/zip/Inflater
instanceKlass java/util/zip/ZipEntry
instanceKlass java/util/jar/JarFile$1
instanceKlass jdk/internal/util/jar/JarIndex
instanceKlass java/nio/Bits$1
instanceKlass jdk/internal/misc/JavaNioAccess$BufferPool
instanceKlass java/nio/Bits
instanceKlass sun/nio/ch/DirectBuffer
instanceKlass jdk/internal/perf/PerfCounter$CoreCounters
instanceKlass jdk/internal/perf/Perf
instanceKlass jdk/internal/perf/Perf$GetPerfAction
instanceKlass jdk/internal/perf/PerfCounter
instanceKlass java/util/zip/ZipUtils
instanceKlass java/util/zip/ZipFile$Source$End
instanceKlass sun/invoke/util/Wrapper$Format
instanceKlass java/lang/invoke/MethodTypeForm
instanceKlass java/lang/invoke/MethodType$ConcurrentWeakInternSet
instanceKlass java/lang/Void
instanceKlass java/lang/invoke/VarForm
instanceKlass java/lang/invoke/VarHandleGuards
instanceKlass jdk/internal/util/Preconditions$1
instanceKlass java/util/function/BiFunction
instanceKlass java/lang/invoke/VarHandle$1
instanceKlass java/lang/invoke/VarHandles
instanceKlass sun/invoke/util/VerifyAccess
instanceKlass java/lang/invoke/MethodHandles$Lookup
instanceKlass java/security/Permission
instanceKlass java/security/Guard
instanceKlass java/lang/invoke/MemberName$Factory
instanceKlass java/lang/invoke/MethodHandles
instanceKlass java/util/concurrent/atomic/AtomicBoolean
instanceKlass java/io/RandomAccessFile$2
instanceKlass jdk/internal/misc/JavaIORandomAccessFileAccess
instanceKlass java/io/RandomAccessFile
instanceKlass java/io/DataInput
instanceKlass java/io/DataOutput
instanceKlass java/nio/file/attribute/FileTime
instanceKlass sun/nio/fs/WindowsNativeDispatcher$CompletionStatus
instanceKlass sun/nio/fs/WindowsNativeDispatcher$AclInformation
instanceKlass sun/nio/fs/WindowsNativeDispatcher$Account
instanceKlass sun/nio/fs/WindowsNativeDispatcher$DiskFreeSpace
instanceKlass sun/nio/fs/WindowsNativeDispatcher$VolumeInformation
instanceKlass sun/nio/fs/WindowsNativeDispatcher$FirstStream
instanceKlass sun/nio/fs/WindowsNativeDispatcher$FirstFile
instanceKlass java/util/Enumeration
instanceKlass java/util/ArrayDeque$DeqIterator
instanceKlass java/lang/ClassLoaderHelper
instanceKlass java/lang/ClassLoader$NativeLibrary
instanceKlass java/lang/ClassLoader$2
instanceKlass java/lang/StringCoding$StringEncoder
instanceKlass sun/nio/fs/WindowsNativeDispatcher$1
instanceKlass sun/nio/fs/WindowsNativeDispatcher
instanceKlass sun/nio/fs/NativeBuffer$Deallocator
instanceKlass sun/nio/fs/NativeBuffer
instanceKlass sun/nio/fs/NativeBuffers
instanceKlass sun/nio/fs/WindowsFileAttributes
instanceKlass java/nio/file/attribute/DosFileAttributes
instanceKlass sun/nio/fs/AbstractBasicFileAttributeView
instanceKlass sun/nio/fs/DynamicFileAttributeView
instanceKlass sun/nio/fs/WindowsFileAttributeViews
instanceKlass sun/nio/fs/Util
instanceKlass java/nio/file/attribute/BasicFileAttributeView
instanceKlass java/nio/file/attribute/FileAttributeView
instanceKlass java/nio/file/attribute/AttributeView
instanceKlass java/nio/file/Files
instanceKlass java/nio/file/CopyOption
instanceKlass java/nio/file/attribute/BasicFileAttributes
instanceKlass sun/nio/fs/WindowsPath
instanceKlass java/nio/file/Path
instanceKlass java/nio/file/Watchable
instanceKlass java/net/URI$Parser
instanceKlass sun/nio/fs/WindowsPathParser$Result
instanceKlass sun/nio/fs/WindowsPathParser
instanceKlass java/util/Arrays$ArrayItr
instanceKlass java/nio/file/FileSystem
instanceKlass java/nio/file/OpenOption
instanceKlass java/nio/file/spi/FileSystemProvider
instanceKlass sun/nio/fs/DefaultFileSystemProvider
instanceKlass java/nio/file/FileSystems$DefaultFileSystemHolder$1
instanceKlass java/nio/file/FileSystems$DefaultFileSystemHolder
instanceKlass java/nio/file/FileSystems
instanceKlass java/util/zip/ZipFile$Source$Key
instanceKlass java/util/zip/ZipFile$Source
instanceKlass java/lang/ref/Cleaner$Cleanable
instanceKlass jdk/internal/ref/CleanerImpl
instanceKlass java/lang/ref/Cleaner$1
instanceKlass java/lang/ref/Cleaner
instanceKlass jdk/internal/ref/CleanerFactory$1
instanceKlass java/util/concurrent/ThreadFactory
instanceKlass jdk/internal/ref/CleanerFactory
instanceKlass java/util/zip/ZipFile$CleanableResource
instanceKlass java/util/zip/ZipCoder
instanceKlass java/lang/Runtime$Version
instanceKlass java/util/jar/JavaUtilJarAccessImpl
instanceKlass jdk/internal/misc/JavaUtilJarAccess
instanceKlass jdk/internal/loader/FileURLMapper
instanceKlass jdk/internal/loader/URLClassPath$JarLoader$1
instanceKlass java/util/zip/ZipFile$1
instanceKlass jdk/internal/misc/JavaUtilZipFileAccess
instanceKlass java/util/zip/ZipFile
instanceKlass java/util/zip/ZipConstants
instanceKlass jdk/internal/loader/URLClassPath$Loader
instanceKlass jdk/internal/loader/URLClassPath$3
instanceKlass java/security/PrivilegedExceptionAction
instanceKlass sun/util/locale/InternalLocaleBuilder$CaseInsensitiveChar
instanceKlass sun/util/locale/InternalLocaleBuilder
instanceKlass sun/util/locale/LocaleUtils
instanceKlass sun/util/locale/BaseLocale$Key
instanceKlass sun/util/locale/BaseLocale
instanceKlass sun/util/locale/LocaleObjectCache
instanceKlass java/util/Locale
instanceKlass sun/net/util/URLUtil
instanceKlass sun/launcher/LauncherHelper
instanceKlass jdk/internal/module/IllegalAccessLogger
instanceKlass jdk/internal/module/ModuleBootstrap$2
instanceKlass jdk/internal/module/IllegalAccessLogger$Builder
instanceKlass java/lang/ModuleLayer$Controller
instanceKlass java/util/HashMap$HashIterator
instanceKlass jdk/internal/module/ServicesCatalog$ServiceProvider
instanceKlass java/util/concurrent/CopyOnWriteArrayList
instanceKlass java/util/Collections$UnmodifiableCollection$1
instanceKlass java/util/Collections$UnmodifiableCollection
instanceKlass java/util/ArrayList$Itr
instanceKlass java/util/ImmutableCollections$ListItr
instanceKlass java/util/ListIterator
instanceKlass java/lang/ModuleLayer
instanceKlass jdk/internal/module/ModuleLoaderMap$Mapper
instanceKlass java/util/function/Function
instanceKlass jdk/internal/module/ModuleLoaderMap
instanceKlass java/util/ImmutableCollections$Set12$1
instanceKlass java/util/ImmutableCollections$MapN$MapNIterator
instanceKlass java/util/AbstractMap$1$1
instanceKlass java/lang/module/ResolvedModule
instanceKlass java/lang/module/Configuration
instanceKlass java/util/ImmutableCollections$SetN$SetNIterator
instanceKlass jdk/internal/loader/BuiltinClassLoader$LoadedModule
instanceKlass jdk/internal/util/Preconditions
instanceKlass java/util/Deque
instanceKlass java/util/Queue
instanceKlass sun/net/util/IPAddressUtil
instanceKlass java/net/URLStreamHandler
instanceKlass sun/net/www/ParseUtil
instanceKlass java/io/ExpiringCache$Entry
instanceKlass java/net/URL$3
instanceKlass jdk/internal/misc/JavaNetURLAccess
instanceKlass java/net/URL$DefaultFactory
instanceKlass java/net/URLStreamHandlerFactory
instanceKlass jdk/internal/loader/URLClassPath
instanceKlass java/security/Principal
instanceKlass java/security/ProtectionDomain$Key
instanceKlass java/security/ProtectionDomain$JavaSecurityAccessImpl
instanceKlass jdk/internal/misc/JavaSecurityAccess
instanceKlass java/lang/ClassLoader$ParallelLoaders
instanceKlass jdk/internal/loader/AbstractClassLoaderValue
instanceKlass jdk/internal/module/ServicesCatalog
instanceKlass jdk/internal/loader/BootLoader
instanceKlass java/util/Optional
instanceKlass jdk/internal/module/ModuleBootstrap$Counters
instanceKlass jdk/internal/module/SystemModuleFinders$SystemModuleFinder
instanceKlass java/lang/module/ModuleFinder
instanceKlass jdk/internal/module/SystemModuleFinders$3
instanceKlass jdk/internal/module/ModuleHashes$HashSupplier
instanceKlass java/util/KeyValueHolder
instanceKlass jdk/internal/module/SystemModuleFinders$2
instanceKlass java/util/function/Supplier
instanceKlass java/lang/module/ModuleReference
instanceKlass jdk/internal/module/ModuleResolution
instanceKlass java/util/Collections$UnmodifiableMap
instanceKlass jdk/internal/module/ModuleHashes$Builder
instanceKlass jdk/internal/module/ModuleHashes
instanceKlass jdk/internal/module/ModuleTarget
instanceKlass java/lang/Enum
instanceKlass java/lang/module/ModuleDescriptor$Version
instanceKlass java/lang/module/ModuleDescriptor$Provides
instanceKlass java/lang/module/ModuleDescriptor$Opens
instanceKlass java/lang/module/ModuleDescriptor$Exports
instanceKlass java/lang/module/ModuleDescriptor$Requires
instanceKlass jdk/internal/module/Builder
instanceKlass jdk/internal/module/SystemModules$default
instanceKlass jdk/internal/module/SystemModules
instanceKlass jdk/internal/module/SystemModulesMap
instanceKlass java/net/URI$1
instanceKlass jdk/internal/misc/JavaNetUriAccess
instanceKlass java/net/URI
instanceKlass jdk/internal/module/SystemModuleFinders
instanceKlass jdk/internal/module/ArchivedModuleGraph
instanceKlass jdk/internal/module/ModulePatcher
instanceKlass java/util/ImmutableCollections
instanceKlass java/lang/module/ModuleDescriptor$1
instanceKlass jdk/internal/misc/JavaLangModuleAccess
instanceKlass java/lang/module/ModuleDescriptor
instanceKlass jdk/internal/module/ModuleBootstrap
instanceKlass java/lang/CharacterData
instanceKlass java/lang/invoke/MethodHandleStatics
instanceKlass java/io/ExpiringCache
instanceKlass java/io/FileSystem
instanceKlass java/io/DefaultFileSystem
instanceKlass java/io/File
instanceKlass java/lang/System$2
instanceKlass jdk/internal/misc/JavaLangAccess
instanceKlass sun/io/Win32ErrorMode
instanceKlass jdk/internal/misc/OSEnvironment
instanceKlass java/lang/Integer$IntegerCache
instanceKlass jdk/internal/misc/Signal$NativeHandler
instanceKlass java/util/Hashtable$Entry
instanceKlass jdk/internal/misc/Signal
instanceKlass java/lang/Terminator$1
instanceKlass jdk/internal/misc/Signal$Handler
instanceKlass java/lang/Terminator
instanceKlass java/nio/ByteOrder
instanceKlass java/nio/Buffer$1
instanceKlass jdk/internal/misc/JavaNioAccess
instanceKlass java/nio/charset/CharsetEncoder
instanceKlass sun/nio/cs/ArrayEncoder
instanceKlass sun/security/action/GetPropertyAction
instanceKlass java/io/Writer
instanceKlass java/io/OutputStream
instanceKlass java/io/Flushable
instanceKlass java/io/FileDescriptor$1
instanceKlass jdk/internal/misc/JavaIOFileDescriptorAccess
instanceKlass java/io/FileDescriptor
instanceKlass java/lang/VersionProps
instanceKlass jdk/internal/util/StaticProperty
instanceKlass java/util/concurrent/ConcurrentHashMap$MapEntry
instanceKlass java/util/concurrent/ConcurrentHashMap$Traverser
instanceKlass java/lang/reflect/Array
instanceKlass java/util/Collections$SynchronizedCollection
instanceKlass java/util/List
instanceKlass java/util/RandomAccess
instanceKlass java/util/Collections
instanceKlass java/util/concurrent/ConcurrentHashMap$CollectionView
instanceKlass java/util/Properties$EntrySet
instanceKlass java/lang/StringCoding$Result
instanceKlass java/nio/charset/CodingErrorAction
instanceKlass java/nio/charset/CharsetDecoder
instanceKlass sun/nio/cs/ArrayDecoder
instanceKlass java/lang/StringCoding$StringDecoder
instanceKlass java/lang/ThreadLocal$ThreadLocalMap
instanceKlass java/lang/StringCoding
instanceKlass java/util/HashMap$Node
instanceKlass jdk/internal/reflect/Reflection
instanceKlass java/lang/Class$1
instanceKlass java/lang/reflect/ReflectAccess
instanceKlass jdk/internal/reflect/LangReflectAccess
instanceKlass java/lang/reflect/Modifier
instanceKlass java/lang/Class$Atomic
instanceKlass java/lang/Class$ReflectionData
instanceKlass sun/nio/cs/SingleByte
instanceKlass java/lang/StringUTF16
instanceKlass java/nio/charset/StandardCharsets
instanceKlass sun/nio/cs/HistoricallyNamedCharset
instanceKlass java/lang/Math
instanceKlass java/util/Arrays
instanceKlass java/lang/ThreadLocal
instanceKlass java/nio/charset/spi/CharsetProvider
instanceKlass java/nio/charset/Charset
instanceKlass java/lang/StringLatin1
instanceKlass jdk/internal/misc/VM
instanceKlass jdk/internal/misc/SharedSecrets
instanceKlass java/lang/ref/Reference$1
instanceKlass jdk/internal/misc/JavaLangRefAccess
instanceKlass java/lang/ref/ReferenceQueue$Lock
instanceKlass java/lang/ref/ReferenceQueue
instanceKlass jdk/internal/reflect/ReflectionFactory
instanceKlass java/util/concurrent/locks/LockSupport
instanceKlass java/util/concurrent/ConcurrentHashMap$Node
instanceKlass java/util/Map$Entry
instanceKlass java/util/concurrent/ConcurrentHashMap$CounterCell
instanceKlass java/util/concurrent/locks/ReentrantLock
instanceKlass java/util/concurrent/locks/Lock
instanceKlass java/lang/Runtime
instanceKlass java/util/concurrent/ConcurrentMap
instanceKlass java/util/AbstractMap
instanceKlass java/security/cert/Certificate
instanceKlass jdk/internal/reflect/ReflectionFactory$GetReflectionFactoryAction
instanceKlass java/security/PrivilegedAction
instanceKlass java/util/Objects
instanceKlass java/util/AbstractCollection
instanceKlass java/util/Set
instanceKlass java/util/Collection
instanceKlass java/lang/Iterable
instanceKlass java/security/AccessController
instanceKlass java/lang/String$CaseInsensitiveComparator
instanceKlass java/util/Comparator
instanceKlass java/io/ObjectStreamField
instanceKlass java/util/Iterator
instanceKlass java/lang/Number
instanceKlass java/lang/Character
instanceKlass java/lang/Boolean
instanceKlass java/util/concurrent/locks/AbstractOwnableSynchronizer
instanceKlass java/lang/LiveStackFrame
instanceKlass java/lang/StackFrameInfo
instanceKlass java/lang/StackWalker$StackFrame
instanceKlass java/lang/StackStreamFactory$AbstractStackWalker
instanceKlass java/lang/StackWalker
instanceKlass java/nio/Buffer
instanceKlass java/lang/StackTraceElement
instanceKlass java/security/CodeSource
instanceKlass jdk/internal/loader/ClassLoaders
instanceKlass java/util/jar/Manifest
instanceKlass java/net/URL
instanceKlass java/io/InputStream
instanceKlass java/io/Closeable
instanceKlass java/lang/AutoCloseable
instanceKlass jdk/internal/module/Modules
instanceKlass jdk/internal/misc/Unsafe
instanceKlass java/lang/AbstractStringBuilder
instanceKlass java/lang/Appendable
instanceKlass java/lang/AssertionStatusDirectives
instanceKlass java/lang/invoke/MethodHandleNatives$CallSiteContext
instanceKlass java/lang/invoke/CallSite
instanceKlass java/lang/invoke/MethodType
instanceKlass java/lang/invoke/LambdaForm
instanceKlass java/lang/invoke/MethodHandleNatives
instanceKlass java/lang/invoke/ResolvedMethodName
instanceKlass java/lang/invoke/MemberName
instanceKlass java/lang/invoke/VarHandle
instanceKlass java/lang/invoke/MethodHandle
instanceKlass jdk/internal/reflect/CallerSensitive
instanceKlass java/lang/annotation/Annotation
instanceKlass jdk/internal/reflect/FieldAccessor
instanceKlass jdk/internal/reflect/ConstantPool
instanceKlass jdk/internal/reflect/ConstructorAccessor
instanceKlass jdk/internal/reflect/MethodAccessor
instanceKlass jdk/internal/reflect/MagicAccessorImpl
instanceKlass java/lang/reflect/Parameter
instanceKlass java/lang/reflect/Member
instanceKlass java/lang/reflect/AccessibleObject
instanceKlass java/lang/Module
instanceKlass java/util/Dictionary
instanceKlass java/util/Map
instanceKlass java/lang/ThreadGroup
instanceKlass java/lang/Thread$UncaughtExceptionHandler
instanceKlass java/lang/Thread
instanceKlass java/lang/Runnable
instanceKlass java/lang/ref/Reference
instanceKlass java/security/AccessControlContext
instanceKlass java/security/ProtectionDomain
instanceKlass java/lang/SecurityManager
instanceKlass java/lang/Throwable
instanceKlass java/lang/System
instanceKlass java/lang/ClassLoader
instanceKlass java/lang/Cloneable
instanceKlass java/lang/Class
instanceKlass java/lang/reflect/Type
instanceKlass java/lang/reflect/GenericDeclaration
instanceKlass java/lang/reflect/AnnotatedElement
instanceKlass java/lang/String
instanceKlass java/lang/CharSequence
instanceKlass java/lang/Comparable
instanceKlass java/io/Serializable
ciInstanceKlass java/lang/Object 1 1 81 1 7 1 1 1 1 1 1 1 1 1 1 1 1 1 7 1 1 1 7 12 10 12 10 1 7 1 12 10 1 1 12 10 1 8 12 10 1 7 1 1 12 10 12 10 1 1 1 1 7 1 12 10 1 1 100 1 8 1 12 10 3 1 8 1 1 7 1 1 1 1 12 10 1 1 1 1 1 1 1
ciInstanceKlass java/io/Serializable 1 0 5 1 100 1 100
ciInstanceKlass java/lang/String 1 1 757 1 7 1 1 7 1 100 1 100 1 7 1 7 1 1 7 1 7 1 1 100 1 7 1 1 100 1 7 1 100 1 1 100 1 100 1 1 1 1 1 1 1 1 1 1 5 0 1 1 1 1 1 1 1 1 3 1 3 1 1 12 10 1 8 12 9 12 9 1 1 12 9 1 1 12 10 1 1 1 12 10 1 1 12 10 1 1 100 12 9 1 1 12 10 10 1 1 1 1 100 1 7 1 1 12 10 1 1 12 10 1 1 12 10 1 12 10 1 1 100 1 100 1 8 12 10 1 1 12 10 9 9 1 1 8 1 100 1 12 10 1 12 10 1 12 10 1 12 10 1 12 10 1 1 7 1 1 12 10 10 1 1 12 10 1 1 1 12 10 1 1 1 1 1 12 10 1 12 10 10 1 1 1 1 12 10 1 12 10 1 12 10 1 100 1 12 10 1 12 10 1 1 1 100 10 12 10 1 1 100 1 12 10 1 1 1 12 10 1 12 10 10 1 1 1 7 1 1 12 10 1 12 10 10 1 10 1 1 12 10 1 1 12 10 1 1 12 10 1 1 1 12 10 10 1 1 1 12 10 1 1 1 100 10 1 12 10 1 12 10 1 12 10 12 10 1 100 12 10 11 12 11 1 12 10 1 1 1 1 12 10 1 1 1 12 10 10 1 12 10 1 12 10 1 12 9 1 7 1 1 12 11 1 1 12 10 10 12 10 1 1 12 10 10 1 12 10 1 12 10 1 1 12 10 1 1 1 12 10 10 1 12 10 12 10 10 1 12 10 12 10 10 12 10 10 1 12 10 1 1 12 10 1 12 10 10 12 10 12 10 12 10 12 10 10 1 12 10 1 1 1 1 12 10 10 1 1 1 12 10 1 1 12 10 1 1 12 10 1 7 1 1 12 10 1 12 10 1 12 10 1 1 1 12 10 10 1 1 7 1 12 10 1 11 12 10 1 1 1 1 12 10 1 1 12 10 1 7 12 10 1 12 10 1 1 7 1 12 10 1 100 10 1 7 10 1 1 12 10 1 12 10 12 10 10 1 1 1 8 10 12 10 3 3 1 7 10 1 12 10 1 12 10 1 1 12 10 1 1 12 10 1 7 1 1 12 11 1 7 1 12 10 1 12 10 1 1 1 7 1 12 10 1 100 1 12 10 10 1 1 7 1 1 12 11 1 7 1 12 11 1 1 12 11 1 1 1 12 10 10 1 7 1 1 12 10 12 10 1 12 10 10 12 10 1 1 12 10 10 1 12 10 10 1 12 10 10 1 12 10 10 1 1 12 10 12 10 10 1 1 1 12 10 10 1 100 1 1 12 10 10 1 100 1 1 12 10 1 10 1 1 1 1 12 10 10 1 100 1 1 1 7 10 1 12 10 10 1 1 12 10 1 1 1 8 10 1 12 10 1 12 10 1 1 1 8 1 8 1 1 1 12 10 1 12 10 10 1 7 12 10 1 1 7 12 10 1 1 100 12 10 1 1 100 12 10 1 1 1 100 10 1 8 1 12 10 10 1 12 10 3 1 8 1 8 1 8 10 1 1 12 10 1 100 1 1 12 10 12 10 10 12 10 1 8 1 8 10 1 1 8 1 8 1 8 1 8 1 8 1 1 12 10 1 12 10 1 12 10 1 8 1 12 10 12 10 1 12 10 1 1 7 12 9 10 1 1 1 1 1 1 1 1 1 1 1
staticfield java/lang/String COMPACT_STRINGS Z 1
staticfield java/lang/String serialPersistentFields [Ljava/io/ObjectStreamField; 0 [Ljava/io/ObjectStreamField;
staticfield java/lang/String CASE_INSENSITIVE_ORDER Ljava/util/Comparator; java/lang/String$CaseInsensitiveComparator
ciInstanceKlass java/lang/Class 1 1 1286 1 7 1 1 7 1 100 1 100 1 100 1 100 1 7 1 1 7 1 1 7 1 1 100 1 1 7 1 100 1 7 1 100 1 100 1 1 7 1 7 1 1 100 1 7 1 1 7 1 7 1 1 100 1 100 1 1 1 3 1 3 1 3 1 1 1 1 1 1 1 1 1 1 1 1 1 1 1 1 1 1 1 1 1 1 1 1 1 1 1 5 0 1 1 1 1 1 1 1 1 1 1 1 1 1 1 1 1 1 1 1 1 12 10 12 9 12 9 1 1 1 7 10 1 1 12 10 1 8 1 12 10 1 8 1 8 1 7 1 1 12 10 1 12 10 12 10 1 10 1 12 10 1 1 12 10 1 1 12 10 1 7 1 12 10 1 12 10 1 12 10 1 12 10 1 8 1 12 10 1 8 1 8 1 1 12 10 1 7 1 8 1 8 1 8 1 12 10 1 100 1 7 1 12 11 1 1 12 10 10 1 8 1 1 1 7 1 1 7 1 12 10 1 7 1 1 12 10 1 1 12 10 1 1 7 1 1 12 10 1 7 1 1 12 9 1 100 1 1 12 10 1 1 7 1 1 12 10 1 1 12 10 1 100 1 1 12 10 15 1 16 1 7 1 12 10 15 16 1 1 12 18 1 7 1 1 12 10 1 12 10 1 7 10 1 1 7 1 7 1 1 1 1 7 1 100 1 1 12 10 12 9 1 8 1 12 10 1 1 12 10 1 1 12 10 1 1 12 10 1 12 10 10 1 1 12 10 12 9 1 7 10 1 1 12 10 7 1 12 10 1 100 1 1 12 10 1 1 12 10 1 1 12 10 1 1 1 1 1 1 12 9 1 12 10 1 1 12 10 1 12 10 12 9 1 1 12 10 1 7 10 1 1 1 12 10 12 10 1 1 1 1 12 10 10 1 100 1 12 9 1 8 1 1 12 10 1 1 12 10 1 12 10 1 1 1 12 10 1 12 10 1 12 10 1 12 9 7 1 12 10 1 1 12 10 1 12 10 1 100 1 1 1 1 1 1 1 7 1 1 12 10 1 12 10 1 12 10 1 1 12 10 1 100 1 1 12 10 1 12 10 1 1 12 10 1 12 10 1 12 10 1 1 12 10 1 100 1 7 10 10 1 12 10 1 1 12 10 1 1 12 10 12 10 10 1 1 12 10 1 100 1 8 10 1 12 10 12 10 1 100 1 12 11 1 100 1 12 10 1 12 10 1 1 1 12 10 1 100 1 12 10 10 1 1 12 10 1 7 1 8 1 1 12 10 1 1 12 10 1 8 1 1 12 9 1 12 10 12 10 1 12 10 12 10 1 100 1 1 12 9 1 12 10 1 12 9 12 10 1 12 10 10 1 8 1 1 12 10 1 1 1 12 10 1 12 10 1 12 10 1 1 12 10 1 1 1 12 10 1 1 12 10 1 1 1 12 10 1 1 12 10 1 1 1 1 12 10 1 1 1 7 1 12 10 10 1 7 1 1 12 10 1 1 1 12 10 1 1 12 10 10 1 1 1 1 12 10 1 1 1 12 10 1 1 1 1 1 12 10 1 1 1 12 10 1 1 1 7 10 1 7 1 7 12 10 12 11 1 1 1 1 100 1 1 12 10 1 12 10 1 7 1 1 12 10 1 1 12 10 10 1 1 12 10 1 100 10 1 1 12 10 1 100 1 1 12 10 1 100 1 100 1 12 10 12 10 1 1 10 1 12 10 12 10 1 12 10 1 12 10 1 100 1 1 12 10 1 7 1 12 11 1 12 10 1 12 10 1 1 1 12 9 1 12 10 12 9 1 7 10 1 1 12 9 12 10 1 7 1 12 10 1 1 12 9 1 100 1 1 12 10 12 10 1 12 10 1 100 1 12 10 1 12 10 12 10 1 1 12 10 1 8 1 12 10 1 1 12 10 12 9 12 9 1 7 1 12 10 1 12 9 1 1 12 10 1 12 10 1 12 10 1 1 12 10 1 1 7 1 12 10 1 7 1 12 10 12 9 12 10 1 12 9 1 12 10 1 1 1 1 1 12 10 1 1 1 1 12 9 1 12 9 100 1 12 10 1 1 12 10 1 12 9 1 100 10 1 1 12 10 1 1 12 10 1 100 11 1 12 9 1 12 9 1 12 10 1 12 9 1 12 9 1 12 10 1 1 12 10 1 12 9 10 1 1 12 10 10 1 1 12 10 12 10 10 12 10 12 9 1 1 12 10 1 12 10 1 1 12 10 1 12 10 8 10 1 8 1 8 1 8 1 8 1 100 1 1 12 10 1 1 12 9 1 12 9 12 10 1 7 12 9 10 1 1 12 10 10 12 9 1 8 12 10 1 12 10 1 1 12 10 1 100 1 12 9 1 100 1 8 10 1 7 4 10 12 10 1 1 12 11 1 12 10 1 100 1 1 12 10 10 1 8 1 8 1 1 1 1 1 12 10 1 12 9 12 11 1 7 1 12 11 1 1 1 12 9 1 100 1 1 12 10 1 1 1 7 1 12 10 1 1 1 1 12 10 1 12 9 9 1 1 12 10 1 1 12 10 12 10 12 10 1 1 12 10 1 12 11 1 1 12 11 1 7 1 12 11 1 12 11 1 12 11 1 100 1 1 12 10 1 12 10 1 100 1 12 11 1 100 1 1 12 10 1 12 10 10 1 12 11 1 1 12 11 1 12 10 1 1 1 12 10 1 1 12 9 1 1 1 1 100 1 12 9 12 10 1 100 1 1 12 10 1 1 1 1 12 10 1 1 1 100 12 10 1 1 1 12 10 1 12 10 1 7 12 9 1 1 1 1 1 1 1 1 1 1 1 1 1 1 1 1 1 1 1 1 1 1 1 1 1 1 1 1 1 1 1 1 1 1 1 1 1 1 1 1 1 1 1 1 1 1 1
staticfield java/lang/Class EMPTY_CLASS_ARRAY [Ljava/lang/Class; 0 [Ljava/lang/Class;
staticfield java/lang/Class serialPersistentFields [Ljava/io/ObjectStreamField; 0 [Ljava/io/ObjectStreamField;
ciInstanceKlass java/lang/Cloneable 1 0 5 1 100 1 100
instanceKlass \u02cc/\u02cc/\u02cc/a
instanceKlass \u02cf/\u02cf/\u02cf/a
instanceKlass jdk/internal/reflect/DelegatingClassLoader
instanceKlass java/security/SecureClassLoader
ciInstanceKlass java/lang/ClassLoader 1 1 1058 1 7 1 7 1 7 1 1 7 1 1 7 1 100 1 100 1 1 100 1 100 1 1 1 1 1 1 1 1 1 1 1 1 1 1 1 1 1 1 1 1 1 1 1 1 1 1 1 1 1 1 1 1 1 1 1 1 1 1 1 1 1 1 1 1 1 1 1 12 9 1 7 1 1 12 10 1 1 12 9 1 7 1 1 12 10 1 7 1 1 12 10 1 1 12 10 12 9 1 1 12 10 1 100 12 10 1 1 1 12 10 1 7 1 1 12 10 1 100 1 8 1 12 10 1 7 1 1 12 10 1 100 12 10 1 10 10 1 7 1 7 7 1 12 10 1 12 10 12 9 10 12 9 12 9 12 9 12 9 12 9 1 7 1 12 10 12 9 1 1 12 10 1 1 12 10 12 9 12 9 12 9 1 100 1 7 10 1 12 10 12 9 1 1 12 10 1 7 10 1 8 1 1 12 10 1 12 10 1 7 10 1 7 1 1 12 10 1 7 1 1 12 10 1 8 1 12 10 12 10 1 1 12 10 1 1 1 7 1 12 10 1 1 12 10 1 12 10 1 1 12 10 1 12 10 1 12 10 1 7 1 1 12 10 1 1 12 10 1 12 10 1 12 10 1 12 10 1 12 10 1 12 10 1 100 1 10 1 12 10 1 12 10 1 1 1 100 1 12 10 1 1 12 10 1 100 12 10 1 12 10 1 12 10 1 100 1 12 10 1 7 1 1 12 10 10 1 1 1 100 1 1 1 1 12 10 1 1 1 1 1 12 10 1 100 1 8 10 1 8 1 12 10 1 12 10 1 100 1 8 1 1 12 10 1 1 12 10 10 1 1 12 10 1 1 12 10 1 1 1 1 12 10 1 7 10 1 12 10 1 1 12 10 1 1 12 10 12 10 12 10 1 1 12 10 12 10 1 1 7 1 1 12 10 1 12 10 1 12 10 1 1 12 10 1 12 10 1 12 10 1 12 10 1 1 12 10 1 12 10 1 1 12 10 1 8 1 7 11 12 9 1 12 11 1 1 12 10 1 8 1 8 1 7 1 1 12 10 1 100 10 1 12 10 1 12 10 1 12 10 1 12 10 1 1 1 100 1 12 10 1 1 7 1 12 10 12 10 1 7 10 1 1 1 7 12 10 1 100 1 12 10 10 1 7 1 12 10 1 1 1 100 1 1 12 10 15 1 16 1 1 12 10 15 1 16 1 12 18 1 100 1 1 12 10 1 100 1 1 12 10 1 1 1 7 1 12 10 1 1 12 10 1 12 10 1 1 1 1 1 1 1 12 10 1 100 1 12 10 1 1 1 12 10 1 1 1 7 1 12 10 1 12 10 1 8 1 100 10 1 12 10 12 9 1 7 1 12 10 1 12 10 1 1 100 1 100 1 8 1 12 10 10 1 8 1 8 1 1 12 10 1 1 12 10 1 1 12 10 1 100 1 1 12 10 1 100 1 1 12 10 1 100 1 100 1 12 10 1 12 10 1 1 8 1 1 12 10 12 9 1 8 12 9 1 1 1 1 12 10 1 1 1 12 10 12 10 12 10 1 100 1 1 12 9 1 1 12 10 1 1 1 12 10 1 12 10 1 12 10 1 12 10 1 8 1 12 10 1 7 16 1 1 12 10 15 1 16 1 1 12 18 1 1 12 10 1 1 12 10 1 12 10 1 1 12 10 1 1 1 8 1 12 10 1 1 1 12 10 1 16 1 1 12 10 15 16 1 12 18 1 100 1 1 12 11 1 100 1 1 12 10 12 10 10 1 1 1 12 11 10 1 12 10 15 18 1 1 12 10 1 7 12 11 16 1 1 12 10 15 16 1 12 18 1 1 12 11 1 1 12 10 1 12 10 1 7 1 1 12 9 1 100 1 12 10 1 12 10 100 1 8 1 1 12 10 1 8 12 10 10 1 1 12 10 1 100 1 8 10 12 10 1 12 10 1 8 1 8 1 12 10 1 12 10 1 100 1 1 12 10 1 8 1 8 1 100 1 12 10 1 10 12 10 1 12 10 1 12 10 1 12 10 1 1 1 12 10 12 10 11 11 1 1 12 11 1 7 1 12 11 1 12 11 1 1 12 10 12 9 12 9 12 9 1 1 1 12 10 1 1 1 100 1 1 12 10 1 1 1 100 10 1 1 12 10 12 10 1 1 12 10 1 100 12 9 1 1 12 9 12 9 1 12 9 1 12 9 1 1 12 9 8 1 1 12 10 1 7 1 1 12 10 1 1 12 10 1 1 12 10 12 10 1 12 11 1 100 1 1 12 10 1 100 1 12 10 1 12 10 12 10 1 7 10 1 1 1 1 1 1 1 1 1 1 1 1 1 1 1 1 1 1 1 1 1 1 1 1 1 1 1 1 1 1 1 1
staticfield java/lang/ClassLoader nocerts [Ljava/security/cert/Certificate; 0 [Ljava/security/cert/Certificate;
staticfield java/lang/ClassLoader loadedLibraryNames Ljava/util/Set; java/util/HashSet
staticfield java/lang/ClassLoader $assertionsDisabled Z 1
ciInstanceKlass java/lang/System 1 1 578 1 7 1 100 1 100 1 1 100 1 1 7 1 100 1 100 1 1 100 1 100 1 1 1 1 1 1 1 1 1 1 1 1 1 1 1 1 1 1 1 12 10 1 1 1 12 10 1 12 10 1 1 1 12 10 1 1 12 10 1 1 12 9 1 7 1 1 12 10 1 100 12 11 1 100 1 100 1 1 1 7 1 100 1 1 12 10 12 10 1 1 12 10 1 100 1 8 1 12 10 1 100 1 1 12 10 1 1 1 100 12 9 1 8 1 100 1 1 12 10 1 100 1 1 12 10 1 8 1 12 10 1 12 10 8 1 1 12 10 1 1 12 10 12 10 1 100 1 1 12 10 1 1 1 1 1 1 1 1 1 1 1 1 1 12 10 12 9 1 12 9 1 1 1 7 10 12 10 1 7 1 12 10 1 1 1 12 10 1 12 10 12 10 1 12 10 1 1 100 1 8 1 12 10 1 12 10 1 7 1 1 1 12 10 1 100 1 8 10 1 8 1 1 12 10 1 100 1 8 10 1 1 100 10 1 8 1 1 12 10 1 12 10 1 7 12 10 1 1 8 12 10 1 1 1 1 100 1 12 10 1 7 1 12 10 1 100 1 8 10 1 1 12 10 1 100 1 12 10 1 1 100 1 100 1 1 12 10 15 1 16 1 1 12 10 15 1 16 1 1 12 18 1 100 1 1 12 9 1 12 10 1 1 12 10 1 1 12 10 1 1 1 7 1 1 12 10 12 10 1 12 10 1 12 10 1 1 1 12 10 1 1 12 10 1 1 1 1 100 1 7 1 7 1 12 10 1 12 10 1 12 10 1 1 1 7 1 1 12 10 1 100 1 8 10 12 9 12 9 1 12 10 1 12 10 1 12 10 1 1 12 10 1 100 1 8 1 12 10 1 1 12 10 1 8 1 12 10 1 12 10 1 8 1 7 1 12 10 1 7 1 7 1 12 9 1 12 10 1 7 12 9 10 12 9 1 7 12 10 1 8 12 10 1 8 1 7 1 12 10 1 12 10 1 7 1 1 12 10 1 1 12 10 1 7 1 1 12 10 1 12 10 1 7 1 12 10 12 10 1 1 1 100 1 7 1 1 12 10 12 9 1 8 12 10 1 1 8 10 1 1 12 10 1 8 10 12 10 1 12 10 1 1 12 10 1 1 12 10 1 1 12 10 1 12 10 1 100 1 1 12 10 1 100 10 1 8 10 10 1 1 12 10 1 1 12 10 1 8 1 12 10 1 12 10 1 1 12 10 10 1 12 10 1 12 10 12 9 1 1 1 1 1 1 1 1 1
staticfield java/lang/System in Ljava/io/InputStream; java/io/BufferedInputStream
staticfield java/lang/System out Ljava/io/PrintStream; java/io/PrintStream
staticfield java/lang/System err Ljava/io/PrintStream; java/io/PrintStream
instanceKlass java/lang/Exception
instanceKlass java/lang/Error
ciInstanceKlass java/lang/Throwable 1 1 348 1 7 1 7 1 100 1 100 1 1 100 1 1 100 1 1 100 1 1 1 5 0 1 1 1 1 1 1 1 1 1 1 1 1 1 1 1 1 1 8 1 1 8 1 1 8 1 1 8 1 1 1 1 1 1 12 10 12 9 12 9 12 9 12 9 12 9 1 1 12 10 1 12 9 1 1 1 1 12 10 1 100 1 1 1 12 10 1 1 1 1 100 1 100 10 1 8 1 1 12 10 1 8 1 100 1 12 10 10 12 10 1 100 1 8 10 1 1 12 10 1 7 1 12 10 12 10 1 8 1 1 100 1 1 12 9 1 12 10 12 10 1 12 10 1 100 10 1 7 1 1 12 10 1 100 1 1 12 11 1 1 12 10 1 1 12 10 1 1 12 10 7 1 8 1 12 10 1 1 12 10 100 1 8 1 1 12 10 12 10 1 8 12 9 1 100 1 12 10 1 100 10 1 12 11 1 8 1 8 1 7 1 12 10 1 8 1 12 10 1 8 1 12 10 12 9 1 12 10 1 1 12 10 12 9 1 1 12 10 1 1 1 100 1 8 12 10 1 1 1 100 1 100 1 100 1 12 10 1 1 12 10 1 100 1 100 1 1 12 10 1 12 10 1 100 1 1 12 11 1 100 1 1 12 11 1 12 11 10 10 1 1 12 9 1 8 1 1 12 10 10 1 100 1 8 10 1 1 12 11 1 8 1 1 1 12 9 1 100 1 12 10 1 11 12 9 1 1 12 11 1 1 12 10 1 1 12 10 1 1 1 1 1 1 1 1 1
staticfield java/lang/Throwable UNASSIGNED_STACK [Ljava/lang/StackTraceElement; 0 [Ljava/lang/StackTraceElement;
staticfield java/lang/Throwable SUPPRESSED_SENTINEL Ljava/util/List; java/util/Collections$EmptyList
staticfield java/lang/Throwable EMPTY_THROWABLE_ARRAY [Ljava/lang/Throwable; 0 [Ljava/lang/Throwable;
staticfield java/lang/Throwable $assertionsDisabled Z 1
instanceKlass freemarker/core/FMParser$LookaheadSuccess
instanceKlass freemarker/core/TokenMgrError
instanceKlass java/lang/AssertionError
instanceKlass java/lang/VirtualMachineError
instanceKlass java/lang/LinkageError
instanceKlass java/lang/ThreadDeath
ciInstanceKlass java/lang/Error 1 1 27 1 100 1 7 1 1 5 0 1 1 12 10 1 12 10 1 12 10 1 12 10 1 12 10 1 1
ciInstanceKlass java/lang/ThreadDeath 0 0 15 1 100 1 100 1 1 5 0 1 1 12 10 1 1
instanceKlass org/osgi/framework/InvalidSyntaxException
instanceKlass org/osgi/framework/BundleException
instanceKlass org/eclipse/jface/text/BadPositionCategoryException
instanceKlass org/json/JSONException
instanceKlass javax/xml/transform/TransformerException
instanceKlass ro/amiq/vlogdt/model/reflection/xvm/RfXvmFactory$XvmFactoryException
instanceKlass ro/amiq/vhdldt/model/reflection/semantic/extension2/SAggregateOperation$AssociationsAggregateTransformer$SingleInstanceTransformer$DuplicateAssociationException
instanceKlass ro/amiq/dvt/ui/actions/CanceledTraceException
instanceKlass ro/amiq/vlogdt/parser/VlogException
instanceKlass javax/management/JMException
instanceKlass ro/amiq/dvt/buildconfig/AutoConfigTimedOutException
instanceKlass javax/script/ScriptException
instanceKlass freemarker/core/TemplateValueFormatException
instanceKlass java/beans/PropertyVetoException
instanceKlass freemarker/cache/TemplateConfigurationFactoryException
instanceKlass java/beans/IntrospectionException
instanceKlass java/text/ParseException
instanceKlass freemarker/core/UnregisteredOutputFormatException
instanceKlass freemarker/template/TemplateException
instanceKlass ro/amiq/dvt/model/persistence/VersionChangedException
instanceKlass antlr/ANTLRException
instanceKlass ro/amiq/dvt/model/reflection/MaxSizeReachedException
instanceKlass org/eclipse/jface/text/BadPartitioningException
instanceKlass org/xml/sax/SAXException
instanceKlass javax/xml/parsers/ParserConfigurationException
instanceKlass ro/amiq/dvt/buildconfig/Svp2SvPatternTagMap$BaseTagException
instanceKlass ro/amiq/dvt/diagrams/uml/preferences/UMLFilterClass$InvalidStringRepresentationException
instanceKlass org/osgi/service/prefs/BackingStoreException
instanceKlass org/eclipse/jface/text/BadLocationException
instanceKlass com/certicom/ecc/util/ConversionException
instanceKlass com/certicom/ecc/fips/FIPSException
instanceKlass java/lang/CloneNotSupportedException
instanceKlass com/certicom/ecc/ECException
instanceKlass java/security/PrivilegedActionException
instanceKlass sun/security/pkcs11/wrapper/PKCS11Exception
instanceKlass com/a/a/b
instanceKlass java/net/URISyntaxException
instanceKlass org/eclipse/core/runtime/CoreException
instanceKlass java/security/GeneralSecurityException
instanceKlass java/util/concurrent/TimeoutException
instanceKlass java/util/concurrent/ExecutionException
instanceKlass java/io/IOException
instanceKlass java/lang/InterruptedException
instanceKlass java/lang/ReflectiveOperationException
instanceKlass java/lang/RuntimeException
ciInstanceKlass java/lang/Exception 1 1 27 1 100 1 7 1 1 5 0 1 1 12 10 1 12 10 1 12 10 1 12 10 1 12 10 1 1
instanceKlass org/eclipse/text/edits/MalformedTreeException
instanceKlass ro/amiq/dvt/elaboration/model/IELParamValue$BBoxEvaluationException
instanceKlass ro/amiq/dvt/interpreter/XThread$XSuspendThreadException
instanceKlass ro/amiq/dvt/interpreter/XStopThreadException
instanceKlass ro/amiq/dvt/elaboration/core/ElaborationCancelException
instanceKlass ro/amiq/dvt/utils/TimeoutUtils$InterruptException
instanceKlass org/apache/tools/ant/BuildException
instanceKlass org/eclipse/lsp4j/jsonrpc/JsonRpcException
instanceKlass com/google/gson/JsonParseException
instanceKlass org/eclipse/lsp4j/jsonrpc/MessageIssueException
instanceKlass freemarker/core/ReturnInstruction$Return
instanceKlass java/util/NoSuchElementException
instanceKlass java/lang/reflect/UndeclaredThrowableException
instanceKlass freemarker/template/utility/UndeclaredThrowableException
instanceKlass freemarker/core/BugException
instanceKlass ro/amiq/dvt/utils/OptimizedHashMap$NotImplemented
instanceKlass ro/amiq/dvt/csp/solver/AbstractSolver$ContradictionException
instanceKlass ro/amiq/dvt/interpreter/XQueueValues$ExceedMaxQueueSize
instanceKlass ro/amiq/dvt/model/reflection/semantic/extension/HidEvalJumpStatementException
instanceKlass ro/amiq/dvt/buildconfig/BuildConfigParser$ContinueParsingException
instanceKlass ro/amiq/dvt/utils/OptimizedCollection$NotImplemented
instanceKlass ro/amiq/dvt/model/reflection/semantic/extension/IllegalRangeException
instanceKlass ro/amiq/vlogdt/model/reflection/DataType$FileOutOfBoundsException
instanceKlass java/util/ConcurrentModificationException
instanceKlass ro/amiq/dvt/model/ElementFromCursorDetectionException
instanceKlass ro/amiq/dvt/model/persistence/PersistenceCancelException
instanceKlass org/eclipse/core/runtime/OperationCanceledException
instanceKlass ro/amiq/dvt/model/reflection/RfNamedElementVisitorException
instanceKlass ro/amiq/dvt/model/reflection/util/MaxNofItemsReached
instanceKlass java/security/ProviderException
instanceKlass java/util/MissingResourceException
instanceKlass org/eclipse/lsp4j/jsonrpc/ResponseErrorException
instanceKlass java/lang/UnsupportedOperationException
instanceKlass org/eclipse/core/runtime/AssertionFailedException
instanceKlass java/lang/IndexOutOfBoundsException
instanceKlass com/google/re2j/PatternSyntaxException
instanceKlass java/lang/IllegalStateException
instanceKlass java/lang/SecurityException
instanceKlass ro/amiq/dvt/model/BuildCancelException
instanceKlass ro/amiq/dvt/utils/XMLException
instanceKlass java/lang/IllegalArgumentException
instanceKlass java/lang/ArithmeticException
instanceKlass java/lang/NullPointerException
instanceKlass java/lang/IllegalMonitorStateException
instanceKlass java/lang/ArrayStoreException
instanceKlass java/lang/ClassCastException
ciInstanceKlass java/lang/RuntimeException 1 1 27 1 100 1 7 1 1 5 0 1 1 12 10 1 12 10 1 12 10 1 12 10 1 12 10 1 1
ciInstanceKlass java/lang/SecurityManager 1 1 517 1 7 1 7 1 100 1 100 1 7 1 7 1 1 7 1 1 100 1 100 1 1 1 1 1 1 1 1 1 1 1 1 1 1 1 1 1 1 12 10 12 9 1 100 1 1 12 10 1 100 1 8 1 12 10 1 1 12 10 1 100 1 1 1 1 1 100 1 1 12 10 10 1 1 100 10 1 100 10 1 1 100 1 1 12 9 1 1 1 7 1 1 12 10 1 12 10 1 7 1 12 10 1 1 1 100 1 8 10 12 9 1 12 9 1 1 8 1 12 9 1 1 1 100 10 1 8 1 1 12 10 1 12 10 1 1 12 10 1 1 100 10 1 1 12 10 1 100 1 8 1 12 10 1 8 1 1 8 1 8 1 1 1 8 1 8 1 8 1 12 10 1 1 8 1 8 1 1 8 1 1 1 8 1 8 1 100 1 1 12 10 1 1 12 10 1 8 1 100 1 8 10 1 8 1 8 1 1 1 8 1 8 1 1 8 1 1 1 100 1 12 10 1 8 1 1 1 1 1 1 100 1 8 1 8 10 1 1 1 8 1 1 1 8 1 1 12 10 1 100 1 8 10 1 1 12 10 100 1 12 10 1 12 10 1 12 10 1 1 1 7 1 1 12 10 1 12 10 1 7 1 12 10 1 7 1 1 12 11 1 7 1 1 12 10 15 1 16 1 7 1 1 12 10 15 1 16 1 1 12 18 1 7 1 1 12 11 16 1 1 12 10 15 1 16 1 1 12 18 1 1 12 11 1 12 10 15 16 18 1 7 11 15 1 16 18 1 12 11 1 16 1 12 10 15 16 1 12 18 1 1 12 11 1 12 9 12 9 12 9 12 9 1 7 1 12 10 1 12 10 1 12 10 1 1 12 10 15 16 1 12 18 1 12 10 15 1 16 18 1 7 1 12 10 1 12 11 15 1 12 18 1 12 10 1 1 12 10 15 16 18 10 15 1 16 18 1 1 8 1 12 10 12 9 1 7 1 12 11 1 8 1 12 10 1 1 12 10 12 10 12 9 1 12 10 1 1 12 10 1 1 8 10 12 9 1 8 1 1 8 1 1 100 10 1 12 10 10 1 7 1 1 12 9 1 1 12 11 1 12 10 1 12 11 1 12 10 1 7 10 1 1 12 10 12 10 1 1 1 1 1 1 1 1 1 1
staticfield java/lang/SecurityManager packageAccessLock Ljava/lang/Object; java/lang/Object
staticfield java/lang/SecurityManager packageDefinitionLock Ljava/lang/Object; java/lang/Object
staticfield java/lang/SecurityManager nonExportedPkgs Ljava/util/Map; java/util/concurrent/ConcurrentHashMap
ciInstanceKlass java/security/ProtectionDomain 1 1 287 1 7 1 7 1 7 1 1 100 1 1 7 1 1 100 1 100 1 1 1 1 1 1 1 1 1 1 1 1 1 1 1 1 1 12 10 12 9 1 12 10 12 9 12 9 12 9 1 7 1 12 10 1 7 1 12 9 1 100 12 9 1 7 12 9 12 9 1 1 100 100 1 1 12 10 1 1 1 1 1 1 1 1 1 1 1 1 1 100 1 1 12 10 1 12 10 12 10 1 12 9 1 100 1 12 9 1 1 12 10 10 1 100 1 100 1 1 12 10 1 1 100 1 1 12 9 1 1 1 8 1 100 1 8 1 12 10 1 7 10 1 100 1 12 10 1 1 12 10 1 8 11 1 8 12 10 1 8 1 8 1 12 10 1 12 10 1 12 10 12 10 1 8 1 12 10 1 8 1 8 1 100 1 100 1 1 12 10 1 100 1 1 12 9 12 10 1 12 9 1 1 12 10 10 1 100 1 1 12 10 10 1 100 1 12 10 1 1 12 10 1 100 1 100 1 12 11 1 12 11 1 1 12 11 1 100 1 12 10 10 1 1 12 11 1 1 12 11 1 12 10 1 12 10 1 100 1 12 10 1 12 11 12 10 1 1 8 1 8 1 7 1 1 12 10 10 1 7 1 1 12 10 1 1 1 1
staticfield java/security/ProtectionDomain filePermCompatInPD Z 0
ciInstanceKlass java/security/AccessControlContext 1 1 311 1 7 1 7 1 100 1 1 1 1 1 1 1 1 1 1 1 1 1 1 1 1 1 1 1 1 12 9 12 9 1 100 1 1 12 10 1 8 1 100 1 1 12 10 1 1 1 12 10 12 9 12 9 12 9 7 1 1 12 10 1 100 1 12 10 1 100 1 1 12 11 1 12 11 1 12 11 1 1 12 11 1 7 1 1 12 11 1 1 12 10 1 100 1 1 12 10 1 100 1 1 12 9 1 100 1 1 12 10 1 100 1 100 1 1 12 11 10 1 7 1 100 1 8 1 12 10 1 1 12 10 1 7 1 7 1 1 12 10 12 9 12 9 12 9 12 9 12 9 12 9 1 12 9 1 1 1 1 1 1 7 1 1 12 10 1 1 12 9 1 12 10 1 100 12 10 1 8 1 1 12 10 1 1 12 10 1 100 1 1 12 10 1 100 10 1 1 12 10 1 100 1 1 12 10 10 1 8 1 100 1 12 10 1 8 1 100 1 12 10 1 8 1 8 1 12 10 1 8 1 12 10 1 8 1 12 10 1 12 10 1 1 12 10 1 8 1 8 1 12 10 1 1 12 10 1 12 10 1 8 1 12 10 1 12 10 10 1 1 8 1 1 12 10 1 1 12 10 1 1 12 10 1 1 12 10 1 12 10 1 12 10 1 12 10 1 1 12 10 10 10 1 12 10 1 1 1 1 1 1
instanceKlass java/net/URLClassLoader
instanceKlass jdk/internal/loader/BuiltinClassLoader
ciInstanceKlass java/security/SecureClassLoader 1 1 104 1 7 1 7 1 7 1 1 7 1 1 7 1 1 1 1 1 1 1 12 10 1 7 1 12 10 12 9 1 7 1 1 12 10 1 100 1 1 12 10 12 9 12 10 1 12 10 1 100 1 1 1 1 12 10 1 12 10 1 1 12 10 1 1 1 12 10 1 7 10 1 12 10 1 12 10 1 7 1 1 12 11 1 7 1 100 1 8 1 12 10 1 1 1 12 10 1 1 1 1 1 1 1
instanceKlass java/lang/reflect/InvocationTargetException
instanceKlass java/lang/IllegalAccessException
instanceKlass java/lang/InstantiationException
instanceKlass java/lang/NoSuchMethodException
instanceKlass java/lang/NoSuchFieldException
instanceKlass java/lang/ClassNotFoundException
ciInstanceKlass java/lang/ReflectiveOperationException 1 1 24 1 100 1 7 1 1 5 0 1 1 12 10 1 12 10 1 12 10 1 12 10 1 1
ciInstanceKlass java/lang/ClassNotFoundException 1 1 29 1 100 1 7 1 1 5 0 1 1 1 1 1 100 1 12 10 1 1 12 10 12 9 1 1 1 1 1
instanceKlass java/lang/UnsatisfiedLinkError
instanceKlass java/lang/IncompatibleClassChangeError
instanceKlass java/lang/BootstrapMethodError
instanceKlass java/lang/NoClassDefFoundError
ciInstanceKlass java/lang/LinkageError 1 1 21 1 100 1 7 1 1 5 0 1 1 12 10 1 12 10 1 12 10 1 1
ciInstanceKlass java/lang/NoClassDefFoundError 0 0 18 1 100 1 100 1 1 5 0 1 1 12 10 1 12 10 1 1
ciInstanceKlass java/lang/ClassCastException 1 1 18 1 100 1 100 1 1 5 0 1 1 12 10 1 12 10 1 1
ciInstanceKlass java/lang/ArrayStoreException 1 1 18 1 100 1 100 1 1 5 0 1 1 12 10 1 12 10 1 1
instanceKlass java/lang/InternalError
instanceKlass java/lang/StackOverflowError
instanceKlass java/lang/OutOfMemoryError
ciInstanceKlass java/lang/VirtualMachineError 1 1 24 1 100 1 100 1 1 5 0 1 1 12 10 1 12 10 1 12 10 1 12 10 1 1
ciInstanceKlass java/lang/OutOfMemoryError 1 1 18 1 100 1 100 1 1 5 0 1 1 12 10 1 12 10 1 1
ciInstanceKlass java/lang/StackOverflowError 1 1 18 1 100 1 100 1 1 5 0 1 1 12 10 1 12 10 1 1
ciInstanceKlass java/lang/IllegalMonitorStateException 1 1 18 1 100 1 100 1 1 5 0 1 1 12 10 1 12 10 1 1
instanceKlass java/lang/ref/PhantomReference
instanceKlass java/lang/ref/FinalReference
instanceKlass java/lang/ref/WeakReference
instanceKlass java/lang/ref/SoftReference
ciInstanceKlass java/lang/ref/Reference 1 1 143 1 7 1 1 7 1 7 1 1 7 1 1 1 1 1 1 1 1 1 1 1 1 1 1 1 1 1 1 1 1 12 10 12 9 12 10 12 9 1 100 12 9 1 7 1 12 10 1 12 10 12 9 1 7 1 12 9 1 1 12 10 1 1 100 12 10 1 12 10 1 1 1 12 9 1 1 1 12 9 1 1 100 1 12 10 1 1 12 10 10 1 1 1 1 7 1 1 12 10 1 1 12 10 1 7 1 12 10 1 8 1 12 10 1 1 12 10 1 1 12 10 1 12 10 10 1 7 1 1 12 10 1 1 1 1 1 1 1 1 1 1 1
staticfield java/lang/ref/Reference processPendingLock Ljava/lang/Object; java/lang/Object
instanceKlass com/sun/beans/util/Cache$Kind$Soft
instanceKlass freemarker/cache/SoftCacheStorage$SoftValueReference
instanceKlass java/util/ResourceBundle$BundleReference
instanceKlass sun/util/locale/provider/LocaleResources$ResourceReference
instanceKlass sun/util/resources/Bundles$BundleReference
instanceKlass sun/security/util/MemoryCache$SoftCacheEntry
instanceKlass java/lang/invoke/LambdaFormEditor$Transform
instanceKlass jdk/internal/ref/SoftCleanable
instanceKlass sun/util/locale/LocaleObjectCache$CacheEntry
ciInstanceKlass java/lang/ref/SoftReference 1 1 32 1 7 1 1 7 1 1 1 1 1 12 10 12 9 12 9 1 12 10 1 1 12 10 1 100 1 1 1 1 1 1
instanceKlass java/util/concurrent/ArrayBlockingQueue$Itrs$Node
instanceKlass java/util/concurrent/ForkJoinTask$ExceptionNode
instanceKlass java/beans/WeakIdentityMap$Entry
instanceKlass java/lang/WeakPairMap$WeakRefPeer
instanceKlass java/util/logging/LogManager$LoggerWeakRef
instanceKlass java/util/logging/Level$KnownLevel
instanceKlass java/util/ResourceBundle$KeyElementReference
instanceKlass java/lang/ClassValue$Entry
instanceKlass java/lang/invoke/MethodType$ConcurrentWeakInternSet$WeakEntry
instanceKlass jdk/internal/ref/WeakCleanable
instanceKlass java/util/WeakHashMap$Entry
instanceKlass java/lang/ThreadLocal$ThreadLocalMap$Entry
ciInstanceKlass java/lang/ref/WeakReference 1 1 17 1 100 1 1 7 1 1 12 10 1 12 10 1 1 1 1
instanceKlass java/lang/ref/Finalizer
ciInstanceKlass java/lang/ref/FinalReference 1 1 22 1 100 1 1 7 1 1 12 10 1 1 1 100 1 8 1 12 10 1 1 1
instanceKlass jdk/internal/ref/PhantomCleanable
instanceKlass jdk/internal/ref/Cleaner
ciInstanceKlass java/lang/ref/PhantomReference 1 1 16 1 100 1 1 7 1 1 1 1 12 10 1 1 1 1
ciInstanceKlass java/lang/ref/Finalizer 1 1 124 1 7 1 1 7 1 7 1 1 100 1 100 1 1 1 1 1 1 1 1 1 1 1 12 9 1 12 10 12 9 12 9 12 9 12 9 1 7 1 100 1 1 1 12 10 1 1 1 1 12 10 1 7 1 7 1 12 11 1 1 12 10 1 1 12 10 1 100 1 1 12 10 1 1 100 1 1 12 10 12 10 12 10 1 1 7 10 10 1 7 1 1 12 10 1 1 12 10 1 7 1 12 10 1 12 10 1 1 12 10 1 1 12 10 1 12 10 1 1 1 1 1 1
staticfield java/lang/ref/Finalizer lock Ljava/lang/Object; java/lang/Object
instanceKlass ro/amiq/vlogdt/parser/VlogLexersStack$1
instanceKlass java/util/concurrent/ForkJoinWorkerThread
instanceKlass java/util/TimerThread
instanceKlass ro/amiq/dvt/flclient/impl/u
instanceKlass ro/amiq/dvt/model/persistence/PersistenceBase$2
instanceKlass java/util/logging/LogManager$Cleaner
instanceKlass ro/amiq/dvt/utils/DVTDeleteOnExit$1
instanceKlass ro/amiq/dvt/ls/build/LSIncrementalBuildThread
instanceKlass ro/amiq/dvt/flclient/impl/s
instanceKlass ro/amiq/dvt/flclient/impl/f
instanceKlass ro/amiq/dvt/ls/logger/BuildLogWatcher
instanceKlass jdk/internal/misc/InnocuousThread
instanceKlass java/lang/ref/Finalizer$FinalizerThread
instanceKlass java/lang/ref/Reference$ReferenceHandler
ciInstanceKlass java/lang/Thread 1 1 540 1 7 1 7 1 7 1 100 1 1 100 1 1 100 1 1 100 1 1 100 1 100 1 7 1 1 1 1 1 1 1 1 1 1 1 1 1 1 1 1 1 1 1 1 1 1 1 1 1 1 1 1 1 1 1 1 3 1 3 1 3 1 1 1 1 1 1 1 1 1 1 1 1 1 1 1 12 9 1 1 12 9 1 1 1 1 12 10 12 9 12 9 1 100 1 100 1 1 1 1 1 7 1 1 100 1 8 1 1 12 10 3 1 8 3 12 10 1 1 12 10 12 9 12 9 12 9 12 9 1 100 1 8 10 1 7 1 100 1 100 12 9 1 7 1 1 12 10 1 100 1 1 12 10 10 1 12 10 1 1 12 10 1 1 12 10 1 100 1 1 12 9 1 1 12 10 1 12 10 12 9 1 1 12 10 1 12 10 12 9 1 1 12 10 12 9 1 7 1 1 12 10 12 9 12 9 1 1 12 10 1 1 12 10 12 9 12 10 12 9 1 1 1 100 10 1 7 10 1 8 1 1 12 10 12 10 1 12 10 1 1 12 10 1 12 10 1 1 12 10 1 1 1 1 1 1 12 9 1 100 10 1 1 12 10 1 12 10 1 12 10 1 12 11 1 1 100 1 1 12 9 1 12 10 1 12 10 12 10 12 9 1 1 1 1 10 1 12 9 1 12 10 1 100 10 1 1 12 10 1 1 12 10 12 11 1 1 1 12 10 1 1 1 12 10 1 12 10 10 1 12 10 1 12 10 1 1 12 10 1 1 12 10 1 1 12 10 1 1 1 1 12 10 12 10 1 12 10 12 10 1 1 7 1 8 10 1 12 10 1 1 12 10 1 8 12 10 1 8 10 1 8 1 8 1 1 100 1 12 10 1 100 1 1 12 10 1 1 1 100 8 10 1 1 1 1 1 12 9 12 9 1 1 12 10 1 100 100 10 12 10 1 1 1 12 9 1 1 12 10 1 100 12 10 1 100 1 100 1 1 12 11 1 1 12 9 1 1 12 9 1 1 12 10 1 12 10 1 100 1 1 12 11 1 100 1 12 10 1 1 12 10 1 12 11 1 12 10 1 12 10 1 1 12 10 1 1 1 1 7 1 1 12 10 1 1 8 12 9 1 1 1 1 1 1 12 10 1 1 12 11 1 100 1 1 12 10 1 12 11 1 100 1 12 10 1 7 1 1 1 1 1 1 1 1 1 1 1 1
staticfield java/lang/Thread EMPTY_STACK_TRACE [Ljava/lang/StackTraceElement; 0 [Ljava/lang/StackTraceElement;
ciInstanceKlass java/lang/ThreadGroup 1 1 259 1 7 1 7 1 100 1 7 1 1 1 1 1 1 1 1 1 1 1 1 1 1 1 1 1 1 1 12 10 12 9 1 8 12 9 12 9 12 9 1 1 1 12 10 1 1 12 10 1 12 10 1 1 12 10 1 12 10 12 9 1 1 12 10 1 12 10 1 1 1 1 1 1 1 1 12 9 1 1 1 1 1 100 1 1 12 10 12 9 12 9 1 7 1 1 12 10 100 1 100 12 10 1 1 1 7 1 1 12 10 1 100 12 10 1 12 9 12 10 1 1 1 12 10 1 12 9 1 12 10 1 12 10 1 1 12 10 1 1 1 12 10 1 1 1 1 1 1 12 10 12 10 1 12 10 10 1 12 10 1 12 10 10 1 1 100 10 12 10 1 12 10 1 12 10 1 1 7 1 12 10 1 1 1 1 12 9 1 12 10 1 100 1 8 1 12 10 1 1 12 10 1 1 12 10 1 1 12 10 11 1 100 1 12 9 1 100 10 1 8 1 1 12 10 12 10 1 8 1 12 10 1 1 12 10 1 1 1 12 10 1 100 10 1 8 10 1 8 1 12 10 1 8 1 1 1 1 1
instanceKlass java/util/Hashtable
ciInstanceKlass java/util/Dictionary 1 1 28 1 100 1 1 7 1 1 12 10 1 1 1 1 1 1 1 1 1 1 1 1 1 1 1 1 1 1
instanceKlass com/certicom/ecc/system/SystemConfig
instanceKlass java/util/Properties
ciInstanceKlass java/util/Hashtable 1 1 436 1 7 1 1 7 1 7 1 100 1 100 1 7 1 1 7 1 1 100 1 1 100 1 1 7 1 1 100 1 1 7 1 100 1 100 1 1 1 1 1 1 1 1 1 1 1 1 5 0 1 3 1 1 1 1 1 1 1 1 1 3 1 3 1 3 1 1 1 12 10 12 9 1 100 1 100 10 1 8 1 1 12 10 1 12 10 1 1 12 10 1 12 10 1 7 1 1 12 10 1 8 1 12 10 12 9 12 9 4 1 7 1 1 12 10 12 9 1 4 12 10 1 1 1 12 11 1 1 12 10 1 12 10 1 12 9 1 1 1 1 1 1 12 10 1 1 1 1 100 10 100 1 1 12 9 1 7 1 12 10 1 1 12 9 1 12 10 1 1 12 10 3 1 12 9 1 12 9 1 1 1 1 1 12 10 1 12 10 1 1 12 10 1 1 12 11 1 7 1 1 12 11 1 7 1 12 11 1 12 11 1 12 11 1 12 11 12 10 1 1 1 1 12 10 12 10 12 9 12 9 12 9 1 100 10 1 100 1 12 10 10 1 8 10 1 12 10 1 8 10 1 100 1 8 1 7 1 12 10 1 12 10 1 1 1 12 10 1 12 10 1 1 12 10 10 1 10 1 1 12 10 1 100 12 11 12 11 10 1 10 1 1 1 100 1 12 10 1 100 1 1 12 11 1 100 10 1 1 1 100 1 12 11 1 1 1 1 1 1 1 100 12 11 1 1 1 12 10 1 1 1 1 1 100 1 12 10 1 100 1 12 10 1 12 10 1 100 1 12 10 1 1 1 1 1 100 1 12 10 1 1 12 10 8 1 12 10 1 100 1 8 10 4 12 10 4 1 12 10 1 8 12 10 1 100 1 1 12 10 1 100 1 100 1 1 12 11 1 1 12 10 12 10 1 1 12 10 10 1 1 1 1 1 1 1 1 1 1 1 1 1 1 1 1 1 1 1 1 1 1 1 1 1 1 1
instanceKlass org/eclipse/osgi/util/NLS$MessagesProperties
instanceKlass java/security/Provider
ciInstanceKlass java/util/Properties 1 1 539 1 7 1 1 7 1 7 1 1 7 1 1 7 1 7 1 1 100 1 7 1 1 1 5 0 1 1 1 1 1 1 1 1 1 1 1 1 12 10 1 1 1 100 1 12 10 12 10 12 9 12 9 12 9 1 7 1 12 10 1 1 1 1 12 10 1 1 1 100 1 8 1 7 1 1 12 10 12 10 1 1 12 10 1 1 8 12 10 1 7 12 10 1 1 12 10 1 12 9 1 1 12 10 1 7 1 12 10 1 12 10 1 1 12 10 100 1 100 1 8 1 12 10 1 12 10 1 1 12 10 1 1 1 12 10 3 10 1 1 12 10 1 12 10 1 1 1 8 1 7 1 12 10 1 1 12 10 1 12 10 1 12 10 1 1 1 1 12 10 1 1 12 10 1 100 1 1 12 10 1 100 1 100 1 1 12 9 1 12 10 12 10 1 12 10 1 7 10 10 1 1 12 10 1 7 1 1 12 11 1 100 1 7 1 1 12 11 1 1 12 11 1 12 11 1 12 11 12 10 1 8 1 100 1 12 10 1 1 100 1 12 10 1 100 10 1 12 10 1 100 1 12 10 1 1 100 1 12 9 1 12 10 1 1 100 1 100 1 100 1 1 12 10 1 100 10 1 8 1 8 1 12 10 1 1 1 12 10 12 10 1 1 1 10 1 1 12 10 1 12 10 1 1 7 10 1 12 10 1 12 11 1 7 1 1 12 10 1 1 1 8 1 100 1 12 10 11 1 8 1 1 100 10 11 12 9 1 12 10 1 12 10 1 12 10 1 1 12 10 1 1 1 12 10 1 1 12 10 1 12 10 1 12 10 10 1 12 10 1 12 10 1 12 10 10 1 1 12 10 1 1 12 10 10 1 12 10 1 12 10 1 12 10 1 12 10 1 1 12 10 1 1 12 10 1 12 10 1 12 10 1 1 12 10 12 10 1 1 12 10 1 1 12 10 1 12 10 1 1 12 10 1 1 1 1 12 10 12 10 1 1 1 100 10 1 100 1 12 11 4 11 1 1 12 10 1 100 1 12 10 1 12 11 1 1 12 10 1 1 1 100 1 100 1 12 10 1 12 10 1 100 1 8 1 12 10 10 1 100 1 1 12 10 1 100 6 0 1 1 12 10 1 100 1 1 12 11 1 12 10 1 1 1 12 10 1 1 1 1 1 1 1 1 1 1 1 1 1 1 1 1 1 1 1 1 1 1 1
staticfield java/util/Properties UNSAFE Ljdk/internal/misc/Unsafe; jdk/internal/misc/Unsafe
staticfield java/util/Properties hexDigit [C 16
ciInstanceKlass java/lang/Module 1 1 814 1 7 1 7 1 100 1 7 1 1 100 1 100 1 100 1 1 7 1 7 1 1 7 1 1 7 1 1 7 1 100 1 1 100 1 100 1 1 1 1 1 1 1 1 1 1 1 1 1 1 1 1 1 1 1 1 1 1 1 1 1 1 1 1 1 12 10 12 9 1 12 10 12 9 12 9 12 9 1 1 12 10 1 12 10 1 7 1 7 1 7 1 1 12 10 1 7 1 1 12 10 1 7 1 1 12 10 1 1 12 10 1 7 1 7 1 1 12 11 1 7 1 1 12 10 1 1 1 1 1 1 1 7 1 1 12 10 1 100 1 1 12 9 1 100 1 1 12 10 1 1 1 1 12 10 1 8 1 1 12 10 1 12 10 1 1 1 12 10 12 9 1 12 11 1 12 9 1 7 1 1 12 10 12 9 1 1 1 1 7 1 1 12 10 1 1 12 10 1 100 1 100 10 1 1 12 10 1 8 1 12 10 12 10 1 12 10 1 1 12 10 1 1 1 12 10 1 1 12 10 1 7 1 1 12 9 1 1 12 10 1 1 1 1 12 10 1 12 9 1 12 10 1 12 10 12 9 1 7 1 12 11 1 1 12 10 12 9 1 12 9 1 12 10 1 12 10 1 1 1 1 1 100 1 8 10 1 1 12 10 1 12 10 1 8 1 1 1 1 1 1 12 10 1 1 1 100 1 1 12 10 1 1 12 10 1 12 10 1 8 1 8 1 1 12 10 1 12 10 1 1 12 10 1 7 1 1 12 10 15 16 1 1 12 10 15 16 1 1 12 18 1 1 12 10 1 12 11 1 12 9 12 11 1 1 7 1 12 10 1 100 1 8 10 1 7 10 1 12 10 1 7 1 12 11 1 1 12 11 12 9 1 12 11 1 1 1 12 10 1 1 12 10 1 12 9 12 10 1 7 12 10 1 1 7 1 12 10 10 1 100 16 1 100 10 15 1 16 1 12 18 1 1 12 11 1 100 1 1 12 10 1 1 12 11 1 1 1 7 1 12 10 1 1 12 11 4 1 12 10 1 7 10 1 1 12 11 1 7 1 7 10 12 11 1 7 1 12 10 1 8 1 1 12 10 1 7 12 10 1 1 12 10 1 12 10 12 10 12 9 1 100 10 1 1 12 11 12 10 1 1 12 10 1 1 12 10 1 7 11 1 1 12 10 1 12 11 1 12 10 11 1 1 12 10 1 1 12 10 1 1 12 10 1 7 1 12 10 1 12 10 1 12 10 1 12 10 1 12 10 16 1 1 12 10 15 1 16 1 1 12 18 1 1 12 11 1 12 11 1 1 12 10 15 1 16 1 12 18 1 12 10 12 10 12 10 1 12 10 1 12 10 1 12 10 12 9 10 10 10 1 12 10 1 12 10 1 1 12 10 1 12 10 1 1 12 10 1 12 10 12 9 16 1 12 10 15 16 1 1 12 18 1 100 1 1 12 10 1 100 1 100 1 8 1 1 12 10 1 12 10 1 100 1 12 10 1 1 12 10 1 100 1 100 1 8 1 100 10 3 1 12 10 1 100 1 12 10 1 1 12 10 1 1 12 10 1 12 10 1 1 12 10 1 100 1 100 1 100 12 10 1 100 1 8 1 12 10 1 1 12 10 1 7 1 12 10 1 1 12 10 12 10 12 10 1 1 12 10 1 100 10 1 1 12 10 1 100 1 1 12 10 1 8 1 1 12 10 1 100 1 12 10 1 8 1 12 10 1 8 1 12 10 12 10 12 10 1 8 10 1 7 10 1 1 12 10 12 10 1 12 11 1 1 1 1 1 1 1 1 1 1 1 1 1 1 1 1 1 1 1 1 1
staticfield java/lang/Module ALL_UNNAMED_MODULE Ljava/lang/Module; java/lang/Module
staticfield java/lang/Module ALL_UNNAMED_MODULE_SET Ljava/util/Set; java/util/ImmutableCollections$Set12
staticfield java/lang/Module EVERYONE_MODULE Ljava/lang/Module; java/lang/Module
staticfield java/lang/Module EVERYONE_SET Ljava/util/Set; java/util/ImmutableCollections$Set12
staticfield java/lang/Module $assertionsDisabled Z 1
instanceKlass java/lang/reflect/Executable
instanceKlass java/lang/reflect/Field
ciInstanceKlass java/lang/reflect/AccessibleObject 1 1 360 1 7 1 7 1 7 1 7 1 7 1 1 100 1 100 1 1 1 1 1 1 1 1 1 1 1 1 7 1 1 12 10 1 100 1 1 12 9 1 100 1 12 10 1 1 1 12 10 1 7 1 1 12 10 1 100 1 1 12 10 1 7 1 1 12 10 1 1 12 10 1 12 9 1 1 1 100 1 1 12 10 1 12 11 1 100 1 12 10 1 1 7 1 100 1 12 10 1 1 12 10 1 7 1 12 10 1 1 12 10 1 100 1 1 12 10 1 100 1 100 10 10 1 7 1 1 12 10 1 1 12 10 1 12 10 1 12 10 1 12 10 1 1 12 10 1 12 10 1 12 10 1 8 1 100 10 1 1 12 10 1 8 1 12 10 1 12 10 1 8 1 8 1 8 1 8 1 8 1 8 1 100 1 12 10 1 12 10 1 1 12 9 1 1 12 10 1 12 10 1 7 1 1 12 10 1 7 1 1 12 10 15 16 1 12 10 15 16 1 1 12 18 1 12 10 12 10 10 1 1 1 1 1 11 1 100 1 100 1 8 10 1 12 10 1 1 12 10 1 8 1 12 10 1 8 1 1 12 10 10 1 1 1 100 1 8 1 12 10 1 12 11 1 1 1 1 1 12 10 1 12 10 1 12 10 1 1 1 100 1 1 12 10 10 12 9 1 100 1 12 10 1 12 10 12 9 1 100 1 12 10 1 8 1 100 1 1 12 10 1 8 1 1 12 10 12 9 1 1 1 100 10 1 10 1 7 1 1 12 10 12 9 1 1 1 1 1 1 1 1 1 1 1 1 1 1 1 1 1
staticfield java/lang/reflect/AccessibleObject reflectionFactory Ljdk/internal/reflect/ReflectionFactory; jdk/internal/reflect/ReflectionFactory
ciInstanceKlass java/lang/reflect/Field 1 1 394 1 7 1 7 1 100 1 100 1 100 1 1 1 1 1 1 1 1 1 1 1 1 1 1 1 1 1 1 1 1 1 1 1 1 1 12 9 1 1 1 1 12 10 1 7 1 1 12 10 1 7 1 12 10 1 1 12 9 12 10 12 10 1 7 1 12 10 1 1 1 12 10 12 9 12 9 12 9 12 9 12 9 12 9 1 1 12 9 1 7 1 8 1 12 10 12 10 12 9 12 9 1 1 1 1 12 10 1 7 1 12 10 1 1 12 10 1 1 12 10 1 12 10 1 1 1 1 1 12 10 1 1 7 1 12 10 1 1 1 12 10 12 10 12 10 1 1 12 10 1 1 7 10 1 100 12 10 1 1 100 10 1 8 1 12 10 1 1 12 10 1 8 12 10 1 12 10 1 8 1 1 8 1 10 1 100 11 1 1 1 7 1 1 1 12 9 1 1 12 10 1 1 12 10 1 7 12 11 1 12 11 1 1 12 11 1 1 12 11 1 1 12 11 1 1 12 11 1 1 12 11 1 1 12 11 1 1 12 11 1 1 12 11 1 1 12 11 1 1 12 11 1 1 12 11 1 1 12 11 1 1 12 11 1 1 12 11 1 1 12 11 1 1 12 11 1 12 10 1 100 1 12 10 1 12 10 1 1 12 10 12 10 1 1 12 9 1 7 1 1 12 10 1 1 12 10 1 1 1 1 7 1 12 10 1 12 10 1 7 11 1 12 10 1 7 1 1 1 100 1 1 12 10 1 1 1 7 1 1 12 10 12 9 1 7 1 1 12 10 1 7 1 1 12 11 1 1 12 10 1 100 1 1 1 1 12 10 1 1 12 9 1 100 1 1 12 10 1 12 10 1 1 1 1 1 1 1 1 1 1 1 1 1
ciInstanceKlass java/lang/reflect/Parameter 1 1 207 1 7 1 7 1 100 1 1 1 1 1 1 1 1 1 1 1 1 1 1 1 1 1 1 12 10 12 9 12 9 12 9 12 9 1 1 12 10 1 1 12 10 1 1 1 7 1 12 10 1 1 1 100 10 1 1 12 10 1 100 1 12 11 1 12 10 1 100 1 12 10 1 1 12 10 1 12 10 1 100 1 12 10 1 8 1 8 1 1 12 10 1 12 10 12 10 1 1 1 8 10 1 8 1 12 10 1 12 9 1 1 12 10 1 1 12 9 1 1 12 10 1 100 1 1 1 1 12 10 1 1 1 12 10 1 12 10 10 1 12 10 1 1 1 100 1 1 12 10 1 12 10 1 100 1 12 11 1 12 10 1 100 1 1 1 100 1 1 12 10 1 1 1 1 12 10 1 12 10 1 12 10 1 12 10 12 9 1 100 10 1 100 1 12 11 1 1 12 11 1 1 1 1 1 1 1
instanceKlass java/lang/reflect/Constructor
instanceKlass java/lang/reflect/Method
ciInstanceKlass java/lang/reflect/Executable 1 1 395 1 7 1 7 1 100 1 100 1 100 1 100 1 1 1 1 1 1 1 1 1 1 12 10 1 1 1 1 1 1 1 1 1 1 1 7 1 1 12 10 1 1 12 10 1 7 1 1 12 11 1 7 1 12 10 1 1 1 1 12 10 1 7 1 1 12 10 1 7 1 1 12 10 1 12 10 1 8 1 1 1 100 10 12 10 1 1 12 10 1 7 1 8 1 12 10 1 100 1 7 1 1 12 10 1 1 12 10 12 10 1 8 1 8 1 12 10 10 1 8 1 12 10 1 8 1 1 1 1 12 10 1 8 1 100 1 100 11 1 12 10 1 1 12 10 1 100 1 7 11 1 12 10 1 8 1 8 1 100 1 1 12 10 1 12 10 1 1 1 1 1 1 1 100 10 12 10 12 10 1 7 12 10 12 10 1 12 10 1 1 12 10 7 1 7 1 12 10 1 12 10 1 12 10 1 1 12 10 1 12 10 1 8 1 12 10 1 12 10 1 1 3 1 100 1 8 1 12 10 1 12 10 10 1 12 10 1 1 12 10 1 8 1 8 1 8 1 100 12 9 1 12 10 1 8 12 9 12 10 12 10 1 1 12 10 1 12 10 12 10 1 1 12 10 1 1 1 1 1 100 12 10 1 1 12 10 1 100 1 100 1 1 12 10 1 7 1 1 1 7 1 1 12 10 1 12 10 1 7 1 12 11 1 12 10 1 1 1 100 1 1 12 10 1 1 1 1 12 10 12 9 1 1 12 10 1 100 12 10 1 1 12 10 1 100 1 1 1 1 1 1 12 9 1 100 1 1 12 10 1 1 12 10 1 12 9 1 1 12 10 1 12 9 1 1 12 10 1 1 12 9 1 1 1 1 1 1 1 1 1 1 1 1 1
ciInstanceKlass java/lang/reflect/Method 1 1 405 1 7 1 7 1 1 1 1 1 1 1 1 1 1 1 1 1 1 1 1 1 1 1 1 1 1 1 1 1 1 12 9 1 1 1 7 1 1 12 10 1 7 1 12 10 1 1 12 9 12 10 12 10 1 7 1 12 10 1 1 1 12 10 12 9 12 9 12 9 12 9 12 9 12 9 12 9 12 9 12 9 12 9 1 1 12 9 1 7 1 8 1 12 10 12 10 12 9 1 1 8 1 1 1 1 7 1 12 10 1 7 1 1 12 10 1 1 12 10 1 1 12 10 1 12 10 1 1 1 1 1 1 1 1 1 1 1 12 10 12 10 1 7 1 1 1 12 10 12 10 1 1 1 1 7 1 1 12 10 1 1 1 12 10 1 1 12 10 1 1 12 10 12 10 1 7 12 10 1 1 12 10 1 1 7 10 1 7 12 10 1 1 7 1 12 10 1 12 10 1 1 12 10 1 1 1 12 10 1 7 1 1 12 10 1 12 10 1 1 8 10 1 100 1 8 1 12 10 12 10 1 1 12 10 1 12 10 12 10 1 1 1 12 10 1 12 10 1 7 11 1 1 1 7 1 7 1 1 1 1 12 9 1 1 12 10 1 100 1 12 10 1 1 12 10 1 1 12 10 1 7 12 11 1 12 10 1 12 10 1 12 10 1 12 10 1 12 10 1 1 12 9 1 7 1 1 12 10 1 1 12 10 1 1 7 1 1 12 10 1 7 1 1 12 10 1 7 1 1 12 10 1 7 1 1 12 11 1 7 1 1 12 10 1 7 1 100 1 100 1 12 10 1 1 12 10 1 12 10 1 100 10 1 8 10 1 1 12 10 1 1 12 10 1 1 1 1 12 10 1 1 1 1 12 10 1 1 1 8 1 1 12 10 1 1 1 1 1 1 1 1 1 1 1
ciInstanceKlass java/lang/reflect/Constructor 1 1 378 1 7 1 1 7 1 100 1 100 1 1 1 1 1 1 1 1 1 1 1 1 1 1 1 1 1 1 1 1 1 1 1 1 1 1 100 1 1 12 10 1 100 1 12 10 1 1 12 9 1 1 12 10 12 10 1 100 1 12 10 1 1 12 9 1 1 1 12 10 12 9 12 9 12 9 12 9 12 9 12 9 12 9 12 9 1 1 7 1 8 1 12 10 12 10 12 9 1 1 1 1 7 1 12 10 1 7 1 1 12 10 1 1 12 10 1 1 12 10 1 12 10 1 7 1 100 1 8 10 1 1 1 1 1 1 12 10 12 10 1 1 1 1 12 10 12 10 1 100 1 1 1 1 7 1 1 12 10 1 1 1 12 10 1 1 12 10 1 1 1 1 12 10 1 1 100 12 10 1 1 100 1 12 10 1 1 12 10 1 1 1 12 10 1 100 1 1 12 10 1 1 8 10 1 12 10 1 100 1 8 1 12 10 12 10 1 1 12 10 1 12 10 12 10 1 1 1 12 10 1 12 10 1 1 1 7 1 7 1 7 1 1 1 12 9 1 1 12 10 12 10 1 8 1 1 12 10 1 7 12 11 1 12 10 1 12 10 1 12 10 1 1 12 9 1 7 1 1 12 10 1 1 12 10 1 1 1 1 1 12 10 1 1 12 10 1 1 1 1 12 10 1 1 1 12 10 1 12 10 1 12 10 1 12 10 1 100 1 8 10 1 1 1 1 12 10 1 1 12 10 10 1 1 12 10 1 12 10 1 100 1 1 12 10 1 100 1 1 12 11 1 1 12 9 1 100 1 1 12 10 1 12 10 1 1 1 1 1 1 1 1 1 1 1 1 1 1
instanceKlass jdk/internal/reflect/FieldAccessorImpl
instanceKlass jdk/internal/reflect/ConstructorAccessorImpl
instanceKlass jdk/internal/reflect/MethodAccessorImpl
ciInstanceKlass jdk/internal/reflect/MagicAccessorImpl 1 1 10 1 100 1 7 1 1 12 10 1
instanceKlass jdk/internal/reflect/GeneratedMethodAccessor2
instanceKlass jdk/internal/reflect/GeneratedMethodAccessor1
instanceKlass jdk/internal/reflect/DelegatingMethodAccessorImpl
instanceKlass jdk/internal/reflect/NativeMethodAccessorImpl
ciInstanceKlass jdk/internal/reflect/MethodAccessorImpl 1 1 19 1 100 1 7 1 100 1 1 12 10 1 1 1 100 1 100 1 1
instanceKlass jdk/internal/reflect/GeneratedConstructorAccessor14
instanceKlass jdk/internal/reflect/GeneratedConstructorAccessor13
instanceKlass jdk/internal/reflect/GeneratedConstructorAccessor12
instanceKlass jdk/internal/reflect/GeneratedConstructorAccessor11
instanceKlass jdk/internal/reflect/GeneratedConstructorAccessor10
instanceKlass jdk/internal/reflect/GeneratedConstructorAccessor9
instanceKlass jdk/internal/reflect/GeneratedConstructorAccessor8
instanceKlass jdk/internal/reflect/GeneratedConstructorAccessor7
instanceKlass jdk/internal/reflect/GeneratedConstructorAccessor6
instanceKlass jdk/internal/reflect/GeneratedConstructorAccessor5
instanceKlass jdk/internal/reflect/GeneratedConstructorAccessor4
instanceKlass jdk/internal/reflect/GeneratedConstructorAccessor3
instanceKlass jdk/internal/reflect/GeneratedConstructorAccessor2
instanceKlass jdk/internal/reflect/BootstrapConstructorAccessorImpl
instanceKlass jdk/internal/reflect/GeneratedConstructorAccessor1
instanceKlass jdk/internal/reflect/DelegatingConstructorAccessorImpl
instanceKlass jdk/internal/reflect/NativeConstructorAccessorImpl
ciInstanceKlass jdk/internal/reflect/ConstructorAccessorImpl 1 1 21 1 100 1 7 1 100 1 1 12 10 1 1 1 100 1 100 1 100 1 1
ciInstanceKlass jdk/internal/reflect/DelegatingClassLoader 1 1 10 1 100 1 7 1 1 12 10 1
ciInstanceKlass jdk/internal/reflect/ConstantPool 1 1 130 1 7 1 100 1 100 1 1 1 1 1 12 10 1 1 12 9 1 1 12 10 1 1 1 1 12 10 1 1 12 10 1 1 1 1 12 10 1 1 1 1 12 10 1 1 12 10 1 1 1 1 12 10 1 1 12 10 1 1 1 1 12 10 1 1 12 10 1 1 12 10 1 1 12 10 1 1 1 1 12 10 1 1 1 1 12 10 1 1 1 1 12 10 1 1 1 1 12 10 1 1 12 10 1 1 1 1 12 10 1 1 12 10 1 1 7 8 1 7 1 1 12 10 1 1 1 1 1 1
instanceKlass jdk/internal/reflect/UnsafeFieldAccessorImpl
ciInstanceKlass jdk/internal/reflect/FieldAccessorImpl 1 1 53 1 100 1 7 1 100 1 1 12 10 1 1 1 100 1 1 1 1 1 1 1 1 1 1 1 1 1 1 1 1 1 1 1 100 1 1 1 1 1 1 1 1 1 1 1 1 1 1 1 1 1 1
instanceKlass jdk/internal/reflect/UnsafeIntegerFieldAccessorImpl
instanceKlass jdk/internal/reflect/UnsafeBooleanFieldAccessorImpl
instanceKlass jdk/internal/reflect/UnsafeQualifiedFieldAccessorImpl
instanceKlass jdk/internal/reflect/UnsafeObjectFieldAccessorImpl
instanceKlass jdk/internal/reflect/UnsafeStaticFieldAccessorImpl
ciInstanceKlass jdk/internal/reflect/UnsafeFieldAccessorImpl 1 1 227 1 7 1 7 1 1 1 1 1 1 1 1 1 1 1 12 10 12 9 1 7 1 1 12 10 1 7 1 1 12 10 12 9 1 7 1 1 12 10 12 9 1 12 10 12 10 12 9 1 1 1 1 12 10 1 7 1 12 10 1 7 1 1 12 10 1 12 10 1 1 1 100 10 1 12 10 1 1 12 10 1 8 10 1 12 10 1 1 1 100 1 8 1 12 10 1 8 12 10 1 8 1 12 10 1 1 1 100 1 1 12 10 10 1 8 1 100 12 10 1 1 8 1 100 1 12 10 1 1 8 1 100 1 12 10 1 1 8 1 100 1 12 10 1 1 8 1 100 1 12 10 1 1 8 1 100 1 12 10 1 1 8 1 100 1 12 10 1 1 8 1 100 1 12 10 1 1 8 1 100 1 12 10 1 1 12 10 1 1 1 1 1 1 1 1 8 1 8 1 8 1 8 1 8 1 8 1 1 12 10 1 8 1 8 1 8 12 10 1 1 1 12 10 1 1 1
staticfield jdk/internal/reflect/UnsafeFieldAccessorImpl unsafe Ljdk/internal/misc/Unsafe; jdk/internal/misc/Unsafe
instanceKlass jdk/internal/reflect/UnsafeStaticObjectFieldAccessorImpl
instanceKlass jdk/internal/reflect/UnsafeQualifiedStaticFieldAccessorImpl
ciInstanceKlass jdk/internal/reflect/UnsafeStaticFieldAccessorImpl 1 1 35 1 7 1 7 1 1 1 1 12 10 1 1 12 9 1 7 1 1 12 10 12 9 1 1 1 7 8 1 7 1 1 12 10 1
ciInstanceKlass jdk/internal/reflect/CallerSensitive 0 0 15 1 100 1 100 1 100 1 1 1 1 1 1 1 1
instanceKlass java/lang/invoke/DelegatingMethodHandle
instanceKlass java/lang/invoke/BoundMethodHandle
instanceKlass java/lang/invoke/DirectMethodHandle
ciInstanceKlass java/lang/invoke/MethodHandle 1 1 440 1 7 1 7 1 100 1 1 100 1 7 1 1 1 1 1 1 1 1 1 1 1 1 1 1 12 9 1 1 1 12 10 1 7 1 1 12 10 1 7 1 7 1 1 12 10 12 9 1 12 10 1 1 1 100 1 1 1 1 1 1 1 1 1 1 1 12 10 1 1 12 10 1 100 1 1 12 10 1 1 12 10 1 12 10 1 1 100 1 1 12 11 12 10 1 12 10 1 12 10 12 9 1 1 12 10 1 100 1 100 10 1 8 1 1 12 10 1 12 10 1 8 1 1 12 10 1 12 10 1 1 12 10 1 1 12 10 1 1 12 10 1 12 10 1 1 12 10 1 1 12 10 1 7 1 1 12 10 1 100 1 1 12 10 1 7 1 1 12 10 1 1 12 10 1 1 12 10 1 8 1 7 1 1 12 10 1 8 1 1 12 10 1 1 12 10 1 1 12 10 1 12 10 1 8 1 1 12 10 1 8 1 12 10 1 8 1 100 1 1 12 10 12 9 1 100 10 1 100 1 1 12 9 1 100 9 1 8 1 1 1 1 12 10 1 12 10 1 1 12 10 1 12 10 1 1 12 10 1 12 10 1 12 10 1 1 12 10 1 12 10 1 1 12 10 1 1 12 10 1 8 1 1 12 10 1 8 1 12 10 1 1 12 10 1 1 1 1 1 12 10 1 12 10 1 1 12 10 1 12 9 1 8 1 12 10 1 12 10 1 8 1 12 10 1 1 12 10 10 1 1 1 100 1 100 1 7 1 12 10 12 10 1 8 1 1 12 10 1 1 1 1 12 10 9 1 12 10 1 100 1 1 12 10 1 12 10 1 1 1 1 1 1 1 12 9 1 1 1 1 12 10 12 10 1 1 1 8 1 1 1 1 12 9 1 1 12 9 12 9 1 7 1 1 12 10 1 12 10 1 1 12 10 12 10 1 1 12 10 8 1 1 12 10 1 1 1 1 1 1 1 1 1 1 1 1 1 1 1
staticfield java/lang/invoke/MethodHandle FORM_OFFSET J 20
staticfield java/lang/invoke/MethodHandle $assertionsDisabled Z 1
instanceKlass java/lang/invoke/DirectMethodHandle$Special
instanceKlass java/lang/invoke/DirectMethodHandle$Interface
instanceKlass java/lang/invoke/DirectMethodHandle$Accessor
instanceKlass java/lang/invoke/DirectMethodHandle$Constructor
ciInstanceKlass java/lang/invoke/DirectMethodHandle 1 1 839 1 7 1 7 1 7 1 7 1 1 100 1 1 7 1 1 7 1 1 7 1 1 7 1 1 100 1 1 7 1 7 1 1 7 1 7 1 1 7 1 1 7 1 1 100 1 7 1 1 1 1 1 1 1 3 1 3 1 3 1 3 1 3 1 3 1 3 1 1 3 1 1 3 1 3 1 1 1 1 1 1 1 1 1 1 1 1 1 3 1 3 1 1 1 1 3 1 1 1 1 1 1 1 1 1 1 12 10 1 1 12 10 1 100 1 12 10 1 7 1 1 12 10 1 7 1 12 10 1 1 12 10 1 12 10 1 12 10 1 7 1 1 12 10 1 1 12 10 1 12 10 1 1 12 10 1 1 12 10 1 12 10 12 9 1 100 10 12 9 1 1 1 12 10 1 12 10 1 1 12 10 1 12 10 1 12 10 1 12 10 1 1 12 10 1 12 10 1 1 12 10 1 8 1 1 12 10 1 12 10 10 1 12 10 12 10 1 12 10 1 1 12 10 1 1 12 10 1 12 10 1 12 10 1 12 10 1 12 10 1 1 12 10 12 10 8 1 100 1 1 12 10 1 12 10 1 12 10 1 1 12 10 1 12 10 1 7 1 1 12 9 1 12 10 1 1 1 7 1 1 12 10 1 1 1 12 10 1 1 100 10 1 8 1 1 12 10 1 12 10 1 12 10 10 1 1 12 10 1 12 10 1 12 10 1 12 10 1 1 12 10 1 12 10 1 1 12 10 1 12 10 1 1 12 10 10 1 7 1 1 12 10 1 1 12 10 1 7 1 1 12 10 1 12 10 1 1 12 10 1 100 1 8 1 1 12 9 1 8 1 12 9 1 12 9 1 8 1 12 9 1 12 9 1 8 1 12 9 1 12 9 1 8 1 12 10 1 1 12 10 12 9 1 7 1 1 12 10 1 7 1 1 12 10 1 1 12 10 1 12 10 1 1 12 10 1 100 1 1 12 10 1 12 10 1 1 12 10 1 7 1 1 12 10 1 7 1 1 12 10 1 12 10 1 12 10 1 12 10 1 1 12 9 10 12 9 1 12 9 1 7 1 1 12 10 1 1 1 12 10 1 7 1 7 1 7 1 1 12 9 1 7 12 10 1 1 12 10 1 12 10 1 1 12 10 1 1 12 9 1 1 12 10 1 100 1 12 10 1 100 1 1 12 10 1 12 10 1 1 8 1 1 12 9 1 1 100 1 12 9 12 10 1 1 12 9 1 1 100 1 12 10 1 1 1 12 9 1 1 12 9 1 1 12 10 1 12 10 1 12 10 1 1 1 1 1 12 10 1 7 1 1 12 10 1 12 10 1 7 1 12 10 12 9 1 12 10 1 12 10 1 12 10 12 10 12 10 12 9 1 1 12 10 1 1 1 1 12 9 1 12 9 1 12 9 1 12 9 1 12 9 1 12 9 1 12 9 1 12 9 1 12 9 1 12 9 1 12 9 1 12 9 1 12 9 1 12 9 1 12 9 1 12 9 1 12 9 1 12 9 1 12 9 1 12 9 1 12 9 1 12 9 1 12 9 1 12 9 1 12 9 1 12 9 1 12 9 1 12 9 1 12 9 1 12 9 1 12 9 1 12 9 1 12 9 1 12 9 1 12 9 1 12 9 1 12 9 1 8 1 1 12 9 12 9 1 12 10 12 10 1 7 9 1 12 10 1 1 12 9 12 10 1 12 10 1 12 10 1 12 10 10 1 8 1 8 1 8 1 8 1 1 12 10 12 9 1 12 10 1 100 1 1 12 10 8 12 9 1 1 12 10 8 8 8 12 9 8 8 8 8 8 8 8 1 12 10 1 12 10 8 1 8 1 12 10 12 10 1 1 12 10 1 1 12 10 1 1 1 1 1 1 1 1 1 1 1 1
staticfield java/lang/invoke/DirectMethodHandle IMPL_NAMES Ljava/lang/invoke/MemberName$Factory; java/lang/invoke/MemberName$Factory
staticfield java/lang/invoke/DirectMethodHandle FT_UNCHECKED_REF I 8
staticfield java/lang/invoke/DirectMethodHandle ACCESSOR_FORMS [Ljava/lang/invoke/LambdaForm; 132 [Ljava/lang/invoke/LambdaForm;
staticfield java/lang/invoke/DirectMethodHandle ALL_WRAPPERS [Lsun/invoke/util/Wrapper; 10 [Lsun/invoke/util/Wrapper;
staticfield java/lang/invoke/DirectMethodHandle NFS [Ljava/lang/invoke/LambdaForm$NamedFunction; 12 [Ljava/lang/invoke/LambdaForm$NamedFunction;
staticfield java/lang/invoke/DirectMethodHandle OBJ_OBJ_TYPE Ljava/lang/invoke/MethodType; java/lang/invoke/MethodType
staticfield java/lang/invoke/DirectMethodHandle LONG_OBJ_TYPE Ljava/lang/invoke/MethodType; java/lang/invoke/MethodType
staticfield java/lang/invoke/DirectMethodHandle $assertionsDisabled Z 1
instanceKlass java/lang/invoke/VarHandleObjects$Array
instanceKlass java/lang/invoke/VarHandleLongs$FieldInstanceReadOnly
instanceKlass java/lang/invoke/VarHandleObjects$FieldInstanceReadOnly
instanceKlass java/lang/invoke/VarHandleObjects$FieldStaticReadOnly
instanceKlass java/lang/invoke/VarHandleInts$FieldInstanceReadOnly
ciInstanceKlass java/lang/invoke/VarHandle 1 1 277 1 7 1 7 1 100 1 100 1 1 100 1 1 100 1 1 100 1 1 7 1 100 1 100 1 1 1 1 1 1 1 1 1 1 1 1 1 1 1 1 12 10 12 9 1 1 1 100 10 1 1 1 1 1 1 1 1 1 1 1 1 1 1 1 1 1 1 1 1 1 1 1 1 1 1 1 1 1 1 1 1 1 1 1 1 1 1 1 1 12 9 1 1 12 10 1 100 1 1 12 10 1 1 12 10 1 1 1 12 9 1 12 10 1 1 12 10 1 1 12 9 1 1 12 9 1 12 10 1 12 10 1 1 10 1 1 12 10 1 1 1 1 12 10 1 1 12 10 1 100 1 100 1 1 12 10 1 12 9 10 1 1 12 9 1 12 10 1 1 12 10 1 7 1 1 12 10 1 100 1 12 10 1 100 1 1 12 10 1 1 12 9 1 1 12 10 12 9 1 1 12 10 1 12 10 1 12 10 1 100 10 1 1 7 1 1 12 9 12 9 1 7 1 1 12 10 1 12 10 1 1 12 10 1 1 12 10 1 12 10 1 12 10 1 1 1 12 10 10 1 7 1 1 12 10 12 9 8 1 1 12 10 1 7 1 1 12 10 1 1 1 1 1 1 1 1
staticfield java/lang/invoke/VarHandle AIOOBE_SUPPLIER Ljava/util/function/BiFunction; jdk/internal/util/Preconditions$1
staticfield java/lang/invoke/VarHandle VFORM_OFFSET J 12
staticfield java/lang/invoke/VarHandle $assertionsDisabled Z 1
ciInstanceKlass java/lang/invoke/MemberName 1 1 684 1 7 1 7 1 100 1 100 1 7 1 1 100 1 100 1 1 100 1 7 1 1 100 1 100 1 1 1 1 1 1 1 1 1 1 1 1 1 1 3 1 3 1 3 1 3 1 3 1 3 1 1 8 1 3 1 3 1 3 1 3 1 3 1 3 1 3 1 3 1 3 1 3 1 3 1 1 1 1 12 9 1 1 1 7 12 10 1 1 12 9 1 1 12 10 1 1 1 1 12 10 1 12 10 1 12 10 1 12 10 1 7 1 1 12 10 1 12 10 1 100 1 12 9 1 12 10 1 100 1 100 12 10 1 8 1 1 12 10 1 12 10 1 12 10 1 12 10 12 9 1 8 1 100 1 1 12 10 1 7 10 1 1 12 10 1 100 1 100 1 1 12 10 12 9 1 100 1 8 1 12 10 1 100 1 1 12 10 1 12 10 1 12 10 1 1 12 10 1 12 10 1 12 10 1 1 12 10 1 1 1 12 10 1 1 12 10 1 8 1 8 1 8 1 1 1 1 100 1 1 12 10 1 12 10 1 1 12 9 1 1 12 10 1 12 10 1 12 10 10 1 1 12 10 1 12 10 1 12 10 1 12 10 1 12 10 8 1 1 12 10 1 12 10 1 8 1 100 9 8 1 100 9 1 1 12 10 1 1 1 8 1 1 12 10 1 12 10 12 10 1 1 12 10 1 1 12 10 1 100 1 1 12 10 1 12 10 1 8 1 12 10 1 12 10 1 8 1 1 1 12 10 1 1 1 12 10 1 1 1 100 1 1 12 10 12 10 1 8 1 8 1 1 12 10 1 100 1 1 12 10 1 7 12 10 1 12 10 1 12 10 1 12 10 1 12 10 1 10 1 12 10 1 12 10 1 12 10 1 3 12 10 1 1 12 10 1 1 1 1 1 12 10 1 7 1 1 12 10 1 1 12 10 1 1 12 9 1 1 12 10 1 1 3 1 1 12 10 10 1 7 1 1 12 10 1 12 10 1 7 10 10 12 10 12 10 1 12 10 10 12 10 12 10 12 10 12 10 1 100 10 10 12 10 1 100 10 10 12 10 1 1 1 12 10 10 1 1 12 10 1 1 100 10 1 1 12 10 1 100 10 12 10 1 12 10 1 12 10 1 1 10 1 12 10 1 1 12 10 1 1 1 12 10 1 12 10 1 12 10 1 100 12 10 1 1 12 10 1 1 100 1 8 10 1 7 1 12 10 12 10 1 1 12 10 1 12 10 1 12 10 1 1 1 8 1 8 1 8 1 8 1 12 10 1 1 1 12 10 1 1 12 10 1 8 1 8 1 12 10 1 8 10 1 12 10 1 12 10 1 8 1 8 10 1 12 10 1 1 1 8 1 1 12 10 1 8 1 12 10 1 1 12 10 1 12 10 1 100 1 8 1 8 1 8 1 100 10 1 1 8 1 8 1 8 1 8 1 12 10 1 100 1 100 1 100 10 1 100 10 1 100 1 1 12 10 1 1 1 1 12 9 1 1 12 10 1 1 1 1 1 1 1 1 1 1 1 1 1 1 1 1 1
staticfield java/lang/invoke/MemberName $assertionsDisabled Z 1
ciInstanceKlass java/lang/invoke/ResolvedMethodName 1 1 10 1 100 1 100 1 1 12 10 1
ciInstanceKlass java/lang/invoke/MethodHandleNatives 1 1 583 1 7 1 7 1 100 1 1 7 1 1 7 1 7 1 1 7 1 1 7 1 100 1 1 7 1 1 7 1 7 1 1 1 1 1 12 10 1 1 1 1 1 1 1 100 1 100 1 1 1 1 1 1 1 1 1 1 1 1 1 1 1 1 1 1 1 1 12 9 12 10 1 100 10 1 1 12 10 12 10 1 1 1 1 12 10 1 1 1 1 8 1 8 1 8 1 8 1 8 1 8 1 8 1 8 1 8 1 8 1 1 1 1 1 100 1 100 1 100 12 10 1 7 1 7 1 1 12 10 1 100 1 1 12 10 1 7 10 1 1 12 10 1 8 1 12 10 1 8 1 1 12 10 1 8 1 1 12 10 1 100 1 1 12 9 1 8 1 100 1 1 12 10 1 100 12 10 1 100 1 8 1 1 1 7 10 1 12 10 1 7 1 7 1 12 9 1 1 12 10 1 12 10 1 7 1 1 12 10 1 7 1 1 12 10 1 7 1 1 12 10 1 12 10 1 100 1 1 12 10 1 1 12 10 1 12 9 1 8 1 12 10 1 8 1 12 10 1 8 1 8 1 8 1 12 10 1 8 1 1 1 1 12 10 1 12 10 1 100 1 1 12 10 1 8 1 100 1 1 12 10 1 7 1 8 1 12 10 1 8 1 8 1 8 1 8 1 8 1 1 1 1 1 1 1 12 10 1 1 1 12 10 1 12 10 1 100 1 1 12 10 1 1 12 10 1 12 10 1 12 10 1 12 10 1 8 1 8 10 1 1 12 10 1 1 12 10 1 8 1 100 1 1 12 10 1 8 1 8 1 100 1 1 12 10 1 1 12 10 1 1 12 10 1 1 12 9 1 1 12 10 10 1 12 10 1 12 9 1 1 12 10 1 12 9 1 12 9 1 1 12 10 1 12 10 1 100 1 1 12 10 1 7 1 1 12 10 1 12 10 1 1 12 10 1 1 12 10 1 1 12 10 1 8 1 12 10 1 12 10 1 1 12 10 1 12 10 1 7 1 1 12 10 1 1 12 10 1 100 1 8 10 1 1 1 1 12 9 1 1 12 10 1 12 10 1 1 12 10 1 1 12 10 1 100 1 100 10 10 1 100 1 100 10 1 100 10 1 1 12 10 1 100 10 1 12 10 1 12 10 1 1 12 10 1 1 12 10 1 1 1 12 10 12 10 1 12 10 10 1 12 10 1 8 1 100 1 12 10 1 12 10 1 12 10 1 12 10 1 1 12 10 1 12 10 1 1 12 10 12 10 10 12 10 1 1 1 1 1 1 1 1 1 1 1 1 1 1 1 1 1 1
staticfield java/lang/invoke/MethodHandleNatives $assertionsDisabled Z 1
ciInstanceKlass java/lang/invoke/LambdaForm 1 1 962 1 7 1 7 1 100 1 7 1 1 100 1 1 100 1 1 7 1 1 7 1 1 7 1 1 7 1 1 7 1 7 1 1 100 1 7 1 1 100 1 100 1 1 7 1 100 1 1 1 1 1 1 1 1 1 1 1 1 1 1 1 1 1 1 1 3 1 3 1 1 1 1 1 3 1 1 1 1 1 1 1 1 1 1 1 1 1 1 1 1 1 1 1 1 1 12 9 1 12 10 1 1 1 12 10 12 9 12 9 1 1 12 10 1 100 10 7 1 100 12 9 1 1 12 10 12 9 1 1 12 10 12 9 12 9 12 9 12 9 1 1 12 10 1 12 10 1 1 1 1 1 1 1 12 10 12 10 1 1 100 1 1 12 10 1 100 1 1 12 10 1 1 7 1 12 10 1 1 12 10 1 100 1 1 12 9 1 1 12 10 1 12 9 1 1 12 10 1 12 10 1 1 12 10 1 1 12 10 1 100 1 1 12 10 1 7 10 1 1 12 10 1 8 1 12 10 1 12 10 1 1 12 10 1 1 12 10 1 1 12 10 1 12 10 1 1 12 10 1 1 12 9 1 12 9 1 12 9 1 1 12 10 12 9 1 100 1 1 12 10 1 100 1 1 1 12 10 1 12 10 1 1 12 9 1 100 1 1 12 10 1 12 10 1 12 10 1 12 10 1 12 10 1 12 10 1 1 12 10 1 12 10 12 10 1 8 1 12 10 1 12 10 1 8 1 8 1 1 12 9 12 9 12 9 1 1 1 1 12 10 1 12 10 1 12 9 1 1 12 10 1 7 1 1 12 10 1 1 12 10 1 12 10 1 12 10 1 1 12 10 100 1 12 9 1 12 10 1 8 1 8 1 8 1 8 1 8 1 8 1 8 1 8 1 1 1 1 12 10 1 1 1 12 9 1 1 1 1 7 1 100 12 10 1 12 9 12 10 1 1 12 10 12 10 1 12 10 1 1 12 10 1 1 1 1 12 10 1 1 12 10 1 1 12 10 1 12 10 10 1 1 12 10 1 1 12 10 1 1 1 12 10 12 10 1 1 8 1 1 12 10 1 12 10 1 1 12 10 10 1 1 1 1 8 12 10 1 1 8 1 1 8 1 1 12 10 12 9 12 10 1 1 12 10 1 100 1 1 12 10 12 10 1 1 12 10 1 1 12 10 1 1 12 9 1 8 1 100 1 1 12 10 1 100 1 100 1 12 10 12 10 10 1 1 12 10 12 9 8 1 1 12 10 12 10 1 12 10 1 7 1 12 9 1 1 12 9 1 8 1 100 1 12 10 1 1 12 10 10 1 1 12 10 1 1 1 8 1 8 1 8 12 10 1 12 10 1 1 12 10 1 8 1 8 1 1 12 9 1 12 10 1 1 12 10 1 8 1 8 1 8 1 100 1 8 1 100 1 8 1 100 1 8 1 12 10 1 8 9 1 7 1 1 12 10 1 12 10 1 1 12 9 1 12 10 10 1 12 10 1 12 10 1 12 10 1 1 1 1 1 12 10 1 12 10 1 1 12 10 1 1 12 10 1 1 12 10 1 8 1 12 10 1 12 10 1 1 12 9 1 12 10 1 8 1 8 1 8 1 8 1 8 1 8 1 8 1 8 1 8 1 8 1 12 10 12 10 1 12 10 12 10 1 8 1 8 1 8 1 12 10 1 8 1 12 10 1 8 1 8 1 8 1 8 1 8 1 12 10 1 12 10 1 1 12 10 1 1 1 7 1 1 12 10 1 1 12 10 1 100 1 12 10 1 12 10 1 1 1 1 12 10 1 12 10 1 12 10 1 1 1 12 10 12 9 1 8 12 10 1 1 12 9 1 1 12 10 1 12 9 1 12 9 12 9 1 100 1 7 1 1 12 9 1 7 1 7 1 1 12 10 12 9 1 12 10 1 12 10 1 8 1 12 10 12 9 1 1 12 10 1 8 1 100 1 12 10 1 12 9 1 12 9 12 10 1 12 10 1 7 1 1 12 10 1 12 10 1 12 9 1 12 10 1 12 10 1 12 10 12 9 1 12 10 10 1 1 1 1 1 1 1 1 1 1 1 1 1 1 1 1 1 1 1 12 10 9 1 12 10 1 12 9 7 1 1 12 9 100 1 1 12 10 1 12 9 1 12 10 10 9 1 1 1 1 1 1 1 1 1 1
staticfield java/lang/invoke/LambdaForm COMPILE_THRESHOLD I 0
staticfield java/lang/invoke/LambdaForm INTERNED_ARGUMENTS [[Ljava/lang/invoke/LambdaForm$Name; 5 [[Ljava/lang/invoke/LambdaForm$Name;
staticfield java/lang/invoke/LambdaForm IMPL_NAMES Ljava/lang/invoke/MemberName$Factory; java/lang/invoke/MemberName$Factory
staticfield java/lang/invoke/LambdaForm LF_identity [Ljava/lang/invoke/LambdaForm; 6 [Ljava/lang/invoke/LambdaForm;
staticfield java/lang/invoke/LambdaForm LF_zero [Ljava/lang/invoke/LambdaForm; 6 [Ljava/lang/invoke/LambdaForm;
staticfield java/lang/invoke/LambdaForm NF_identity [Ljava/lang/invoke/LambdaForm$NamedFunction; 6 [Ljava/lang/invoke/LambdaForm$NamedFunction;
staticfield java/lang/invoke/LambdaForm NF_zero [Ljava/lang/invoke/LambdaForm$NamedFunction; 6 [Ljava/lang/invoke/LambdaForm$NamedFunction;
staticfield java/lang/invoke/LambdaForm createFormsLock Ljava/lang/Object; java/lang/Object
staticfield java/lang/invoke/LambdaForm DEBUG_NAME_COUNTERS Ljava/util/HashMap; null
staticfield java/lang/invoke/LambdaForm DEBUG_NAMES Ljava/util/HashMap; null
staticfield java/lang/invoke/LambdaForm TRACE_INTERPRETER Z 0
staticfield java/lang/invoke/LambdaForm $assertionsDisabled Z 1
ciInstanceKlass java/lang/invoke/MethodType 1 1 591 1 7 1 7 1 100 1 7 1 1 100 1 1 100 1 1 1 5 0 1 1 1 1 1 1 1 1 1 1 1 1 1 1 1 1 1 3 1 3 1 3 1 1 1 1 1 1 1 1 1 1 1 1 1 1 12 10 12 9 12 9 1 12 9 1 1 1 1 1 1 1 7 1 1 12 10 1 1 7 1 12 9 1 8 1 100 1 1 12 10 1 1 7 12 10 1 7 9 1 7 9 1 7 1 1 12 10 1 100 10 1 8 1 1 12 10 1 12 10 1 1 12 10 1 1 1 100 1 8 1 12 10 1 100 10 1 12 10 1 1 1 1 12 10 1 1 1 12 10 1 7 1 1 12 11 12 9 1 1 12 11 1 1 7 1 1 12 10 1 1 1 12 10 12 9 1 12 10 12 10 12 10 1 7 1 1 12 10 1 7 1 1 12 10 1 12 10 1 1 12 9 1 1 12 10 1 100 1 12 10 1 1 1 1 12 10 1 1 12 10 1 1 1 1 12 10 12 10 1 12 10 1 1 1 12 10 12 10 1 1 12 10 1 1 1 8 1 8 1 1 12 10 1 1 12 9 1 100 10 1 1 12 10 12 10 1 12 10 1 12 10 1 12 10 12 10 1 1 12 10 1 8 1 1 1 12 10 1 7 1 1 12 10 12 10 1 1 12 10 1 12 10 1 12 10 1 1 1 12 10 1 1 12 10 1 12 10 1 12 9 1 12 10 10 1 1 1 12 10 1 12 10 12 9 1 1 12 10 1 1 1 1 12 10 1 1 12 10 1 1 1 1 1 12 10 1 12 10 1 12 10 1 100 1 8 1 8 1 8 1 12 10 1 12 10 1 12 10 10 1 1 1 1 12 11 12 11 1 1 1 100 1 1 12 10 1 12 9 1 12 10 1 1 12 10 1 12 10 1 1 12 10 1 12 10 1 12 10 1 100 1 1 12 10 1 1 12 10 1 12 10 1 12 10 1 12 10 10 1 12 9 1 7 1 12 10 1 1 1 12 10 1 12 10 1 1 1 100 1 100 1 100 1 1 12 10 1 100 1 12 10 1 1 12 10 1 12 10 1 8 1 7 1 1 12 10 1 1 12 11 1 12 9 1 1 12 10 1 1 1 12 10 1 1 1 100 1 100 1 12 10 1 12 10 12 10 1 1 1 100 1 1 12 9 1 12 9 1 100 1 1 12 10 1 12 9 1 100 1 12 10 12 10 1 100 1 1 12 10 10 1 7 1 7 12 9 1 1 1 1 1 1 1 1 1 1 1 1 1 1 1 1 1 1 1 1 1 1 1 1 1 1 1 1 1 1 1 1 1 1
staticfield java/lang/invoke/MethodType internTable Ljava/lang/invoke/MethodType$ConcurrentWeakInternSet; java/lang/invoke/MethodType$ConcurrentWeakInternSet
staticfield java/lang/invoke/MethodType NO_PTYPES [Ljava/lang/Class; 0 [Ljava/lang/Class;
staticfield java/lang/invoke/MethodType objectOnlyTypes [Ljava/lang/invoke/MethodType; 20 [Ljava/lang/invoke/MethodType;
staticfield java/lang/invoke/MethodType METHOD_HANDLE_ARRAY [Ljava/lang/Class; 1 [Ljava/lang/Class;
staticfield java/lang/invoke/MethodType serialPersistentFields [Ljava/io/ObjectStreamField; 0 [Ljava/io/ObjectStreamField;
staticfield java/lang/invoke/MethodType $assertionsDisabled Z 1
ciInstanceKlass java/lang/BootstrapMethodError 0 0 35 1 100 1 100 1 1 5 0 1 1 12 10 1 12 10 1 12 10 1 1 100 1 1 12 10 1 100 1 1 12 10 1 1 1
instanceKlass java/lang/invoke/VolatileCallSite
instanceKlass java/lang/invoke/MutableCallSite
instanceKlass java/lang/invoke/ConstantCallSite
ciInstanceKlass java/lang/invoke/CallSite 1 1 263 1 7 1 7 1 7 1 100 1 1 100 1 100 1 1 1 1 1 1 1 1 1 1 1 1 1 1 1 12 10 1 1 12 10 12 9 1 1 12 10 12 9 1 1 7 1 1 12 10 1 1 100 12 10 1 100 1 1 12 10 1 1 12 10 1 1 1 1 7 1 1 12 10 1 1 12 10 1 100 1 100 10 1 100 1 1 12 10 1 1 12 10 1 8 1 12 10 1 1 12 10 1 12 10 1 1 1 12 10 1 1 12 10 10 1 12 10 1 1 12 10 1 100 12 9 1 1 12 9 8 1 1 12 10 1 1 12 10 1 100 1 1 12 10 1 12 9 1 8 1 100 1 12 10 1 12 10 1 100 1 8 10 1 12 10 1 1 12 10 1 100 1 1 12 10 12 10 1 12 10 1 1 12 10 1 1 12 10 1 1 12 9 1 1 12 9 8 1 100 1 1 12 10 12 9 1 100 10 1 1 1 12 10 1 12 10 1 1 12 10 1 1 12 10 1 1 1 100 1 7 1 1 12 10 1 100 1 8 10 1 7 12 10 1 100 1 8 1 12 10 1 1 1 12 10 1 1 1 1 1 1 1
staticfield java/lang/invoke/CallSite $assertionsDisabled Z 1
ciInstanceKlass java/lang/invoke/MethodHandleNatives$CallSiteContext 1 1 40 1 7 1 7 1 100 1 7 1 1 100 1 7 1 1 1 12 10 1 1 10 1 7 1 1 12 10 1 1 12 10 1 1 1 12 10 1 1 1
ciInstanceKlass java/lang/invoke/ConstantCallSite 1 1 39 1 7 1 7 1 1 1 1 12 10 12 9 1 1 100 12 10 1 1 1 100 1 12 10 1 1 12 9 1 1 100 10 1 12 10 1 1 1
ciInstanceKlass java/lang/invoke/MutableCallSite 0 0 56 1 100 1 100 1 1 1 1 12 10 1 12 10 1 1 1 1 12 9 1 1 1 12 10 1 12 10 1 1 12 10 1 1 12 9 1 100 1 1 12 10 1 100 1 100 1 1 12 10 1 1 12 10 1 1
ciInstanceKlass java/lang/invoke/VolatileCallSite 0 0 30 1 100 1 100 1 1 12 10 1 12 10 1 1 1 12 10 1 1 1 12 10 1 12 10 1 1 12 10 1
ciInstanceKlass java/lang/AssertionStatusDirectives 0 0 18 1 100 1 100 1 1 1 1 1 1 1 1 1 1 12 10 1
instanceKlass java/lang/StringBuilder
instanceKlass java/lang/StringBuffer
ciInstanceKlass java/lang/AbstractStringBuilder 1 1 461 1 7 1 7 1 100 1 7 1 100 1 100 1 1 100 1 7 1 1 100 1 7 1 1 100 1 100 1 100 1 1 1 1 1 1 1 1 1 3 1 1 12 10 12 9 12 9 1 1 7 1 1 12 9 12 9 1 1 12 10 1 1 12 9 1 1 12 10 1 12 10 100 10 1 12 10 1 12 10 1 1 1 1 1 12 10 1 1 12 10 1 7 1 1 12 10 1 12 10 3 1 100 10 1 1 12 10 1 1 1 100 12 10 1 1 12 10 10 1 1 1 1 12 10 1 12 10 1 1 1 12 10 1 1 1 12 10 1 1 1 100 10 1 12 10 1 1 7 1 12 10 1 1 1 1 12 10 1 12 10 1 12 10 10 1 1 1 1 12 10 12 10 1 12 10 1 1 1 1 12 10 1 12 10 1 1 12 10 12 10 1 1 12 10 1 1 12 10 10 1 1 12 10 1 1 12 10 1 11 1 12 10 1 1 12 10 1 8 1 1 12 10 1 1 12 10 1 1 1 12 10 1 1 1 7 1 12 10 1 12 10 1 12 10 1 1 7 1 12 10 1 12 10 1 12 10 1 1 100 1 1 12 10 1 1 12 10 1 1 1 12 10 1 1 12 10 12 10 1 1 12 10 12 10 1 1 1 1 1 1 12 10 1 1 1 1 12 10 10 1 7 1 1 12 10 1 1 1 12 10 1 12 10 1 1 12 10 1 1 1 12 10 1 12 10 1 1 12 10 1 12 10 1 1 12 10 1 1 12 10 1 1 12 10 1 1 1 12 10 1 12 10 1 12 10 12 10 1 1 12 10 1 1 1 1 1 100 1 1 12 10 15 1 16 1 1 12 10 15 16 1 1 12 18 1 100 1 1 12 10 1 1 12 10 15 18 1 1 1 1 1 12 10 1 12 10 1 1 12 10 12 11 1 12 10 12 10 10 1 100 1 100 10 1 8 1 12 10 1 12 10 1 8 1 8 12 10 1 12 10 10 1 1 100 1 1 12 10 1 12 10 10 10 1 1 1 1 1 1 1
staticfield java/lang/AbstractStringBuilder EMPTYVALUE [B 0
ciInstanceKlass java/lang/StringBuffer 1 1 418 1 7 1 1 7 1 100 1 100 1 100 1 100 1 100 1 1 100 1 100 1 1 1 1 1 5 0 1 1 1 1 1 1 12 10 1 1 7 1 1 12 10 1 1 12 10 1 11 10 1 12 10 1 1 1 12 10 1 1 12 9 1 12 10 1 12 10 1 12 10 1 12 9 12 10 1 1 12 10 1 1 12 10 1 12 10 1 1 12 10 1 12 10 1 1 12 10 1 1 12 10 1 1 1 12 10 1 12 10 1 1 12 10 1 1 12 10 1 12 10 1 1 12 10 1 1 12 10 1 1 12 10 1 1 12 10 1 1 12 10 1 1 12 10 1 12 10 1 1 12 10 1 1 12 10 1 1 12 10 1 1 1 12 10 1 12 10 1 1 1 12 10 1 1 1 12 10 1 1 10 1 1 1 12 10 1 1 12 10 1 1 1 12 10 1 1 12 10 1 1 12 10 1 1 12 10 1 1 12 10 12 10 1 1 12 10 1 1 12 10 1 1 12 10 1 1 12 10 1 12 10 1 12 10 10 1 1 1 12 10 1 1 1 1 12 10 1 1 12 9 1 7 1 1 12 10 1 7 10 12 10 1 1 1 100 1 1 12 10 10 1 12 10 1 7 10 8 1 1 12 10 8 1 12 10 1 8 1 12 10 1 12 10 1 1 1 100 1 1 12 10 1 1 12 10 12 10 1 100 1 8 10 1 1 12 10 1 1 12 10 1 1 12 10 1 12 10 12 10 12 10 12 10 12 10 12 10 12 10 12 10 12 10 12 10 12 10 12 10 1 12 10 12 10 12 10 12 10 12 10 12 10 12 10 12 10 12 10 12 10 12 10 12 10 12 10 12 10 12 10 12 10 12 10 1 12 10 1 1 1 1 12 10 1 1 7 1 12 10 1 7 1 1 12 9 1 7 9 12 9 1 1 1 1 1 1 1
staticfield java/lang/StringBuffer serialPersistentFields [Ljava/io/ObjectStreamField; 3 [Ljava/io/ObjectStreamField;
ciInstanceKlass java/lang/StringBuilder 1 1 371 1 7 1 1 7 1 100 1 100 1 7 1 1 5 0 1 1 1 1 12 10 1 1 7 1 1 12 10 1 1 12 10 1 11 10 1 12 10 1 1 1 12 10 1 1 1 12 10 1 12 10 1 1 12 10 1 12 10 1 1 12 10 1 1 12 10 1 1 12 10 1 1 12 10 1 1 12 10 1 1 12 10 1 1 12 10 1 1 12 10 1 1 12 10 1 12 10 1 1 1 12 10 1 12 10 1 1 1 12 10 1 1 1 12 10 1 1 12 10 1 1 12 10 1 1 12 10 1 1 12 10 1 1 12 10 1 1 12 10 1 1 12 10 12 10 1 1 12 10 1 1 12 10 1 1 12 10 1 1 12 10 1 12 10 1 12 10 12 10 1 1 1 12 10 1 1 1 1 12 10 1 1 12 9 1 1 12 9 1 7 1 1 12 10 1 7 10 1 1 1 100 1 100 1 12 10 1 12 10 1 12 10 1 1 12 10 1 100 10 1 12 10 1 1 1 100 1 100 1 12 10 1 12 10 1 12 10 1 100 1 8 12 10 1 1 12 10 1 1 12 10 1 12 10 12 10 12 10 12 10 12 10 12 10 12 10 12 10 12 10 12 10 12 10 12 10 12 10 12 10 1 1 12 10 1 1 12 10 1 12 10 12 10 12 10 12 10 12 10 12 10 12 10 12 10 12 10 12 10 12 10 12 10 12 10 12 10 12 10 1 12 10 1 1 12 10 1 12 10 1 1 12 10 1 12 10 1 1 12 10 1 12 10 1 1 12 10 1 12 10 1 12 10 1 12 10 10 10 1 1 1 1 12 10 1 1 1 1 1 1
ciInstanceKlass jdk/internal/misc/Unsafe 1 1 1087 1 7 1 7 1 1 1 1 3 1 1 1 1 1 1 1 1 1 1 1 1 1 1 1 1 1 1 1 1 1 1 1 1 1 12 10 1 1 12 9 1 1 1 1 1 1 1 1 1 1 1 1 1 1 1 1 1 1 1 1 1 1 1 1 1 1 1 1 1 1 1 1 1 1 1 1 1 1 1 12 9 12 10 1 7 1 1 12 10 12 10 1 12 10 12 10 1 1 1 12 10 1 12 10 1 12 10 1 12 10 1 12 10 1 12 10 1 1 1 1 1 12 10 1 12 10 1 12 10 1 12 10 12 10 12 10 1 1 1 100 10 1 1 1 1 12 10 12 10 1 5 0 1 1 1 12 10 12 10 1 1 1 7 1 1 12 10 1 1 12 10 1 12 10 1 12 10 12 10 1 1 12 10 1 12 10 1 100 10 12 10 1 1 1 12 10 1 12 10 1 12 10 1 1 1 12 10 1 12 10 1 12 10 12 10 1 1 1 12 10 1 12 10 1 12 10 1 1 1 12 10 1 12 10 5 0 5 0 5 0 1 12 10 1 12 10 1 12 10 1 1 1 100 10 1 12 10 1 1 12 10 1 1 12 10 1 1 1 12 10 1 1 1 12 10 1 1 12 10 1 1 1 12 10 1 1 12 10 1 1 1 1 1 1 100 10 1 12 10 1 1 1 12 10 1 12 10 1 1 1 100 1 1 1 8 1 12 10 1 8 1 8 1 12 10 1 7 1 1 12 9 1 100 9 1 7 9 1 7 9 9 1 100 9 1 100 9 1 100 9 1 1 1 1 1 1 1 12 10 1 1 12 10 1 1 1 1 1 1 1 1 12 10 1 1 12 10 1 1 1 1 1 5 0 5 0 12 9 1 12 10 12 10 1 1 12 10 1 12 10 1 12 10 1 1 1 1 1 1 1 8 3 1 1 12 10 1 12 10 1 12 10 1 1 1 1 1 1 1 1 1 1 12 10 1 1 12 10 1 12 10 1 12 10 1 1 12 10 1 12 10 1 12 10 1 1 1 1 1 1 12 10 1 12 10 1 12 10 1 12 10 1 1 12 10 1 12 10 1 12 10 1 1 1 1 12 10 1 1 1 1 12 10 1 12 10 1 12 10 1 12 10 1 12 10 1 12 10 1 1 1 1 1 12 10 1 1 12 10 1 1 1 1 12 10 1 12 10 1 1 12 10 1 1 12 10 1 1 12 10 1 1 12 10 1 1 12 10 1 1 12 10 1 1 1 1 1 1 1 1 1 1 1 1 1 1 1 1 1 1 12 10 1 12 10 1 12 10 1 12 10 1 12 10 1 1 12 10 1 12 10 1 12 10 1 12 10 1 12 10 1 12 10 1 12 10 1 12 10 1 12 10 1 12 10 1 12 10 1 12 10 1 1 1 1 1 1 1 1 1 1 1 1 1 1 1 1 1 1 1 1 1 1 1 1 1 12 10 1 1 1 1 12 10 1 1 1 1 12 10 1 1 1 1 12 10 1 1 1 1 12 10 1 1 12 10 1 12 10 1 12 10 1 1 1 1 1 1 1 1 1 1 1 1 1 1 1 1 12 10 1 12 10 12 10 1 12 10 12 10 1 1 1 1 1 12 10 1 12 10 1 12 10 1 1 1 1 12 10 1 12 10 1 12 10 1 12 10 1 12 10 1 12 10 1 12 10 1 12 10 1 12 10 1 1 12 10 1 1 12 10 1 1 12 10 1 1 12 10 1 1 12 10 1 1 12 10 1 1 12 10 1 1 12 10 1 1 12 10 1 1 12 10 1 1 12 10 1 1 12 10 1 1 12 10 1 1 12 10 1 1 12 10 1 1 12 10 1 1 12 10 1 1 12 10 1 1 1 1 1 1 1 1 1 1 1 1 1 1 1 1 1 1 1 1 1 1 12 10 1 12 10 1 1 100 10 1 1 100 10 1 12 9 1 5 0 1 1 12 10 5 0 1 12 10 5 0 1 12 10 1 12 10 1 1 12 10 1 1 1 12 10 1 12 10 1 12 10 1 12 10 1 1 1 12 10 1 12 10 1 12 10 1 1 12 10 1 12 10 1 1 1 12 10 1 12 10 1 12 10 1 12 10 1 1 1 12 10 1 12 10 1 12 10 1 1 1 12 10 1 12 10 1 1 12 10 1 1 1 12 10 12 10 1 12 10 10 1 1 12 10 1 12 10 1 1 1 12 10 12 10 12 10 5 0 5 0 5 0 1 1 12 10 1 12 10 1 12 10 12 10 1 1 1 1 12 10 10 1 7 12 10 12 9 1 7 12 9 1 7 12 9 1 7 12 9 1 7 12 9 1 7 12 9 1 7 12 9 1 7 12 9 1 7 12 9 12 10 12 9 12 9 12 9 12 9 12 9 12 9 12 9 12 9 12 9 12 10 12 10 12 10 1 1 1 1 1 1 1 1 1 1 1 1 1 1
staticfield jdk/internal/misc/Unsafe theUnsafe Ljdk/internal/misc/Unsafe; jdk/internal/misc/Unsafe
staticfield jdk/internal/misc/Unsafe ARRAY_BOOLEAN_BASE_OFFSET I 16
staticfield jdk/internal/misc/Unsafe ARRAY_BYTE_BASE_OFFSET I 16
staticfield jdk/internal/misc/Unsafe ARRAY_SHORT_BASE_OFFSET I 16
staticfield jdk/internal/misc/Unsafe ARRAY_CHAR_BASE_OFFSET I 16
staticfield jdk/internal/misc/Unsafe ARRAY_INT_BASE_OFFSET I 16
staticfield jdk/internal/misc/Unsafe ARRAY_LONG_BASE_OFFSET I 16
staticfield jdk/internal/misc/Unsafe ARRAY_FLOAT_BASE_OFFSET I 16
staticfield jdk/internal/misc/Unsafe ARRAY_DOUBLE_BASE_OFFSET I 16
staticfield jdk/internal/misc/Unsafe ARRAY_OBJECT_BASE_OFFSET I 16
staticfield jdk/internal/misc/Unsafe ARRAY_BOOLEAN_INDEX_SCALE I 1
staticfield jdk/internal/misc/Unsafe ARRAY_BYTE_INDEX_SCALE I 1
staticfield jdk/internal/misc/Unsafe ARRAY_SHORT_INDEX_SCALE I 2
staticfield jdk/internal/misc/Unsafe ARRAY_CHAR_INDEX_SCALE I 2
staticfield jdk/internal/misc/Unsafe ARRAY_INT_INDEX_SCALE I 4
staticfield jdk/internal/misc/Unsafe ARRAY_LONG_INDEX_SCALE I 8
staticfield jdk/internal/misc/Unsafe ARRAY_FLOAT_INDEX_SCALE I 4
staticfield jdk/internal/misc/Unsafe ARRAY_DOUBLE_INDEX_SCALE I 8
staticfield jdk/internal/misc/Unsafe ARRAY_OBJECT_INDEX_SCALE I 4
staticfield jdk/internal/misc/Unsafe ADDRESS_SIZE I 8
staticfield jdk/internal/misc/Unsafe BE Z 0
staticfield jdk/internal/misc/Unsafe unalignedAccess Z 1
ciInstanceKlass jdk/internal/module/Modules 1 1 424 1 7 1 100 1 100 1 100 1 1 100 1 1 100 1 100 1 1 1 1 1 1 1 1 1 12 10 1 1 12 9 1 7 12 11 1 1 12 11 1 1 12 11 1 1 12 11 1 1 12 11 1 12 11 1 12 11 1 1 12 11 1 1 1 100 1 1 12 10 1 100 1 1 12 10 1 100 1 1 12 10 15 1 16 1 1 12 10 15 16 1 1 12 18 1 100 1 1 12 10 1 100 1 100 1 12 10 1 7 1 100 1 100 1 100 1 1 12 10 1 100 1 12 10 1 12 10 1 12 11 1 1 1 12 10 10 1 12 10 10 1 1 12 9 1 12 10 1 1 12 10 1 100 1 12 10 1 100 1 100 1 1 12 11 1 100 1 1 12 10 1 100 1 12 11 1 1 12 10 1 100 1 1 12 10 1 100 1 1 12 10 1 1 12 10 1 1 12 10 1 1 12 11 16 1 1 12 10 15 1 16 1 1 12 18 1 100 1 12 11 1 100 1 1 12 10 1 100 1 1 12 11 1 100 1 100 1 1 12 11 1 100 1 1 12 11 1 12 11 1 1 12 10 1 12 10 1 16 1 12 10 15 1 16 1 1 12 18 1 1 12 11 1 16 1 1 12 10 15 1 16 1 1 12 18 1 1 12 11 1 12 10 10 15 1 16 18 1 1 12 10 15 1 16 18 1 1 12 10 12 9 1 100 1 1 12 11 1 100 10 1 12 11 1 1 12 11 1 1 12 11 10 1 100 1 1 12 10 1 100 1 12 10 1 12 10 12 11 1 12 10 1 100 10 1 1 12 10 15 16 1 12 18 1 1 12 10 1 1 100 1 8 1 12 10 1 12 10 1 1 12 10 15 16 1 12 18 11 12 11 1 12 10 10 10 1 1 12 10 15 1 12 18 10 10 1 1 12 10 1 7 1 1 12 10 1 1 1 1 1 1 1 1
staticfield jdk/internal/module/Modules JLA Ljdk/internal/misc/JavaLangAccess; java/lang/System$2
staticfield jdk/internal/module/Modules $assertionsDisabled Z 1
instanceKlass ro/amiq/vlogdt/builders/InputStreamReaderWrapper
instanceKlass org/apache/tools/ant/util/FileUtils$2
instanceKlass java/io/ObjectInputStream
instanceKlass ro/amiq/dvt/utils/PFileInputStream
instanceKlass ro/amiq/dvt/utils/ByteBufferInputStream
instanceKlass org/apache/tools/ant/util/ReaderInputStream
instanceKlass com/sun/org/apache/xerces/internal/impl/XMLEntityManager$RewindableInputStream
instanceKlass sun/nio/ch/ChannelInputStream
instanceKlass java/util/jar/JarVerifier$VerifierStream
instanceKlass java/util/zip/ZipFile$ZipFileInputStream
instanceKlass java/io/FilterInputStream
instanceKlass java/io/FileInputStream
instanceKlass java/io/ByteArrayInputStream
ciInstanceKlass java/io/InputStream 1 1 137 1 7 1 7 1 100 1 100 1 1 3 1 3 1 3 1 1 12 10 1 1 10 1 1 1 100 1 1 12 10 1 7 1 1 12 10 12 10 1 1 3 1 1 12 10 1 100 1 8 1 12 10 1 7 1 7 1 7 1 1 12 10 1 100 1 8 10 1 7 10 1 1 12 11 1 100 1 1 12 10 1 1 12 11 1 7 1 1 12 11 1 1 12 11 1 7 1 1 12 10 1 1 5 0 1 12 10 1 1 1 1 1 1 8 10 1 1 1 1 8 1 1 12 10 1 100 1 1 12 10 1 1 1 1 1 1
instanceKlass sun/security/util/DerInputBuffer
ciInstanceKlass java/io/ByteArrayInputStream 1 1 77 1 7 1 7 1 1 1 1 1 1 1 1 1 12 10 12 9 12 9 12 9 12 9 1 1 7 1 1 12 10 1 1 1 1 7 1 1 12 10 1 7 1 1 12 10 1 1 1 100 1 1 12 10 1 12 10 1 1 1 100 1 100 1 12 10 1 1 1 1 1 1 1 1 1 1 1
ciInstanceKlass java/net/URL 1 1 673 1 7 1 7 1 100 1 7 1 1 7 1 100 1 100 1 100 1 100 1 1 100 1 100 1 1 1 1 8 1 1 5 0 1 1 8 1 1 1 1 1 1 1 1 1 1 1 1 1 1 1 1 1 1 1 1 1 1 1 1 1 1 1 1 1 1 1 1 1 100 1 12 10 1 12 10 1 12 10 12 9 12 9 1 100 1 1 12 10 1 1 12 10 1 7 1 7 1 1 12 10 12 9 1 1 12 10 1 8 1 1 12 10 1 100 10 1 1 12 10 1 8 1 1 12 10 12 9 1 8 1 12 10 1 12 10 1 8 12 9 1 1 12 10 12 9 1 12 10 1 12 10 12 9 12 9 1 8 12 9 1 1 12 10 1 8 12 9 1 1 12 10 1 7 1 1 12 10 1 8 1 12 10 1 7 1 12 10 1 12 10 1 12 10 1 100 1 1 12 10 1 1 12 10 1 8 1 1 12 10 1 12 10 1 8 12 9 1 8 1 12 10 1 1 12 10 1 12 10 1 1 12 10 1 1 1 7 1 1 12 10 1 100 1 8 10 1 12 10 1 8 1 1 12 10 1 12 10 1 12 10 1 12 10 1 12 10 1 12 10 1 8 1 12 10 10 1 7 1 1 12 10 1 12 10 1 100 1 1 12 9 1 100 1 1 12 10 1 1 12 9 1 100 1 1 1 1 100 1 100 1 12 10 1 100 1 1 12 10 1 1 1 1 1 12 10 1 1 1 1 12 10 1 12 10 1 1 12 10 1 12 10 12 10 1 1 1 100 10 10 1 12 10 1 12 10 1 1 1 100 1 12 10 1 1 8 1 1 12 9 1 100 1 1 12 10 1 1 12 10 1 1 12 9 1 1 12 10 1 100 1 12 10 1 12 10 10 1 1 12 10 1 12 10 12 10 1 12 10 1 1 12 10 1 7 1 12 10 1 1 12 10 1 12 10 1 1 12 9 12 9 1 100 1 8 10 1 12 10 12 9 1 7 1 12 10 1 7 1 1 100 1 7 1 12 10 1 8 1 1 12 10 1 100 1 12 10 1 8 1 8 1 7 1 1 12 10 1 100 1 1 12 10 1 12 10 1 12 10 1 1 10 1 12 9 1 7 1 12 10 1 8 1 12 10 10 1 100 1 1 12 10 8 1 100 1 1 12 9 1 12 10 1 1 12 10 1 12 10 12 10 1 7 1 12 10 1 12 11 12 10 12 10 12 9 1 1 12 10 1 1 1 100 1 12 10 1 1 1 1 12 10 8 1 12 10 10 8 8 1 12 10 8 8 8 1 100 1 12 10 12 9 1 1 100 12 10 1 1 12 10 1 12 10 12 10 1 1 12 10 1 1 12 10 10 10 12 10 12 10 12 10 1 12 10 1 100 1 12 10 10 1 12 10 1 8 10 10 1 1 12 10 1 12 10 1 1 12 10 1 10 10 10 1 7 1 12 10 1 7 1 1 12 9 12 9 10 1 7 1 1 12 10 1 1 1 1 1 1 1 1 1
staticfield java/net/URL defaultFactory Ljava/net/URLStreamHandlerFactory; java/net/URL$DefaultFactory
staticfield java/net/URL streamHandlerLock Ljava/lang/Object; java/lang/Object
staticfield java/net/URL serialPersistentFields [Ljava/io/ObjectStreamField; 7 [Ljava/io/ObjectStreamField;
ciInstanceKlass java/util/jar/Manifest 1 1 258 1 7 1 7 1 100 1 7 1 1 100 1 7 1 1 1 1 1 1 1 1 1 1 12 10 1 7 10 12 9 1 7 10 12 9 12 9 1 1 100 1 12 10 1 12 10 1 1 1 12 10 1 1 12 10 1 1 12 10 11 1 1 1 1 12 11 1 12 10 1 100 1 1 12 10 1 100 1 100 10 1 8 1 1 12 10 1 1 12 10 1 12 10 1 12 10 11 1 1 1 100 12 10 1 1 12 10 1 1 12 11 1 100 1 1 12 11 1 100 1 1 12 11 1 1 12 11 1 100 1 8 10 1 12 11 1 7 1 7 1 1 12 9 1 1 12 10 1 12 10 1 12 10 1 1 12 10 1 8 10 1 12 10 1 12 11 12 10 1 100 1 12 10 1 1 12 10 1 8 1 1 12 10 12 10 1 12 10 1 100 1 100 1 1 12 10 1 8 10 1 1 12 10 1 8 1 1 12 10 1 7 1 1 12 10 1 12 10 1 12 10 1 1 12 11 1 12 10 1 7 1 1 12 10 1 1 12 10 1 1 12 10 11 1 12 10 11 1 12 10 1 1 1 1 1 1 1
ciInstanceKlass jdk/internal/loader/ClassLoaders 1 1 128 1 7 1 100 1 7 1 1 7 1 1 7 1 1 1 1 1 1 1 1 1 1 1 12 10 1 1 12 9 1 1 12 9 1 12 9 1 1 1 1 100 1 100 1 7 1 100 1 1 12 11 1 100 1 1 12 11 1 1 12 11 1 100 1 1 12 10 1 100 1 1 12 10 1 100 1 1 7 1 1 12 10 12 9 1 8 1 7 1 1 12 10 1 1 12 10 1 7 1 12 10 1 12 10 1 12 10 1 8 1 7 1 12 10 1 8 1 8 1 12 10 1 1 1 1 1 1
staticfield jdk/internal/loader/ClassLoaders JLA Ljdk/internal/misc/JavaLangAccess; java/lang/System$2
staticfield jdk/internal/loader/ClassLoaders BOOT_LOADER Ljdk/internal/loader/ClassLoaders$BootClassLoader; jdk/internal/loader/ClassLoaders$BootClassLoader
staticfield jdk/internal/loader/ClassLoaders PLATFORM_LOADER Ljdk/internal/loader/ClassLoaders$PlatformClassLoader; jdk/internal/loader/ClassLoaders$PlatformClassLoader
staticfield jdk/internal/loader/ClassLoaders APP_LOADER Ljdk/internal/loader/ClassLoaders$AppClassLoader; jdk/internal/loader/ClassLoaders$AppClassLoader
instanceKlass jdk/internal/loader/ClassLoaders$BootClassLoader
instanceKlass jdk/internal/loader/ClassLoaders$PlatformClassLoader
instanceKlass jdk/internal/loader/ClassLoaders$AppClassLoader
ciInstanceKlass jdk/internal/loader/BuiltinClassLoader 1 1 636 1 7 1 7 1 100 1 1 7 1 1 7 1 100 1 100 1 7 1 7 1 100 1 7 1 1 7 1 100 1 1 7 1 7 1 1 100 1 100 1 1 1 1 1 1 1 1 1 1 1 1 1 1 1 1 1 1 1 1 7 1 1 12 10 1 7 1 7 1 7 1 12 10 12 9 12 9 1 7 1 12 10 12 9 12 9 1 1 1 1 1 7 1 1 12 10 1 1 12 10 1 7 1 1 12 11 1 100 1 100 10 1 1 12 10 1 8 1 12 10 1 12 10 1 12 10 1 1 12 10 1 7 1 1 12 11 1 7 1 12 11 1 1 12 11 12 9 1 8 1 8 1 1 12 10 1 7 1 12 10 12 9 1 1 1 1 12 11 1 1 1 100 1 12 10 1 100 1 1 12 10 1 1 12 10 1 1 1 7 1 1 12 10 12 10 1 1 12 10 1 7 1 1 12 10 1 7 1 1 12 11 1 7 1 12 10 1 7 1 1 12 10 1 12 10 10 1 8 1 1 12 10 10 1 8 1 1 12 10 1 1 12 10 1 7 1 12 11 1 12 11 1 1 1 7 10 1 1 12 11 11 1 12 10 1 12 10 1 100 1 7 12 10 1 12 10 1 12 10 1 7 1 1 12 10 1 1 12 10 1 100 1 100 1 12 11 1 100 1 12 10 1 1 12 10 1 100 1 12 10 1 12 10 1 100 1 1 12 10 15 16 1 12 10 15 16 1 1 12 18 1 12 10 1 12 10 1 12 10 15 1 16 18 1 100 1 7 1 12 10 1 1 1 7 10 1 1 12 10 1 1 12 10 1 7 1 12 10 1 1 12 10 12 9 1 100 10 1 1 1 12 10 1 1 12 10 1 12 10 1 100 12 10 1 1 12 10 1 100 1 1 12 10 1 1 12 10 1 12 10 1 1 12 10 1 12 10 15 1 16 1 12 18 1 1 12 10 1 12 10 1 1 12 10 1 12 10 1 7 1 12 10 1 12 10 1 1 12 10 1 12 10 1 7 1 12 11 1 12 10 1 7 1 100 1 12 10 1 12 10 1 1 12 11 1 1 12 10 1 1 12 10 1 1 12 10 1 1 12 10 1 12 10 1 12 10 1 12 10 1 7 1 12 10 1 8 1 1 12 10 1 12 10 1 12 10 1 100 1 8 1 8 10 1 12 10 1 8 1 8 1 7 1 1 12 10 1 7 1 1 12 11 1 1 12 9 1 1 12 10 1 12 9 1 12 9 1 12 9 1 12 9 1 12 9 1 12 9 1 7 1 1 12 10 1 8 1 12 10 1 1 1 7 12 10 1 12 10 10 1 1 12 11 12 10 1 12 10 1 12 10 1 12 10 1 12 10 10 1 1 12 10 1 12 10 1 8 1 12 10 1 1 1 1 1 1 1 1 1 1 1 1 1 1 1
staticfield jdk/internal/loader/BuiltinClassLoader packageToModule Ljava/util/Map; java/util/concurrent/ConcurrentHashMap
staticfield jdk/internal/loader/BuiltinClassLoader $assertionsDisabled Z 1
ciInstanceKlass jdk/internal/loader/ClassLoaders$AppClassLoader 1 1 106 1 7 1 7 1 100 1 100 1 1 1 1 1 1 1 8 1 12 10 12 9 1 1 1 100 1 7 1 1 12 10 1 100 1 1 12 10 1 1 12 10 1 100 1 1 12 10 12 10 1 1 12 10 1 7 1 8 12 10 1 7 1 1 12 10 1 1 100 1 12 10 1 1 1 1 12 9 1 100 1 12 11 1 1 12 10 1 1 1 7 1 1 12 10 1 100 12 10 1 1 1 1 1 1 1
ciInstanceKlass jdk/internal/loader/ClassLoaders$PlatformClassLoader 1 1 45 1 100 1 7 1 100 1 100 1 1 1 1 1 8 1 12 10 1 1 1 1 12 9 1 100 1 12 11 1 1 1 7 1 1 12 10 1 100 12 10 1 1 1 1
ciInstanceKlass java/security/CodeSource 1 1 332 1 7 1 7 1 100 1 1 5 0 1 1 1 1 1 1 1 1 1 1 1 1 1 1 1 12 10 12 9 12 9 12 9 12 9 1 7 1 1 12 10 12 9 1 100 7 1 1 12 10 1 7 10 1 1 12 10 1 1 12 10 1 1 12 10 1 1 1 1 1 1 1 7 10 1 7 1 1 12 10 1 7 1 12 10 1 1 12 10 1 12 10 1 7 1 1 12 10 1 1 1 1 12 10 1 1 1 12 10 10 10 1 12 10 1 100 1 1 12 10 1 12 10 1 12 10 1 12 10 1 8 1 12 10 1 12 10 1 1 12 10 1 12 10 1 8 1 1 12 10 10 1 100 10 1 1 12 10 1 8 1 12 10 1 12 10 1 12 10 1 8 1 8 12 9 1 100 1 8 1 12 10 1 12 10 1 8 1 12 10 1 8 1 8 1 8 1 1 1 100 1 100 1 100 1 12 10 1 1 12 10 1 12 10 1 1 12 10 1 1 12 10 1 1 12 10 1 12 10 12 10 1 12 10 1 1 1 100 1 100 1 100 1 12 10 1 12 10 1 100 12 10 1 100 10 1 8 1 12 10 1 12 10 1 1 12 10 1 100 1 1 12 10 1 8 1 8 10 1 1 12 10 1 100 1 1 12 10 1 100 12 10 1 1 12 10 1 12 11 1 100 10 1 12 10 11 12 10 1 8 1 100 1 12 10 1 1 12 10 1 12 10 1 1 12 11 11 1 1 1 1
ciInstanceKlass java/lang/StackTraceElement 1 1 198 1 7 1 7 1 100 1 7 1 1 1 1 1 1 1 1 1 1 1 1 1 1 1 1 3 1 3 1 1 5 0 1 1 1 12 10 1 12 10 12 9 12 9 12 9 12 9 1 8 1 100 1 1 12 10 1 7 12 9 1 8 12 9 12 9 12 9 1 1 1 1 1 1 1 1 1 1 1 1 1 8 1 12 10 1 12 10 1 7 10 1 1 12 10 1 8 12 10 1 12 10 1 8 1 8 1 8 12 10 1 8 1 8 1 12 10 1 8 1 8 1 1 1 12 10 12 10 1 12 10 1 12 10 1 12 9 1 7 1 1 12 10 1 1 12 10 1 7 1 100 1 7 1 1 12 10 1 100 1 7 1 12 10 1 7 1 1 12 10 1 12 10 1 12 10 1 1 1 100 10 1 1 12 10 12 10 1 1 1 12 10 1 1 1 1 1 1
instanceKlass java/nio/CharBuffer
instanceKlass java/nio/IntBuffer
instanceKlass java/nio/LongBuffer
instanceKlass java/nio/ByteBuffer
ciInstanceKlass java/nio/Buffer 1 1 172 1 7 1 7 1 7 1 1 1 1 3 1 1 1 1 1 1 1 1 1 1 1 12 10 12 9 12 9 1 1 12 10 12 9 1 12 10 12 10 1 100 1 100 10 1 8 1 1 12 10 1 12 10 1 8 1 8 1 1 12 10 1 12 10 1 1 1 8 12 9 1 100 1 8 1 12 10 1 8 1 8 1 12 9 1 12 10 1 8 1 100 1 8 1 8 1 12 10 1 8 1 8 1 8 1 1 1 100 10 1 1 1 1 1 1 1 1 1 1 1 1 1 1 1 1 1 100 10 1 1 1 100 10 1 1 1 100 10 1 1 1 1 1 1 1 1 7 1 12 10 1 7 1 1 12 10 12 9 10 1 7 1 1 12 10 1 1 1 1 1 1
staticfield java/nio/Buffer UNSAFE Ljdk/internal/misc/Unsafe; jdk/internal/misc/Unsafe
staticfield java/nio/Buffer $assertionsDisabled Z 1
ciInstanceKlass java/lang/StackWalker 0 0 217 1 100 1 100 1 100 1 1 100 1 1 100 1 1 100 1 100 1 1 100 1 1 100 1 100 1 1 1 1 1 1 1 1 1 1 1 1 1 1 1 1 1 12 9 1 1 100 1 1 12 10 1 100 1 1 12 10 1 12 10 1 100 1 1 12 11 1 1 12 10 1 1 12 10 1 1 12 10 1 1 100 1 8 1 12 10 1 12 10 1 12 10 1 12 10 12 9 12 9 12 9 1 1 12 9 1 1 12 10 12 9 1 100 1 1 12 10 1 1 12 11 1 100 1 8 10 1 100 1 12 10 12 9 1 1 12 10 1 1 1 1 1 12 10 1 12 10 1 1 1 100 1 1 12 10 15 16 1 1 12 10 15 1 16 1 1 12 18 1 1 1 100 1 8 10 1 1 12 10 1 12 10 1 1 1 1 1 12 9 1 100 12 11 1 1 1 12 10 1 1 1 1 1 1 1 1 1 1 1 1 1 1 1 1 1 1
ciInstanceKlass java/lang/StackStreamFactory$AbstractStackWalker 1 0 286 1 100 1 1 100 1 100 1 100 1 1 1 100 1 1 100 1 100 1 1 100 1 1 1 1 1 1 1 1 1 1 1 1 1 1 1 3 1 12 10 1 12 10 1 100 1 1 12 10 12 9 1 1 12 10 12 9 12 9 12 9 12 9 1 1 12 9 1 1 12 10 1 1 12 10 1 1 1 1 1 1 1 12 9 1 12 10 12 10 1 1 12 9 1 100 1 1 12 9 1 100 10 1 8 1 1 12 10 1 12 10 1 8 1 1 12 10 1 100 1 1 12 10 1 1 1 100 1 8 1 12 10 1 8 12 10 1 1 12 9 1 12 10 12 9 1 8 5 0 1 8 1 8 1 1 1 1 12 9 12 10 1 12 10 12 10 1 100 1 1 12 9 1 1 1 12 10 1 12 10 1 12 10 1 12 10 12 10 1 1 12 10 1 8 1 12 10 1 12 10 1 100 1 12 10 1 1 1 1 12 10 1 8 1 100 1 1 12 10 1 1 12 10 1 1 12 10 12 10 12 10 1 100 1 1 12 10 1 12 9 1 8 1 12 10 1 12 10 1 1 12 10 12 10 12 10 1 12 10 1 1 12 10 1 1 12 10 1 1 12 10 1 12 10 1 8 1 1 1 1 1 1 1 1 1
instanceKlass java/lang/LiveStackFrameInfo
ciInstanceKlass java/lang/StackFrameInfo 0 0 123 1 100 1 100 1 100 1 100 1 1 1 1 1 1 1 1 1 1 1 1 1 1 12 10 12 9 9 12 9 1 100 1 1 12 11 12 9 1 1 1 1 12 11 1 1 12 10 1 100 1 12 10 1 12 10 1 1 12 11 1 1 1 12 11 1 1 12 11 1 1 1 1 12 10 12 9 1 1 1 12 10 1 100 12 10 1 12 10 1 1 12 11 1 12 10 12 9 1 1 12 10 1 100 1 100 1 8 1 12 10 1 1 100 1 1 12 10 1 1 1 1 1
ciInstanceKlass java/lang/LiveStackFrameInfo 0 0 85 1 100 1 100 1 100 1 100 1 1 100 1 1 100 1 1 1 1 1 3 1 3 1 1 1 1 1 1 12 10 12 9 12 9 12 9 12 9 12 9 1 1 1 1 1 1 1 100 12 10 1 12 10 1 8 1 1 12 10 1 8 1 8 1 8 10 1 1 1 12 10 1 1 12 10 1 1 1 100 1 1 1 1 1
instanceKlass java/util/concurrent/locks/AbstractQueuedSynchronizer
ciInstanceKlass java/util/concurrent/locks/AbstractOwnableSynchronizer 1 1 25 1 7 1 7 1 100 1 1 5 0 1 1 1 1 12 10 1 1 12 9 1 1 1 1
ciInstanceKlass java/lang/Boolean 1 1 113 1 7 1 1 7 1 100 1 100 1 1 1 1 1 1 1 1 1 1 5 0 1 1 1 1 1 1 12 10 12 9 1 1 1 12 10 12 10 1 8 1 7 1 12 10 1 1 1 1 1 12 9 12 9 1 1 1 1 8 1 1 1 1 12 10 1 1 12 10 1 1 100 1 100 1 7 1 1 12 10 1 100 1 1 1 1 12 10 1 1 1 1 1 12 10 1 1 8 1 7 1 1 12 10 12 9 1 1 1 1 1 1
staticfield java/lang/Boolean TRUE Ljava/lang/Boolean; java/lang/Boolean
staticfield java/lang/Boolean FALSE Ljava/lang/Boolean; java/lang/Boolean
staticfield java/lang/Boolean TYPE Ljava/lang/Class; java/lang/Class
ciInstanceKlass java/lang/Character 1 1 505 1 7 1 1 7 1 100 1 100 1 7 1 1 100 1 1 100 1 1 100 1 1 1 3 1 3 1 1 3 1 3 1 1 1 1 1 1 3 1 1 3 1 3 1 3 1 3 1 3 1 3 1 3 1 3 1 3 1 3 1 3 1 3 1 3 1 3 1 3 1 3 1 3 1 3 1 3 1 3 1 3 1 3 1 3 1 3 1 3 1 3 1 3 1 3 1 1 1 1 1 1 1 1 1 1 1 1 1 1 1 1 1 1 1 3 1 1 1 1 1 1 3 1 3 1 3 1 3 1 1 1 3 1 1 3 1 1 1 5 0 1 1 1 1 1 1 1 1 1 1 12 10 12 9 1 1 1 1 1 12 9 12 10 1 1 1 1 1 12 10 1 1 12 10 1 1 1 7 1 12 10 1 1 12 10 1 1 1 1 3 1 1 1 3 1 1 1 12 10 12 10 1 1 1 1 3 1 1 1 7 1 1 12 11 1 12 11 12 10 1 1 1 12 10 1 100 10 1 1 12 10 1 3 1 1 1 12 10 12 10 1 1 12 10 1 100 1 8 1 100 1 12 10 1 1 12 10 1 12 10 1 12 10 12 10 1 1 1 12 10 1 1 1 12 10 1 12 10 1 7 1 1 12 10 10 1 12 10 1 12 10 10 1 12 10 1 12 10 1 12 10 1 12 10 10 1 12 10 1 12 10 1 12 10 1 1 1 12 10 1 1 12 10 1 1 12 10 1 12 10 12 10 10 12 10 10 1 12 10 10 1 12 10 10 1 12 10 10 1 1 12 10 10 1 12 10 10 1 12 10 10 1 1 1 12 10 10 1 12 10 10 1 5 0 1 12 10 1 12 10 10 1 12 10 10 1 1 1 1 1 12 10 10 1 12 10 10 1 1 1 12 10 1 12 9 1 100 10 12 10 1 12 10 1 3 1 1 100 1 1 12 10 12 10 1 12 10 1 100 10 12 10 1 1 12 10 1 1 12 10 1 8 1 12 10 1 100 1 1 12 9 1 12 10 10 1 1 1 100 1 12 10 1 12 10 1 12 10 10 1 1 12 10 10 12 10 1 8 1 12 10 1 1 7 1 1 12 10 1 8 1 1 12 10 12 9 1 1 1 1 1 1 1 1
staticfield java/lang/Character TYPE Ljava/lang/Class; java/lang/Class
staticfield java/lang/Character $assertionsDisabled Z 1
instanceKlass com/google/gson/internal/LazilyParsedNumber
instanceKlass java/math/BigDecimal
instanceKlass java/util/concurrent/atomic/Striped64
instanceKlass java/math/BigInteger
instanceKlass java/util/concurrent/atomic/AtomicLong
instanceKlass java/util/concurrent/atomic/AtomicInteger
instanceKlass java/lang/Long
instanceKlass java/lang/Integer
instanceKlass java/lang/Short
instanceKlass java/lang/Byte
instanceKlass java/lang/Double
instanceKlass java/lang/Float
ciInstanceKlass java/lang/Number 1 1 31 1 100 1 7 1 100 1 1 5 0 1 1 12 10 1 1 1 1 1 1 1 1 1 1 12 10 1 1 1 1
ciInstanceKlass java/lang/Float 1 1 170 1 7 1 1 7 1 100 1 1 4 1 4 1 4 1 4 1 4 1 4 1 1 3 1 3 1 3 1 3 1 1 1 1 1 1 5 0 1 1 1 100 1 12 10 1 1 100 1 1 12 10 1 1 12 10 1 100 1 12 10 1 8 1 8 1 100 1 1 12 10 1 1 1 100 1 1 12 10 1 1 12 10 1 1 10 1 1 1 1 1 1 1 1 12 10 12 9 1 1 1 12 10 12 10 1 12 10 1 1 1 1 1 1 1 1 1 1 1 1 1 1 12 10 1 12 10 1 1 1 12 10 3 1 1 1 1 1 1 12 10 1 1 1 12 10 1 12 10 1 12 10 1 1 8 1 7 1 1 12 10 12 9 1 1 1 1 1 1 1
staticfield java/lang/Float TYPE Ljava/lang/Class; java/lang/Class
ciInstanceKlass java/lang/Double 1 1 224 1 7 1 1 7 1 100 1 1 6 0 1 6 0 1 6 0 1 6 0 1 6 0 1 6 0 1 1 3 1 3 1 3 1 3 1 1 1 1 1 1 5 0 1 1 1 7 1 12 10 1 1 1 12 10 12 10 1 100 1 1 12 10 1 100 1 1 12 10 6 0 1 8 1 1 12 10 1 8 1 1 12 10 1 8 1 1 12 10 5 0 5 0 1 8 1 8 1 100 1 100 1 12 10 1 1 12 10 1 8 1 1 12 10 1 8 1 8 1 8 1 1 12 10 1 12 10 1 1 12 10 1 12 10 1 12 10 1 1 1 100 1 1 12 10 1 12 10 1 1 10 1 1 1 1 1 1 12 10 12 9 1 1 12 10 12 10 1 1 1 1 1 1 1 1 1 1 1 1 1 12 10 1 12 10 5 0 1 1 1 1 1 1 12 10 1 1 12 10 1 12 10 1 12 10 1 1 8 1 7 1 1 12 10 12 9 1 1 1 1 1 1 1
staticfield java/lang/Double TYPE Ljava/lang/Class; java/lang/Class
ciInstanceKlass java/lang/Byte 1 1 160 1 7 1 1 7 1 100 1 7 1 1 1 3 1 3 1 1 1 1 1 1 3 1 3 1 1 5 0 1 1 1 100 1 12 10 1 1 1 1 1 12 9 1 1 1 100 1 1 12 10 1 100 1 1 12 10 1 8 1 1 12 10 1 8 1 12 10 1 12 10 1 12 10 1 12 10 1 12 10 1 12 10 1 1 12 10 1 1 12 10 1 8 1 8 1 1 1 1 10 12 9 1 1 1 1 1 1 1 1 1 1 1 12 10 1 1 12 10 1 1 12 10 1 1 1 1 12 10 1 1 12 10 1 1 5 0 1 12 10 1 1 8 1 7 1 1 12 10 12 9 1 1 1 1 1 1 1 1 1
staticfield java/lang/Byte TYPE Ljava/lang/Class; java/lang/Class
ciInstanceKlass java/lang/Short 1 1 166 1 7 1 1 100 1 100 1 100 1 1 1 3 1 3 1 1 1 1 1 1 3 1 3 1 1 5 0 1 1 1 100 1 12 10 1 1 1 100 1 1 12 10 1 100 1 1 12 10 1 8 1 1 12 10 1 8 1 12 10 1 12 10 1 12 10 1 12 10 1 1 1 12 10 1 12 10 1 1 1 12 9 1 12 10 1 1 12 10 1 1 12 10 1 8 1 8 1 1 1 10 12 9 1 1 1 1 1 1 1 1 1 1 1 12 10 1 1 12 10 1 1 12 10 1 1 1 1 12 10 1 1 12 10 1 1 3 3 1 1 5 0 1 12 10 1 1 8 1 7 1 1 12 10 12 9 1 1 1 1 1 1 1 1 1
staticfield java/lang/Short TYPE Ljava/lang/Class; java/lang/Class
ciInstanceKlass java/lang/Integer 1 1 363 1 7 1 1 7 1 100 1 7 1 1 1 3 1 3 1 1 1 1 1 1 1 1 1 1 1 1 3 1 3 1 1 5 0 1 1 1 12 10 1 7 1 1 12 9 100 12 9 1 100 1 1 12 10 1 12 10 1 100 1 1 12 10 10 1 1 1 12 10 1 100 1 12 10 1 1 12 10 1 1 1 1 12 10 1 7 1 1 12 10 1 1 12 10 1 1 12 10 1 12 10 1 1 1 12 10 1 1 12 10 10 1 12 10 12 9 12 9 1 1 1 7 1 8 1 12 10 1 100 1 12 10 1 8 1 1 12 10 1 12 10 1 8 1 12 10 1 8 1 1 12 10 3 1 1 12 10 1 1 12 10 1 7 1 1 12 10 1 1 7 1 1 12 10 1 7 11 1 100 10 11 1 1 12 10 1 8 1 12 10 1 1 8 1 100 1 1 12 10 1 1 12 10 5 0 1 8 12 10 1 12 10 12 10 1 1 1 12 10 1 1 12 9 1 1 12 9 1 12 10 1 1 1 10 12 9 1 1 1 1 1 1 1 1 1 1 1 1 12 10 1 1 12 10 1 1 12 10 1 100 1 100 1 100 1 1 12 10 1 100 1 12 10 1 1 12 10 1 8 1 8 1 1 12 10 1 8 1 8 1 8 1 8 1 8 1 8 1 12 10 12 10 1 1 1 12 10 1 5 0 1 1 1 1 3 1 1 3 3 3 1 1 1 1 12 10 1 3 1 1 12 10 1 12 10 1 1 8 1 7 1 1 12 10 12 9 3 3 3 3 3 12 9 1 1 1 1 1 1 1 1 1
staticfield java/lang/Integer TYPE Ljava/lang/Class; java/lang/Class
staticfield java/lang/Integer digits [C 36
staticfield java/lang/Integer DigitTens [B 100
staticfield java/lang/Integer DigitOnes [B 100
staticfield java/lang/Integer sizeTable [I 10
ciInstanceKlass java/lang/Long 1 1 417 1 7 1 1 7 1 100 1 7 1 1 1 5 0 1 5 0 1 1 1 1 1 1 3 1 3 1 5 0 1 1 1 12 10 1 7 1 1 12 9 1 100 1 7 1 1 12 9 1 100 1 1 12 10 1 12 10 1 100 1 1 12 10 10 1 12 10 1 12 10 1 12 10 1 12 10 5 0 5 0 1 7 1 1 12 10 1 1 12 10 1 12 10 1 12 10 1 12 10 1 1 12 10 1 100 1 12 10 1 12 10 1 1 12 10 1 1 12 10 1 1 12 10 1 1 12 10 1 7 1 1 12 10 1 1 12 10 1 12 10 1 12 10 1 1 1 12 10 1 1 12 10 10 12 10 5 0 5 0 1 12 9 1 12 9 5 0 1 1 1 7 1 8 1 12 10 1 8 1 12 10 1 8 1 8 1 1 12 10 5 0 1 1 12 10 1 1 12 10 1 7 1 1 12 10 1 1 100 1 1 12 10 1 100 11 1 100 10 11 1 1 12 10 1 8 1 12 10 1 1 8 1 100 1 1 12 10 12 10 1 8 1 8 1 1 12 11 1 12 10 12 10 1 1 12 10 1 1 5 0 5 0 1 1 12 9 1 12 10 1 1 1 12 10 1 8 1 8 1 1 12 10 1 8 1 8 1 8 1 8 1 8 1 8 1 12 10 12 10 1 1 12 10 1 1 1 10 12 9 1 1 1 1 1 1 1 1 1 1 12 10 1 1 1 1 12 10 1 1 100 1 100 1 100 1 1 12 10 1 100 12 10 1 1 1 1 12 10 1 1 1 12 10 1 12 10 10 1 1 12 10 1 1 1 1 12 10 1 1 5 0 5 0 5 0 1 1 1 1 1 12 10 1 5 0 5 0 1 12 10 1 12 10 1 12 10 1 1 8 1 7 1 1 12 10 12 9 1 1 1 1 1 1 1 1 1
staticfield java/lang/Long TYPE Ljava/lang/Class; java/lang/Class
ciInstanceKlass java/util/Iterator 1 1 42 1 7 1 1 100 1 1 1 1 1 1 1 100 8 1 1 12 10 1 1 1 7 1 1 12 10 12 11 12 11 1 7 1 1 12 11 1 1 1 1 1
ciInstanceKlass java/lang/NullPointerException 1 1 18 1 100 1 7 1 1 5 0 1 1 12 10 1 12 10 1 1
ciInstanceKlass java/lang/ArithmeticException 1 1 18 1 100 1 100 1 1 5 0 1 1 12 10 1 12 10 1 1
ciInstanceKlass java/lang/Math 1 1 325 1 7 1 100 1 100 1 1 1 6 0 1 6 0 1 6 0 1 6 0 1 1 1 1 1 1 1 1 1 12 10 1 1 1 1 7 12 10 1 12 10 1 12 10 1 12 10 1 12 10 1 12 10 1 1 1 12 10 1 12 10 1 12 10 1 12 10 1 12 10 1 1 12 10 1 12 10 1 12 10 1 12 10 1 12 10 1 12 10 1 1 1 7 1 12 10 3 3 3 1 1 7 1 12 10 5 0 5 0 5 0 5 0 5 0 1 1 1 1 12 9 1 100 1 12 10 1 1 1 100 1 8 1 12 10 1 1 8 1 1 1 12 10 1 1 12 10 5 0 5 0 1 1 3 5 0 1 3 1 1 1 1 1 1 5 0 1 12 10 1 12 10 1 12 10 1 1 1 12 9 12 9 1 1 1 1 1 12 10 6 0 1 12 10 12 9 1 100 10 1 12 10 1 100 1 12 10 1 1 12 10 1 12 10 1 12 10 1 1 12 10 1 1 12 10 12 10 1 1 1 12 10 12 10 6 0 1 1 12 10 1 1 12 10 12 10 12 10 4 1 1 12 10 1 12 10 1 1 12 10 12 10 12 10 1 12 10 1 12 10 1 12 10 1 12 10 1 12 10 1 12 10 5 0 1 6 0 1 4 1 6 0 4 1 6 0 4 1 1 12 10 12 9 12 10 12 9 1 1 1 7 1 1 12 10 4 6 0 1 1 1 1 1 1
staticfield java/lang/Math negativeZeroFloatBits J -2147483648
staticfield java/lang/Math negativeZeroDoubleBits J -9223372036854775808
staticfield java/lang/Math $assertionsDisabled Z 1
instanceKlass java/lang/CharacterData00
instanceKlass java/lang/CharacterDataLatin1
ciInstanceKlass java/lang/CharacterData 1 1 72 1 100 1 7 1 1 12 10 1 1 1 1 1 1 1 1 1 1 1 1 1 1 1 1 1 1 1 1 1 1 1 12 10 1 1 1 1 1 1 1 1 1 7 1 1 12 9 1 7 1 12 9 1 100 1 12 9 1 100 9 1 100 9 1 100 9 1 100 9 1 1
ciInstanceKlass java/lang/CharacterDataLatin1 1 1 111 1 7 1 7 1 1 1 1 1 1 1 1 1 1 1 12 9 1 12 9 1 1 1 1 12 10 1 1 12 10 1 1 1 1 1 1 1 1 1 1 3 3 1 3 1 12 10 1 1 12 9 1 1 1 1 3 1 3 1 1 1 12 9 100 1 1 12 10 1 10 12 9 3 3 3 3 3 3 3 3 3 3 3 3 3 3 3 3 3 3 3 3 3 3 3 3 3 3 3 3 3 3 3 3 3 3 3 1 1 1
staticfield java/lang/CharacterDataLatin1 DIGITS [B 256
staticfield java/lang/CharacterDataLatin1 instance Ljava/lang/CharacterDataLatin1; java/lang/CharacterDataLatin1
staticfield java/lang/CharacterDataLatin1 A [I 256
staticfield java/lang/CharacterDataLatin1 B [C 256
instanceKlass org/eclipse/lsp4j/DiagnosticSeverity
instanceKlass ro/amiq/vhdldt/ui/editor/VhdlPartitionScanner$STATE
instanceKlass ro/amiq/dvt/ls/LanguageKindDispatcher
instanceKlass ro/amiq/dvt/ls/build/DiagnosticsManager$DiagnosticPriority
instanceKlass ro/amiq/dvt/ui/guifilters/DVTGUIFilterMatcher$GUIFilterResult
instanceKlass ro/amiq/dvt/precompiled/PrecompiledDBUtilsCommon$PrecompiledFileStatus
instanceKlass ro/amiq/dvt/ls/verissimo/VerissimoManager
instanceKlass ro/amiq/dvt/ui/guifilters/ElementType$ElementTypeLanguage
instanceKlass ro/amiq/dvt/ui/guifilters/ElementType$ElementTypeName
instanceKlass ro/amiq/dvt/ui/guifilters/GUIFilter$FilterKind
instanceKlass ro/amiq/dvt/ui/guifilters/GUIFilter$FilterType
instanceKlass ro/amiq/dvt/ui/guifilters/ViewSet$ViewName
instanceKlass ro/amiq/dvt/test/Objection
instanceKlass ro/amiq/dvt/test/ObjectionManager$DebugDestinations
instanceKlass ro/amiq/dvt/ui/trace/connections/model/TCStatement$TCStatementKind
instanceKlass ro/amiq/vlogdt/model/reflection/RfNonStandardProblem$ProblemKind
instanceKlass ro/amiq/vlogdt/model/reflection/RfNonStandardProblem
instanceKlass ro/amiq/dvt/model/reflection/semantic/extension/HidEvalConverter
instanceKlass ro/amiq/dvt/interpreter/DVTXVariableType
instanceKlass ro/amiq/dvt/model/reflection/semantic/extension/HidEvalCenter
instanceKlass ro/amiq/dvt/interpreter/IXSim$XSimMode
instanceKlass ro/amiq/dvt/ui/trace/connections/utils/TCConfiguration
instanceKlass ro/amiq/dvt/utils/XGlobalCache
instanceKlass ro/amiq/vlogdt/model/reflection/ParameterValueEvaluator$ReplaceMode
instanceKlass ro/amiq/dvt/model/reflection/DummyPort$DummyPortDirection
instanceKlass ro/amiq/vlogdt/model/reflection/predefined/RfPredefinedGate$PortPattern
instanceKlass ro/amiq/vlogdt/model/reflection/semantic/extension2/SEvaluator
instanceKlass ro/amiq/dvt/elaboration/ELConstants$EvalExceptionZone
instanceKlass ro/amiq/dvt/elaboration/core/ELResolver
instanceKlass ro/amiq/dvt/model/reflection/IRfNamedElement$ElementKind
instanceKlass ro/amiq/dvt/model/reflection/IRfNamedElement$AccessModifier
instanceKlass ro/amiq/dvt/elaboration/model/IELMemory$ELMemoryType
instanceKlass ro/amiq/dvt/model/floatingwidgets/FNotificationDirtyReason
instanceKlass ro/amiq/dvt/ui/reportissue/DVTThreadDumpCollector
instanceKlass ro/amiq/dvt/ui/reportissue/IncrementalBuildThreadDumpHandler
instanceKlass ro/amiq/vhdldt/model/reflection/semantic/extension2/SFunctionOperation$FunctionFilter
instanceKlass ro/amiq/vhdldt/model/reflection/semantic/extension2/SAttributeOperation$AttributeCategory
instanceKlass ro/amiq/vhdldt/model/reflection/semantic/extension2/SContext$VhdlContextKind
instanceKlass ro/amiq/vhdldt/model/reflection/semantic/extension2/STransformer
instanceKlass ro/amiq/vhdldt/model/reflection/semantic/extension2/SEvaluator
instanceKlass ro/amiq/dvt/model/reflection/IRfAssertExpectElement$AssertKind
instanceKlass ro/amiq/dvt/debug/ui/breakpoints/DVTBreakpointUtils
instanceKlass ro/amiq/vlogdt/parser/CompilerDirectiveKind
instanceKlass ro/amiq/dvt/buildconfig/AmsMode
instanceKlass ro/amiq/dvt/buildconfig/BuildConfigParser$InvocationPrecompiledState
instanceKlass ro/amiq/vhdldt/model/reflection/RfNonStandardProblem$ProblemKind
instanceKlass ro/amiq/vhdldt/model/reflection/RfNonStandardProblem
instanceKlass ro/amiq/dvt/model/floatingwidgets/FIncrementalNotificationTracker
instanceKlass ro/amiq/dvt/ls/LSDocumentManager
instanceKlass org/eclipse/lsp4j/FileChangeType
instanceKlass ro/amiq/dvt/memorymonitor/MemoryMonitoringType
instanceKlass ro/amiq/dvt/memorymonitor/MemoryMonitorState
instanceKlass ro/amiq/dvt/model/BuildState
instanceKlass ro/amiq/dvt/settings/DVTSFiles
instanceKlass ro/amiq/dvt/ls/build/FileMappingManager
instanceKlass ro/amiq/dvt/utils/TimeoutUtils
instanceKlass ro/amiq/dvt/buildconfig/BuildConfigParser$ExtensionOperation
instanceKlass ro/amiq/dvt/utils/DVTUtilsCommon$ReplaceSysvarsPolicy
instanceKlass ro/amiq/dvt/buildconfig/MinTypMax
instanceKlass java/util/Comparators$NaturalOrderComparator
instanceKlass ro/amiq/dvt/buildconfig/AutoconfigFileGraph$SortingCriteria
instanceKlass ro/amiq/dvt/buildconfig/AutoconfigFileGraphNode$FileDependencyType
instanceKlass ro/amiq/dvt/buildconfig/AutoConfigResult$AlgorithmKind
instanceKlass ro/amiq/dvt/buildconfig/AutoConfigResult$Status
instanceKlass ro/amiq/dvt/buildconfig/XilinxAutoconfigUtils$XilinxProjectType
instanceKlass java/nio/file/FileVisitResult
instanceKlass java/nio/file/FileTreeWalker$EventType
instanceKlass ro/amiq/dvt/buildconfig/ShallowCompileMode
instanceKlass ro/amiq/dvt/buildconfig/BuildConfigParser$InvocationKind
instanceKlass ro/amiq/dvt/buildconfig/UvmReuseEnum
instanceKlass java/nio/file/FileVisitOption
instanceKlass ro/amiq/dvt/model/preproc/PreprocProjectScanMappingsUtils
instanceKlass ro/amiq/dvt/model/preproc/PreprocDiffManager
instanceKlass ro/amiq/dvt/builders/DVTBuildConsoleCommon$MessageSink
instanceKlass ro/amiq/dvt/builders/DVTBuildCancelManager
instanceKlass ro/amiq/dvt/resources/properties/LazyPersistentPropertiesManager
instanceKlass ro/amiq/dvt/ui/views/BuildEvents
instanceKlass ro/amiq/dvt/main/IMixedBatchCompilerConstants$CompileStatus$Status
instanceKlass ro/amiq/dvt/main/OutputUtils
instanceKlass ro/amiq/dvt/flclient/impl/t
instanceKlass org/eclipse/lsp4j/MessageType
instanceKlass ro/amiq/dvt/ui/editor/highlight/HighlightKind
instanceKlass ro/amiq/dvt/ls/highlight/SemanticHighlightManager
instanceKlass ro/amiq/dvt/ls/LSMessageType
instanceKlass org/eclipse/lsp4j/TextDocumentSyncKind
instanceKlass ro/amiq/dvt/diagrams/uml/UMLDiagramConfiguration$RelationOption
instanceKlass ro/amiq/dvt/ls/preferences/PreferenceValuesMapper
instanceKlass ro/amiq/vhdldt/ui/preferences/VhdlPreferenceMapper
instanceKlass ro/amiq/vlogdt/ui/preferences/VlogPreferenceMapper
instanceKlass ro/amiq/dvt/ui/preferences/DVTPreferenceMapper
instanceKlass ro/amiq/dvt/ls/preferences/PreferenceMapper
instanceKlass ro/amiq/dvt/ls/preferences/LSPreferencesManager
instanceKlass ro/amiq/dvt/ls/JSONConverter
instanceKlass ro/amiq/dvt/ls/CLILintingParams
instanceKlass org/eclipse/lsp4j/DiagnosticTag
instanceKlass org/eclipse/lsp4j/PrepareSupportDefaultBehavior
instanceKlass org/eclipse/lsp4j/CompletionItemKind
instanceKlass org/eclipse/lsp4j/CompletionItemTag
instanceKlass org/eclipse/lsp4j/InsertTextMode
instanceKlass org/eclipse/lsp4j/SymbolTag
instanceKlass org/eclipse/lsp4j/SymbolKind
instanceKlass com/google/gson/stream/JsonToken
instanceKlass ro/amiq/dvt/flclient/impl/h
instanceKlass com/google/gson/FieldNamingPolicy
instanceKlass com/google/gson/LongSerializationPolicy
instanceKlass ro/amiq/dvt/model/compilewaivers/CompileWaiversManager
instanceKlass ro/amiq/dvt/ls/LServer$CheckCondition
instanceKlass ro/amiq/dvt/ls/LSEditorsManager
instanceKlass ro/amiq/dvt/ls/build/FileDecorationsManager
instanceKlass ro/amiq/dvt/ls/verissimo/VerissimoState
instanceKlass com/sun/beans/introspect/PropertyInfo$Name
instanceKlass com/sun/beans/util/Cache$Kind
instanceKlass java/lang/annotation/RetentionPolicy
instanceKlass ro/amiq/dvt/ls/build/BuildUtils$BuildState
instanceKlass ro/amiq/dvt/ls/build/BuildUtils
instanceKlass java/lang/Thread$State
instanceKlass ro/amiq/dvt/ls/build/BuildManager
instanceKlass ro/amiq/dvt/model/reflection/IRfActionBlockElement$BlockQualifier
instanceKlass ro/amiq/vhdldt/model/reflection/RfAttribute$AttributeKind
instanceKlass ro/amiq/dvt/model/reflection/semantic/extension/IHidOperatorConstants$OperatorType
instanceKlass ro/amiq/dvt/model/reflection/IRfTypeElement$VhdlStdType
instanceKlass ro/amiq/vhdldt/model/reflection/RfType$TypeKind
instanceKlass ro/amiq/vhdldt/model/reflection/IRfAssociatedType$AssocTypeKind
instanceKlass ro/amiq/dvt/utils/parser/Comment$CommentStyle
instanceKlass ro/amiq/vhdldt/model/reflection/ImportInfo$ImportInfoKind
instanceKlass ro/amiq/vhdldt/parser/VhdlLexerStack$VhdlLexerState
instanceKlass java/security/DrbgParameters$Capability
instanceKlass ro/amiq/dvt/DVTPlugin$Singleton
instanceKlass ro/amiq/dvt/buildconfig/BuildConfigManagerCommon$PrecompileGlobalMode
instanceKlass ro/amiq/dvt/model/reflection/semantic/extension/IHidObject$HidKind
instanceKlass ro/amiq/dvt/model/reflection/semantic/extension/HidQualifier
instanceKlass ro/amiq/dvt/model/reflection/semantic/extension/IHidOperatorConstants$OperatorKind
instanceKlass ro/amiq/dvt/model/reflection/semantic/extension/IHidImplicitConstants$ImplicitType
instanceKlass ro/amiq/dvt/model/reflection/semantic/extension2/SDataTypeCategory
instanceKlass ro/amiq/vlogdt/model/reflection/semantic/extension2/STransformer
instanceKlass ro/amiq/dvt/model/problems/Severity
instanceKlass ro/amiq/dvt/builders/DVTAutoLinkManager
instanceKlass com/sun/org/apache/xerces/internal/impl/XMLScanner$NameType
instanceKlass ro/amiq/dvt/model/reflection/semantic/extension/HidOperatorQualifier
instanceKlass ro/amiq/vlogdt/model/reflection/MethodSignatureUseCase
instanceKlass ro/amiq/vlogdt/model/reflection/RfField$ParameterKind
instanceKlass ro/amiq/dvt/utils/MaskType
instanceKlass ro/amiq/dvt/model/reflection/IRfSingleLangProject$SemanticErrorsCategory
instanceKlass ro/amiq/dvt/model/reflection/RfProjectState
instanceKlass ro/amiq/dvt/model/reflection/semantic/extension/HidFlatteningOption
instanceKlass jdk/internal/logger/BootstrapLogger$LoggingBackend
instanceKlass ro/amiq/dvt/ls/LSTracingMessageConsumer
instanceKlass ro/amiq/dvt/utils/DVTDeleteOnExit
instanceKlass ro/amiq/dvt/ls/diagnostics/LSThreadDumpCollector
instanceKlass ro/amiq/dvt/ls/LSExecutor
instanceKlass ro/amiq/dvt/ls/build/RestoreManager
instanceKlass ro/amiq/dvt/ls/verissimo/VerissimoLSUtils
instanceKlass ro/amiq/dvt/ls/build/LSIncrementalBuildManager
instanceKlass ro/amiq/dvt/ls/build/DiagnosticsManager
instanceKlass com/sun/org/apache/xerces/internal/utils/XMLSecurityPropertyManager$Property
instanceKlass com/sun/org/apache/xerces/internal/utils/XMLSecurityPropertyManager$State
instanceKlass com/sun/org/apache/xerces/internal/util/Status
instanceKlass com/sun/org/apache/xerces/internal/utils/XMLSecurityManager$NameMap
instanceKlass com/sun/org/apache/xerces/internal/utils/XMLSecurityManager$State
instanceKlass com/sun/org/apache/xerces/internal/utils/XMLSecurityManager$Limit
instanceKlass javax/xml/catalog/CatalogFeatures$State
instanceKlass jdk/xml/internal/XMLSecurityManager$NameMap
instanceKlass jdk/xml/internal/XMLSecurityManager$State
instanceKlass jdk/xml/internal/XMLSecurityManager$Processor
instanceKlass jdk/xml/internal/XMLSecurityManager$Limit
instanceKlass com/sun/org/apache/xalan/internal/utils/XMLSecurityPropertyManager$Property
instanceKlass com/sun/org/apache/xalan/internal/utils/FeaturePropertyBase$State
instanceKlass jdk/xml/internal/JdkXmlFeatures$State
instanceKlass jdk/xml/internal/JdkXmlFeatures$XmlFeature
instanceKlass javax/xml/catalog/CatalogFeatures$Feature
instanceKlass ro/amiq/dvt/buildconfig/IBuildConfigParserConstants$DisableXilinxAlteraPrecompilation
instanceKlass ro/amiq/dvt/buildconfig/ElaborationExpressionControl
instanceKlass ro/amiq/dvt/buildconfig/ElaborationKind
instanceKlass ro/amiq/dvt/buildconfig/ElaborationControl
instanceKlass ro/amiq/dvt/buildconfig/ElaborationDebugZone
instanceKlass ro/amiq/dvt/buildconfig/UnelaboratedChecksKind
instanceKlass ro/amiq/dvt/test/TestEnvironmentVarNames
instanceKlass ro/amiq/dvt/buildconfig/IncrementalElaborationKind
instanceKlass ro/amiq/dvt/ui/reportissue/DVTThreadDumpCollectorAttributes$DVTProfileAttribute
instanceKlass ro/amiq/dvt/buildconfig/IBuildConfigParserConstants$UsageBeforeDeclarationScope
instanceKlass ro/amiq/dvt/buildconfig/CheckIdKind
instanceKlass ro/amiq/dvt/buildconfig/FullChecksKind
instanceKlass ro/amiq/dvt/buildconfig/AutoconfigDebugKind
instanceKlass ro/amiq/dvt/buildconfig/IncrementalChecksKind
instanceKlass ro/amiq/dvt/model/preproc/DiffAlgorithmType
instanceKlass ro/amiq/dvt/model/preproc/PreprocMode
instanceKlass ro/amiq/dvt/buildconfig/MemoryConsumptionDebugKind
instanceKlass ro/amiq/dvt/buildconfig/PSSPrintRadix
instanceKlass ro/amiq/dvt/buildconfig/CdtFileTypeAutoMapKind
instanceKlass ro/amiq/dvt/buildconfig/CdtBuildKind
instanceKlass ro/amiq/dvt/buildconfig/IBuildConfigParserConstants$PathType
instanceKlass ro/amiq/dvt/buildconfig/IBuildConfigParserConstants$QuestaLibName
instanceKlass ro/amiq/dvt/buildconfig/IBuildConfigParserConstants$AlteraLibName
instanceKlass ro/amiq/dvt/buildconfig/IBuildConfigParserConstants$XilinxHomeType
instanceKlass ro/amiq/dvt/buildconfig/IBuildConfigParserConstants$XilinxLibName
instanceKlass ro/amiq/dvt/buildconfig/IBuildConfigParserConstants$LanguageSyntax
instanceKlass ro/amiq/dvt/buildconfig/IBuildConfigParserConstants$ToolCompat
instanceKlass ro/amiq/dvt/buildconfig/IBuildConfigParserConstants$MultipleOccurencesStrategy
instanceKlass ro/amiq/dvt/utils/DVTUtilsCommon
instanceKlass ro/amiq/dvt/buildconfig/BuildConfigManagerCommon$PersistenceMode
instanceKlass ro/amiq/vlogdt/ui/preferences/PrefConst$PreprocDirective
instanceKlass ro/amiq/dvt/diagrams/BitfieldViewMode
instanceKlass ro/amiq/dvt/diagrams/fsm/editor/actions/TransitionLabelType
instanceKlass de/cau/cs/kieler/klay/layered/properties/LayerConstraint
instanceKlass ro/amiq/dvt/diagrams/fsm/FSMDiagramConfiguration$EnforceTransitionPortsOption
instanceKlass de/cau/cs/kieler/klay/layered/p4nodes/NodePlacementStrategy
instanceKlass de/cau/cs/kieler/kiml/options/Direction
instanceKlass ro/amiq/dvt/diagrams/klay/KLayDiagramKind
instanceKlass ro/amiq/dvt/ui/views/callhierarchy/CallHierarchyComputeStrategy
instanceKlass ro/amiq/dvt/diagrams/editor/DDiagramEditorCommon$InspectLayout
instanceKlass ro/amiq/dvt/comment/formatter/DVTComment$CommentFormat
instanceKlass ro/amiq/dvt/ls/preferences/LSPreferencesInitializer
instanceKlass ro/amiq/dvt/ls/LSUtils
instanceKlass ro/amiq/dvt/ls/LSManager
instanceKlass ro/amiq/dvt/ls/LClient
instanceKlass java/util/stream/MatchOps$MatchKind
instanceKlass ro/amiq/dvt/DVTSplashInfo$State
instanceKlass java/util/regex/Pattern$Qtype
instanceKlass ro/amiq/dvt/flclient/impl/n
instanceKlass ro/amiq/dvt/flclient/impl/c
instanceKlass ro/amiq/dvt/flclient/impl/e
instanceKlass java/math/RoundingMode
instanceKlass ro/amiq/dvt/flclient/impl/r
instanceKlass ro/amiq/dvt/flclient/impl/p
instanceKlass java/time/format/TextStyle
instanceKlass java/time/format/DateTimeFormatterBuilder$SettingsParser
instanceKlass java/util/Locale$Category
instanceKlass java/time/format/ResolverStyle
instanceKlass java/time/format/SignStyle
instanceKlass java/time/temporal/JulianFields$Field
instanceKlass java/time/temporal/IsoFields$Unit
instanceKlass java/time/temporal/IsoFields$Field
instanceKlass java/time/zone/ZoneOffsetTransitionRule$TimeDefinition
instanceKlass java/time/DayOfWeek
instanceKlass java/time/Month
instanceKlass java/time/temporal/ChronoUnit
instanceKlass java/time/temporal/ChronoField
instanceKlass \u02cc/\u02cc/\u02cc/\u02cc
instanceKlass \u02cf/\u02cf/\u02cf/\u02cf
instanceKlass ro/amiq/dvt/flclient/a
instanceKlass ro/amiq/dvt/flclient/DFLI
instanceKlass ro/amiq/dvt/DVTSplashInfo
instanceKlass ro/amiq/dvt/ls/LSLicenseManager
instanceKlass ro/amiq/dvt/ls/LServer
instanceKlass sun/util/locale/provider/LocaleProviderAdapter$Type
instanceKlass ro/amiq/dvt/startup/core/DVTLogger
instanceKlass ro/amiq/dvt/ls/logger/LSQueueLogger
instanceKlass ro/amiq/dvt/ls/logger/LSLogger
instanceKlass java/lang/invoke/StringConcatFactory$Mode
instanceKlass java/lang/invoke/StringConcatFactory$Strategy
instanceKlass com/google/re2j/Inst$Op
instanceKlass com/google/re2j/Regexp$Op
instanceKlass java/text/Normalizer$Form
instanceKlass sun/security/util/KnownOIDs
instanceKlass sun/security/util/DisabledAlgorithmConstraints$Constraint$Operator
instanceKlass java/lang/System$Logger$Level
instanceKlass sun/security/rsa/RSAUtil$KeyType
instanceKlass ro/amiq/dvt/ls/LSConnectionManager
instanceKlass java/util/stream/StreamShape
instanceKlass java/util/stream/Collector$Characteristics
instanceKlass java/util/stream/StreamOpFlag$Type
instanceKlass java/util/stream/StreamOpFlag
instanceKlass ro/amiq/dvt/LanguageKind
instanceKlass java/lang/invoke/MethodHandleImpl$Intrinsic
instanceKlass java/lang/invoke/LambdaForm$BasicType
instanceKlass java/lang/invoke/LambdaForm$Kind
instanceKlass sun/invoke/util/Wrapper
instanceKlass java/lang/invoke/VarHandle$AccessMode
instanceKlass java/lang/invoke/VarHandle$AccessType
instanceKlass java/util/concurrent/TimeUnit
instanceKlass java/nio/file/LinkOption
instanceKlass sun/nio/fs/WindowsPathType
instanceKlass java/nio/file/StandardOpenOption
instanceKlass jdk/internal/module/IllegalAccessLogger$Mode
instanceKlass java/io/File$PathStatus
instanceKlass java/lang/module/ModuleDescriptor$Requires$Modifier
instanceKlass java/lang/module/ModuleDescriptor$Modifier
ciInstanceKlass java/lang/Enum 1 1 116 1 7 1 1 7 1 100 1 100 1 1 1 1 1 12 9 1 12 9 1 1 1 12 10 1 1 1 1 12 10 1 1 1 7 10 1 1 1 1 12 10 1 12 10 1 100 10 1 7 1 12 10 1 1 1 1 12 10 1 7 1 1 12 11 1 100 1 8 1 12 10 1 100 1 100 10 1 8 1 1 12 10 1 12 10 1 8 12 10 10 1 1 1 1 7 1 7 1 100 1 8 10 1 1 7 1 12 10 1 1 1 1 1 1 1
ciInstanceKlass java/lang/NoSuchFieldError 0 0 18 1 100 1 100 1 1 5 0 1 1 12 10 1 12 10 1 1
ciInstanceKlass java/lang/CharacterData00 1 1 220 1 7 1 7 1 1 1 1 1 1 1 1 1 1 1 1 8 1 1 1 1 1 12 9 12 9 12 9 1 12 9 1 12 10 1 1 12 10 1 1 1 1 1 1 1 1 1 3 3 3 3 3 3 3 3 3 3 3 3 3 3 3 3 3 3 3 3 3 3 3 3 3 3 3 3 3 3 3 3 3 3 3 3 3 3 3 3 3 3 3 3 3 3 3 3 3 3 3 3 3 3 3 3 3 3 3 3 3 3 3 3 3 3 3 3 3 3 3 3 3 3 3 3 3 3 3 3 3 3 3 1 3 3 3 3 3 3 3 3 3 3 3 3 3 1 3 12 10 1 1 1 3 3 1 1 1 1 1 1 3 1 3 1 1 1 1 12 10 12 9 7 1 1 12 10 1 1 7 1 1 12 10 12 9 10 12 9 1 8 1 7 1 1 12 10 1 8 1 8 1 7 3 3 3 3 3 3 3 3 3 3 3 3 1 100 10 1 1 1
staticfield java/lang/CharacterData00 instance Ljava/lang/CharacterData00; java/lang/CharacterData00
staticfield java/lang/CharacterData00 charMap [[[C 103 [[[C
staticfield java/lang/CharacterData00 X [C 2048
staticfield java/lang/CharacterData00 Y [C 5872
staticfield java/lang/CharacterData00 A [I 938
staticfield java/lang/CharacterData00 B [C 938
staticfield java/lang/CharacterData00 $assertionsDisabled Z 1
ciInstanceKlass org/eclipse/jface/text/IDocument 1 0 87 8 8 100 100 100 100 1 1 1 1 1 1 1 1 1 1 1 1 1 1 1 1 1 1 1 1 1 1 1 1 1 1 1 1 1 1 1 1 1 1 1 1 1 1 1 1 1 1 1 1 1 1 1 1 1 1 1 1 1 1 1 1 1 1 1 1 1 1 1 1 1 1 1 1 1 1 1 1 1 1 1 1 1 1 1 1
ciInstanceKlass org/eclipse/jface/text/BadLocationException 0 0 20 100 100 5 0 10 10 12 12 1 1 1 1 1 1 1 1 1 1 1
instanceKlass org/eclipse/jface/text/rules/BufferedRuleBasedScanner
ciInstanceKlass org/eclipse/jface/text/rules/RuleBasedScanner 1 1 146 3 7 100 100 7 7 100 100 7 100 7 100 100 100 100 7 7 9 9 9 9 9 9 9 9 9 10 10 10 10 10 10 10 10 10 11 11 11 11 11 11 11 11 12 12 12 12 12 12 12 12 12 12 12 12 12 12 12 12 12 12 12 12 12 12 12 12 12 12 1 1 1 1 1 1 1 1 1 1 1 1 1 1 1 1 1 1 1 1 1 1 1 1 1 1 1 1 1 1 1 1 1 1 1 1 1 1 1 1 1 1 1 1 1 1 1 1 1 1 1 1 1 1 1 1 1 1 1 1 1 1 1 1 1 1 1 1 1 1 1 1 1 1 1 1
instanceKlass ro/amiq/vlogdt/ui/editor/VlogPartitionScanner
instanceKlass ro/amiq/vhdldt/ui/editor/VhdlPartitionScanner
ciInstanceKlass org/eclipse/jface/text/rules/BufferedRuleBasedScanner 1 1 87 3 7 7 100 100 7 7 7 9 9 9 9 9 9 9 9 9 10 10 10 10 10 10 10 11 11 12 12 12 12 12 12 12 12 12 12 12 12 12 12 12 12 12 12 1 1 1 1 1 1 1 1 1 1 1 1 1 1 1 1 1 1 1 1 1 1 1 1 1 1 1 1 1 1 1 1 1 1 1 1 1 1 1 1 1 1
ciInstanceKlass ro/amiq/vhdldt/ui/editor/VhdlPartitionScanner 1 1 182 8 8 8 8 8 8 100 7 100 100 100 100 100 100 7 100 7 7 7 9 9 9 9 9 9 9 9 9 9 9 9 9 9 9 9 9 9 9 9 9 9 9 9 10 10 10 10 10 10 10 10 10 10 10 10 10 10 11 11 11 12 12 12 12 12 12 12 12 12 12 12 12 12 12 12 12 12 12 12 12 12 12 12 12 12 12 12 12 12 12 12 12 12 12 12 12 12 12 12 1 1 1 1 1 1 1 1 1 1 1 1 1 1 1 1 1 1 1 1 1 1 1 1 1 1 1 1 1 1 1 1 1 1 1 1 1 1 1 1 1 1 1 1 1 1 1 1 1 1 1 1 1 1 1 1 1 1 1 1 1 1 1 1 1 1 1 1 1 1 1 1 1 1 1 1 1 1 1 1 1 1
ciInstanceKlass org/eclipse/jface/text/rules/IToken 1 0 13 100 100 1 1 1 1 1 1 1 1 1 1
ciInstanceKlass ro/amiq/vhdldt/ui/editor/VhdlPartitionScanner$STATE 1 1 83 8 8 8 8 8 8 8 8 8 8 8 7 7 100 7 9 9 9 9 9 9 9 9 9 9 9 9 10 10 10 10 12 12 12 12 12 12 12 12 12 12 12 12 12 12 12 1 1 1 1 1 1 1 1 1 1 1 1 1 1 1 1 1 1 1 1 1 1 1 1 1 1 1 1 1 1 1 1 1 1 1 1
staticfield ro/amiq/vhdldt/ui/editor/VhdlPartitionScanner$STATE ML_COMMENT Lro/amiq/vhdldt/ui/editor/VhdlPartitionScanner$STATE; ro/amiq/vhdldt/ui/editor/VhdlPartitionScanner$STATE
staticfield ro/amiq/vhdldt/ui/editor/VhdlPartitionScanner$STATE SL_COMMENT Lro/amiq/vhdldt/ui/editor/VhdlPartitionScanner$STATE; ro/amiq/vhdldt/ui/editor/VhdlPartitionScanner$STATE
staticfield ro/amiq/vhdldt/ui/editor/VhdlPartitionScanner$STATE LITERAL Lro/amiq/vhdldt/ui/editor/VhdlPartitionScanner$STATE; ro/amiq/vhdldt/ui/editor/VhdlPartitionScanner$STATE
staticfield ro/amiq/vhdldt/ui/editor/VhdlPartitionScanner$STATE LITERAL_CHAR Lro/amiq/vhdldt/ui/editor/VhdlPartitionScanner$STATE; ro/amiq/vhdldt/ui/editor/VhdlPartitionScanner$STATE
staticfield ro/amiq/vhdldt/ui/editor/VhdlPartitionScanner$STATE CODE Lro/amiq/vhdldt/ui/editor/VhdlPartitionScanner$STATE; ro/amiq/vhdldt/ui/editor/VhdlPartitionScanner$STATE
staticfield ro/amiq/vhdldt/ui/editor/VhdlPartitionScanner$STATE CODE_MINUS Lro/amiq/vhdldt/ui/editor/VhdlPartitionScanner$STATE; ro/amiq/vhdldt/ui/editor/VhdlPartitionScanner$STATE
staticfield ro/amiq/vhdldt/ui/editor/VhdlPartitionScanner$STATE ML_COMMENT_STAR Lro/amiq/vhdldt/ui/editor/VhdlPartitionScanner$STATE; ro/amiq/vhdldt/ui/editor/VhdlPartitionScanner$STATE
staticfield ro/amiq/vhdldt/ui/editor/VhdlPartitionScanner$STATE CODE_SLASH Lro/amiq/vhdldt/ui/editor/VhdlPartitionScanner$STATE; ro/amiq/vhdldt/ui/editor/VhdlPartitionScanner$STATE
staticfield ro/amiq/vhdldt/ui/editor/VhdlPartitionScanner$STATE SL_COMMENT_PSL Lro/amiq/vhdldt/ui/editor/VhdlPartitionScanner$STATE; ro/amiq/vhdldt/ui/editor/VhdlPartitionScanner$STATE
staticfield ro/amiq/vhdldt/ui/editor/VhdlPartitionScanner$STATE SL_COMMENT_OR_PSL Lro/amiq/vhdldt/ui/editor/VhdlPartitionScanner$STATE; ro/amiq/vhdldt/ui/editor/VhdlPartitionScanner$STATE
staticfield ro/amiq/vhdldt/ui/editor/VhdlPartitionScanner$STATE LITERAL_PSL Lro/amiq/vhdldt/ui/editor/VhdlPartitionScanner$STATE; ro/amiq/vhdldt/ui/editor/VhdlPartitionScanner$STATE
staticfield ro/amiq/vhdldt/ui/editor/VhdlPartitionScanner$STATE a [Lro/amiq/vhdldt/ui/editor/VhdlPartitionScanner$STATE; 11 [Lro/amiq/vhdldt/ui/editor/VhdlPartitionScanner$STATE;
ciInstanceKlass org/eclipse/jface/text/rules/Token 1 1 66 3 3 3 3 7 100 100 7 9 9 9 9 9 9 10 10 10 10 12 12 12 12 12 12 12 12 12 12 1 1 1 1 1 1 1 1 1 1 1 1 1 1 1 1 1 1 1 1 1 1 1 1 1 1 1 1 1 1 1 1 1 1 1 1 1
staticfield org/eclipse/jface/text/rules/Token UNDEFINED Lorg/eclipse/jface/text/rules/IToken; org/eclipse/jface/text/rules/Token
staticfield org/eclipse/jface/text/rules/Token EOF Lorg/eclipse/jface/text/rules/IToken; org/eclipse/jface/text/rules/Token
staticfield org/eclipse/jface/text/rules/Token WHITESPACE Lorg/eclipse/jface/text/rules/IToken; org/eclipse/jface/text/rules/Token
staticfield org/eclipse/jface/text/rules/Token OTHER Lorg/eclipse/jface/text/rules/IToken; org/eclipse/jface/text/rules/Token
ciMethod java/lang/Object <init> ()V 4097 1 13062808 0 96
ciMethod java/lang/String getChars (II[CI)V 3089 1 14979 0 -1
ciMethod java/lang/Character isJavaIdentifierPart (I)Z 4097 1 118899 0 -1
ciMethod java/lang/Character isWhitespace (I)Z 3513 1 363092 0 224
ciMethod java/lang/Math max (II)I 4097 1 345438 0 -1
ciMethodData java/lang/Object <init> ()V 2 13062809 orig 80 0 2 0 0 1 0 0 0 0 0 0 0 0 0 0 0 0 0 0 0 0 0 0 0 0 0 0 0 0 0 0 0 0 0 0 0 0 0 0 0 0 0 0 0 0 0 0 0 0 0 0 0 0 0 0 0 0 0 0 0 0 0 0 0 0 0 0 0 0 0 0 0 0 0 0 0 0 0 0 0 data 4 0x0 0x9 0x1 0x0 oops 0 methods 0
ciMethod java/lang/CharacterData isWhitespace (I)Z 0 0 1 0 -1
ciMethod java/lang/CharacterData of (I)Ljava/lang/CharacterData; 2617 1 60884 0 96
ciMethod java/lang/CharacterDataLatin1 getProperties (I)I 2449 1 233718 0 96
ciMethod java/lang/CharacterDataLatin1 isWhitespace (I)Z 3625 1 5784 0 96
ciMethod java/lang/Enum ordinal ()I 1065 1 133 0 0
ciMethodData java/lang/CharacterData of (I)Ljava/lang/CharacterData; 2 60884 orig 80 71 1 0 0 1 0 0 0 0 0 0 0 0 0 0 0 0 0 0 0 0 0 0 0 0 0 0 0 0 0 0 0 0 0 0 0 0 0 1 0 0 0 0 0 0 0 0 0 0 0 0 0 0 0 0 0 0 0 0 0 0 0 0 0 0 0 0 0 0 0 0 0 0 0 0 0 0 0 0 0 data 49 0x8000000600040007 0xe 0x20 0xec80 0xf0008 0x24 0x0 0x130 0xe 0x130 0x0 0x130 0x0 0x130 0x0 0x130 0x0 0x130 0x0 0x130 0x0 0x130 0x0 0x130 0x0 0x130 0x0 0x130 0x0 0x130 0x0 0x130 0x0 0x130 0x0 0x130 0x0 0x130 0x0 0x130 0x0 0x130 0x0 0x0 0x0 0x0 0x9 0x1 0x0 oops 0 methods 0
ciMethodData java/lang/CharacterDataLatin1 getProperties (I)I 2 233718 orig 80 50 1 0 0 0 0 0 0 0 0 0 0 0 0 0 0 0 0 0 0 0 0 0 0 0 0 0 0 0 0 0 0 0 0 0 0 0 0 0 0 0 0 0 0 0 0 0 0 0 0 0 0 0 0 0 0 0 0 0 0 0 0 0 0 0 0 0 0 0 0 0 0 0 0 0 0 0 0 0 0 data 7 0x0 0x0 0x0 0x9 0x2 0x0 0x0 oops 0 methods 0
ciMethodData java/lang/Character isWhitespace (I)Z 2 366814 orig 80 182 1 0 0 0 0 0 0 0 0 0 0 0 0 0 0 0 0 0 0 6 0 0 0 0 0 0 0 0 0 0 0 0 0 0 0 0 0 0 0 0 0 0 0 0 0 0 0 0 0 0 0 0 0 0 0 0 0 0 0 0 0 0 0 0 0 0 0 0 0 0 0 0 0 0 0 0 0 0 0 data 18 0x10002 0x59727 0x8000000400050005 0x0 0x0 0x1ba4fea6fc0 0x59724 0x1ba4fea7050 0x9 0x0 0x0 0x0 0x0 0x0 0x0 0x9 0x1 0x0 oops 2 5 java/lang/CharacterDataLatin1 7 java/lang/CharacterData00 methods 0
ciMethodData java/lang/CharacterDataLatin1 isWhitespace (I)Z 2 5784 orig 80 197 1 0 0 0 0 0 0 0 0 0 0 0 0 0 0 0 0 0 0 0 0 0 0 0 0 0 0 0 0 0 0 0 0 0 0 0 0 0 0 0 0 0 0 0 0 0 0 0 0 0 0 0 0 0 0 0 0 0 0 0 0 0 0 0 0 0 0 0 0 0 0 0 0 0 0 0 0 0 0 data 24 0x20005 0x0 0x0 0x1ba4fea6fc0 0x14d3 0x0 0x0 0xe0007 0x1370 0x38 0x163 0x120003 0x163 0x18 0x0 0x0 0x0 0x0 0x0 0x0 0x9 0x2 0x0 0x0 oops 1 3 java/lang/CharacterDataLatin1 methods 0
ciMethod java/lang/CharacterData00 getProperties (I)I 3041 1 5540 0 -1
ciMethod java/lang/CharacterData00 isWhitespace (I)Z 361 1 45 0 0
ciMethod org/eclipse/jface/text/IDocument get (II)Ljava/lang/String; 0 0 1 0 -1
ciMethod ro/amiq/vhdldt/ui/editor/VhdlPartitionScanner nextToken ()Lorg/eclipse/jface/text/rules/IToken; 1385 74633 1322 0 -1
ciMethod ro/amiq/vhdldt/ui/editor/VhdlPartitionScanner read ()I 3161 1 15194 0 288
ciMethod ro/amiq/vhdldt/ui/editor/VhdlPartitionScanner unread ()V 57 1 733 0 0
ciMethod ro/amiq/vhdldt/ui/editor/VhdlPartitionScanner a ()[I 4097 1 8087 0 96
ciMethod org/eclipse/jface/text/rules/BufferedRuleBasedScanner b (I)V 17 1 82 0 0
ciMethod org/eclipse/jface/text/rules/BufferedRuleBasedScanner read ()I 3825 1 15421 0 0
ciMethod org/eclipse/jface/text/rules/BufferedRuleBasedScanner unread ()V 57 1 749 0 0
ciMethod ro/amiq/vhdldt/ui/editor/VhdlPartitionScanner$STATE values ()[Lro/amiq/vhdldt/ui/editor/VhdlPartitionScanner$STATE; 9 1 1 0 -1
ciMethod org/eclipse/jface/text/rules/Token <init> (Ljava/lang/Object;)V 1393 1 1346 0 0
ciMethodData ro/amiq/vhdldt/ui/editor/VhdlPartitionScanner read ()I 2 19260 orig 80 139 1 0 0 0 0 0 0 0 0 0 0 0 0 0 0 0 0 0 0 0 0 0 0 0 0 0 0 0 0 0 0 0 0 0 0 0 0 0 0 0 0 0 0 0 0 0 0 0 0 0 0 0 0 0 0 0 0 0 0 0 0 0 0 0 0 0 0 0 0 0 0 0 0 0 0 0 0 0 0 data 7 0x10002 0x49b1 0x0 0x0 0x9 0x1 0x0 oops 0 methods 0
ciMethodData org/eclipse/jface/text/rules/BufferedRuleBasedScanner read ()I 2 15421 orig 80 222 1 0 0 1 0 0 0 0 0 0 0 0 0 0 0 0 0 0 0 0 0 0 0 0 0 0 0 0 0 0 0 0 0 0 0 0 0 1 0 0 0 0 0 0 0 0 0 0 0 0 0 0 0 0 0 0 0 0 0 0 0 0 0 0 0 0 0 0 0 0 0 0 0 0 0 0 0 0 0 data 37 0x80000006000d0007 0x3a5e 0x20 0x2 0x240007 0x3a40 0x48 0x1e 0x2c0002 0x1e 0x2f0003 0x1e 0x68 0x3a0007 0x0 0x40 0x3a40 0x450007 0x3a40 0x30 0x0 0x4d0002 0x0 0x0 0x0 0x0 0x0 0x0 0x0 0x0 0x0 0x0 0x0 0x0 0x9 0x1 0x0 oops 0 methods 0
ciMethodData ro/amiq/vhdldt/ui/editor/VhdlPartitionScanner a ()[I 2 8087 orig 80 0 2 0 0 0 0 0 0 0 0 0 0 0 0 0 0 0 0 0 0 0 0 0 0 0 0 0 0 0 0 0 0 0 0 0 0 0 0 0 0 0 0 0 0 0 0 0 0 0 0 0 0 0 0 0 0 0 0 0 0 0 0 0 0 0 0 0 0 0 0 0 0 0 0 0 0 0 0 0 0 data 130 0x40007 0x0 0x20 0x1d97 0x90002 0x0 0x140005 0x0 0x0 0x0 0x0 0x0 0x0 0x190003 0x0 0x18 0x210005 0x0 0x0 0x0 0x0 0x0 0x0 0x270003 0x0 0x18 0x2f0005 0x0 0x0 0x0 0x0 0x0 0x0 0x350003 0x0 0x18 0x3d0005 0x0 0x0 0x0 0x0 0x0 0x0 0x420003 0x0 0x18 0x4a0005 0x0 0x0 0x0 0x0 0x0 0x0 0x4f0003 0x0 0x18 0x570005 0x0 0x0 0x0 0x0 0x0 0x0 0x5d0003 0x0 0x18 0x650005 0x0 0x0 0x0 0x0 0x0 0x0 0x6a0003 0x0 0x18 0x720005 0x0 0x0 0x0 0x0 0x0 0x0 0x780003 0x0 0x18 0x800005 0x0 0x0 0x0 0x0 0x0 0x0 0x850003 0x0 0x18 0x8d0005 0x0 0x0 0x0 0x0 0x0 0x0 0x930003 0x0 0x18 0x9b0005 0x0 0x0 0x0 0x0 0x0 0x0 0xa10003 0x0 0x18 0x0 0x0 0x0 0x0 0x0 0x0 0x0 0x0 0x0 0x0 0x0 0x0 0x9 0x0 oops 0 methods 0
ciMethodData ro/amiq/vhdldt/ui/editor/VhdlPartitionScanner nextToken ()Lorg/eclipse/jface/text/rules/IToken; 2 34375 orig 80 113 36 0 0 0 0 0 0 0 0 0 0 0 0 0 0 0 0 0 0 0 0 0 0 0 0 0 0 0 0 0 0 0 0 0 0 0 0 0 0 0 0 0 0 0 0 0 0 0 0 0 0 0 0 0 0 0 0 0 0 0 0 0 0 0 0 0 0 0 0 0 0 0 0 0 0 0 0 0 0 data 773 0x40007 0x0 0x38 0x47f 0x210003 0x47f 0x18 0x420003 0x47f 0x1218 0x4f0002 0x613d 0x560005 0x613d 0x0 0x0 0x0 0x0 0x0 0x5a0008 0x18 0x0 0x1128 0x0 0x888 0x26f4 0x9f8 0x12 0x618 0x2c6 0x7c8 0x347f 0xd0 0xf7 0x5b0 0x0 0x970 0x2 0x4d8 0x0 0xe48 0x1f9 0xb30 0x0 0x1070 0x980007 0x0 0xb0 0x347f 0xa20007 0x347f 0x90 0x0 0xab0007 0x0 0x40 0x0 0xb40007 0x0 0x50 0x0 0xbd0007 0x0 0x320 0x0 0xda0002 0x0 0xe40007 0x3388 0x38 0xf7 0xee0003 0xf7 0x2d0 0xf70007 0x3386 0x38 0x2 0x1010003 0x2 0x298 0x1080007 0x0 0x280 0x3386 0x1110007 0x3383 0x50 0x3 0x1210007 0x0 0x240 0x3 0x1390002 0x3 0x1430007 0x3220 0x210 0x163 0x1470005 0x0 0x0 0x1ba528672c0 0x163 0x0 0x0 0x14e0007 0x163 0x50 0x0 0x1550002 0x0 0x1580007 0x0 0x150 0x0 0x15c0005 0x0 0x0 0x1ba528672c0 0x163 0x0 0x0 0x1630007 0x0 0xc0 0x163 0x1730007 0x0 0xa0 0x163 0x1770005 0x0 0x0 0x1ba528672c0 0x163 0x0 0x0 0x17b0005 0x0 0x0 0x1ba528672c0 0x163 0x0 0x0 0x1930002 0x163 0x1980005 0x0 0x0 0x0 0x0 0x0 0x0 0x19c0005 0x0 0x0 0x0 0x0 0x0 0x0 0x1a60007 0xf9 0xcb8 0x3220 0x1ad0002 0x3220 0x1b00007 0x1876 0xc88 0x19aa 0x1bb0003 0x19aa 0xc68 0x1c40007 0x2 0x50 0x0 0x1d40007 0x0 0xc30 0x0 0x1ec0002 0x0 0x1f60007 0x2 0x38 0x0 0x2000003 0x0 0xbe0 0x2090007 0x2 0x38 0x0 0x2130003 0x0 0xba8 0x21d0003 0x2 0xb90 0x2260007 0x1 0x50 0xf6 0x2360007 0x3b 0xb58 0xbb 0x24e0002 0xbb 0x2590003 0x1 0xb28 0x2600007 0x0 0xb0 0x12 0x26a0007 0x12 0x90 0x0 0x2730007 0x0 0x40 0x0 0x27c0007 0x0 0x50 0x0 0x2850007 0x0 0xa90 0x0 0x29d0002 0x0 0x2a50007 0x0 0xa60 0x12 0x2ae0007 0x0 0x60 0x12 0x2b50007 0x0 0x70 0x12 0x2be0007 0x12 0x50 0x0 0x2cc0007 0x0 0x9e0 0x0 0x2d50002 0x0 0x2df0007 0xf 0x9b0 0x3 0x2ed0007 0x0 0x990 0x3 0x2f60002 0x3 0x3000007 0x0 0x40 0x2c6 0x3090007 0x2c6 0x50 0x0 0x3170007 0x0 0x920 0x0 0x3200002 0x0 0x32a0007 0x163 0x8f0 0x163 0x3380007 0x0 0x8d0 0x163 0x3410002 0x163 0x3490007 0x0 0xb0 0x0 0x3530007 0x0 0x90 0x0 0x35c0007 0x0 0x40 0x0 0x3650007 0x0 0x50 0x0 0x36e0007 0x0 0x820 0x0 0x3860002 0x0 0x3900007 0x0 0x7f0 0x0 0x39a0003 0x0 0x7d0 0x3a30007 0x0 0x7b8 0x0 0x3ac0007 0x0 0x50 0x0 0x3ba0007 0x0 0x778 0x0 0x3c30002 0x0 0x3ce0003 0x0 0x748 0x3d70007 0xf5 0x40 0x2601 0x3e00007 0x2601 0x710 0x0 0x3e90007 0x0 0xc8 0xf5 0x3ed0005 0x0 0x0 0x1ba528672c0 0xf5 0x0 0x0 0x3f20007 0x0 0x38 0xf5 0x3ff0003 0xf5 0x50 0x4030005 0x0 0x0 0x0 0x0 0x0 0x0 0x4110007 0x0 0x628 0xf5 0x41a0002 0xf5 0x4240007 0x0 0x40 0x1f9 0x42d0007 0x1f9 0x70 0x0 0x4310005 0x0 0x0 0x0 0x0 0x0 0x0 0x4450003 0x0 0x580 0x44e0007 0x1eb 0x240 0xe 0x4520005 0x0 0x0 0x1ba528672c0 0xe 0x0 0x0 0x4630007 0x9 0x198 0x5 0x4670005 0x0 0x0 0x1ba528672c0 0x5 0x0 0x0 0x4780007 0x5 0xf0 0x0 0x47c0005 0x0 0x0 0x0 0x0 0x0 0x0 0x48b0002 0x0 0x48e0007 0x0 0x38 0x0 0x49a0003 0x0 0x430 0x49e0005 0x0 0x0 0x0 0x0 0x0 0x0 0x4b20003 0x0 0x3e0 0x4b60005 0x0 0x0 0x1ba528672c0 0x5 0x0 0x0 0x4ca0003 0x5 0x390 0x4ce0005 0x0 0x0 0x1ba528672c0 0x9 0x0 0x0 0x4e20003 0x9 0x340 0x4e90002 0x1eb 0x4ec0007 0x103 0x318 0xe8 0x4f60003 0xe8 0x2f8 0x4ff0007 0x0 0x60 0x0 0x5080007 0x0 0x40 0x0 0x5110007 0x0 0x38 0x0 0x5170003 0x0 0x280 0x5200007 0x0 0x60 0x0 0x5290007 0x0 0x40 0x0 0x5320007 0x0 0x38 0x0 0x5380003 0x0 0x208 0x5410007 0x0 0x40 0x0 0x54a0007 0x0 0x70 0x0 0x54e0007 0x0 0x50 0x0 0x55c0007 0x0 0x190 0x0 0x5650002 0x0 0x5760007 0x0 0x50 0x0 0x5840007 0x0 0x140 0x0 0x58d0002 0x0 0x5950007 0x0 0x110 0x0 0x59e0007 0x0 0xf0 0x0 0x5a80003 0x0 0xd0 0x5af0007 0x0 0xb8 0x0 0x5b80007 0x0 0x60 0x0 0x5bf0007 0x0 0x58 0x0 0x5c80007 0x0 0x38 0x0 0x5d20003 0x0 0x38 0x5db0007 0x0 0x20 0x0 0x5ea0007 0x0 0x58 0x5cc5 0x5f30007 0x5cc5 0x38 0x0 0x5f70003 0x0 0x18 0x6050007 0x5b3a 0x38 0x18b 0x6090003 0x18b 0x18 0x6120005 0x0 0x0 0x1ba528672c0 0x6144 0x0 0x0 0x61a0007 0x6141 0xffffffffffffedc8 0x2 0x6210007 0x1 0x168 0x1 0x6240002 0x1 0x62b0005 0x1 0x0 0x0 0x0 0x0 0x0 0x62f0008 0x14 0x0 0xf0 0x0 0xe0 0x0 0xf0 0x0 0xd0 0x0 0xf0 0x1 0xb0 0x0 0xb0 0x0 0xe0 0x0 0xb0 0x0 0xc0 0x6660002 0x1 0x6700002 0x0 0x67a0002 0x0 0x6840002 0x0 0x68e0002 0x0 0x0 0x0 0x0 0x0 0x0 0x0 0x0 0x0 0x0 0x0 0x0 0x0 0x0 0x0 0x0 0x0 0x0 0x0 0x0 0x0 0x0 0x0 0x0 0x0 0x0 0x0 0x0 0x0 0x0 0x0 0x0 0x0 0x0 0x0 0x0 0x0 0x0 0x0 0x0 0x0 0x0 0x0 0x0 0x0 0x0 0x0 0x0 0x0 0x0 0x0 0x0 0x0 0x0 0x0 0x0 0x0 0x0 0x0 0x0 0x0 0x0 0x0 0x0 0x0 0x0 0x0 0x0 0x0 0x0 0x0 0x0 0x0 0x0 0x0 0x0 0x0 0x0 0x0 0x0 0x0 0x0 0x0 0x0 0x0 0x0 0x0 0x0 0x0 0x0 0x0 0x0 0x0 0x0 0x0 0x0 0x0 0x0 0x0 0x0 0x0 0x0 0x0 0x0 0x0 0x0 0x0 0x0 0x0 0x0 0x0 0x0 0x0 0x0 0x0 0x0 0x0 0x0 0x0 0x0 0x0 0x0 0x0 0x0 0x0 0x0 0x0 0x0 0x0 0x9 0x1 0x0 oops 10 102 ro/amiq/vhdldt/ui/editor/VhdlPartitionScanner 119 ro/amiq/vhdldt/ui/editor/VhdlPartitionScanner 134 ro/amiq/vhdldt/ui/editor/VhdlPartitionScanner 141 ro/amiq/vhdldt/ui/editor/VhdlPartitionScanner 353 ro/amiq/vhdldt/ui/editor/VhdlPartitionScanner 402 ro/amiq/vhdldt/ui/editor/VhdlPartitionScanner 413 ro/amiq/vhdldt/ui/editor/VhdlPartitionScanner 450 ro/amiq/vhdldt/ui/editor/VhdlPartitionScanner 460 ro/amiq/vhdldt/ui/editor/VhdlPartitionScanner 589 ro/amiq/vhdldt/ui/editor/VhdlPartitionScanner methods 0
ciMethodData org/eclipse/jface/text/rules/Token <init> (Ljava/lang/Object;)V 2 2006 orig 80 174 0 0 0 0 0 0 0 0 0 0 0 0 0 0 0 0 0 0 0 0 0 0 0 0 0 0 0 0 0 0 0 0 0 0 0 0 0 0 0 0 0 0 0 0 0 0 0 0 0 0 0 0 0 0 0 0 0 0 0 0 0 0 0 0 0 0 0 0 0 0 0 0 0 0 0 0 0 0 0 data 10 0x10002 0x728 0x0 0x0 0x0 0x0 0x9 0x2 0x0 0x0 oops 0 methods 0
ciMethodData ro/amiq/vhdldt/ui/editor/VhdlPartitionScanner unread ()V 1 749 orig 80 7 0 0 0 0 0 0 0 0 0 0 0 0 0 0 0 0 0 0 0 0 0 0 0 0 0 0 0 0 0 0 0 0 0 0 0 0 0 0 0 0 0 0 0 0 0 0 0 0 0 0 0 0 0 0 0 0 0 0 0 0 0 0 0 0 0 0 0 0 0 0 0 0 0 0 0 0 0 0 0 data 7 0x10002 0x2e6 0x0 0x0 0x9 0x1 0x0 oops 0 methods 0
compile ro/amiq/vhdldt/ui/editor/VhdlPartitionScanner nextToken ()Lorg/eclipse/jface/text/rules/IToken; -1 4 inline 45 0 -1 ro/amiq/vhdldt/ui/editor/VhdlPartitionScanner nextToken ()Lorg/eclipse/jface/text/rules/IToken; 1 1554 ro/amiq/vhdldt/ui/editor/VhdlPartitionScanner read ()I 2 1 org/eclipse/jface/text/rules/BufferedRuleBasedScanner read ()I 1 79 ro/amiq/vhdldt/ui/editor/VhdlPartitionScanner a ()[I 1 86 java/lang/Enum ordinal ()I 1 1106 ro/amiq/vhdldt/ui/editor/VhdlPartitionScanner read ()I 2 1 org/eclipse/jface/text/rules/BufferedRuleBasedScanner read ()I 1 1127 ro/amiq/vhdldt/ui/editor/VhdlPartitionScanner read ()I 2 1 org/eclipse/jface/text/rules/BufferedRuleBasedScanner read ()I 1 1148 ro/amiq/vhdldt/ui/editor/VhdlPartitionScanner read ()I 2 1 org/eclipse/jface/text/rules/BufferedRuleBasedScanner read ()I 1 1182 ro/amiq/vhdldt/ui/editor/VhdlPartitionScanner unread ()V 1 1206 ro/amiq/vhdldt/ui/editor/VhdlPartitionScanner unread ()V 1 1230 ro/amiq/vhdldt/ui/editor/VhdlPartitionScanner unread ()V 1 1257 java/lang/Character isWhitespace (I)Z 2 1 java/lang/CharacterData of (I)Ljava/lang/CharacterData; 2 5 java/lang/CharacterDataLatin1 isWhitespace (I)Z 3 2 java/lang/CharacterDataLatin1 getProperties (I)I 1 590 org/eclipse/jface/text/rules/Token <init> (Ljava/lang/Object;)V 2 1 java/lang/Object <init> ()V 1 313 org/eclipse/jface/text/rules/Token <init> (Ljava/lang/Object;)V 2 1 java/lang/Object <init> ()V 1 327 ro/amiq/vhdldt/ui/editor/VhdlPartitionScanner read ()I 2 1 org/eclipse/jface/text/rules/BufferedRuleBasedScanner read ()I 1 348 ro/amiq/vhdldt/ui/editor/VhdlPartitionScanner read ()I 2 1 org/eclipse/jface/text/rules/BufferedRuleBasedScanner read ()I 1 375 ro/amiq/vhdldt/ui/editor/VhdlPartitionScanner unread ()V 1 379 ro/amiq/vhdldt/ui/editor/VhdlPartitionScanner unread ()V 1 403 org/eclipse/jface/text/rules/Token <init> (Ljava/lang/Object;)V 2 1 java/lang/Object <init> ()V 1 429 java/lang/Character isWhitespace (I)Z 2 1 java/lang/CharacterData of (I)Ljava/lang/CharacterData; 2 5 java/lang/CharacterDataLatin1 isWhitespace (I)Z 3 2 java/lang/CharacterDataLatin1 getProperties (I)I 1 833 org/eclipse/jface/text/rules/Token <init> (Ljava/lang/Object;)V 2 1 java/lang/Object <init> ()V 1 758 org/eclipse/jface/text/rules/Token <init> (Ljava/lang/Object;)V 2 1 java/lang/Object <init> ()V 1 1005 ro/amiq/vhdldt/ui/editor/VhdlPartitionScanner read ()I 2 1 org/eclipse/jface/text/rules/BufferedRuleBasedScanner read ()I 1 1050 org/eclipse/jface/text/rules/Token <init> (Ljava/lang/Object;)V 2 1 java/lang/Object <init> ()V 1 1579 java/lang/Enum ordinal ()I 1 1638 org/eclipse/jface/text/rules/Token <init> (Ljava/lang/Object;)V 2 1 java/lang/Object <init> ()V
